[2025-05-15 10:51:31,575: INFO: dsd_loader: Processing file]
[2025-05-15 10:51:31,575: INFO: dsd_loader: ----------------------------s-------------------------------------------------]
[2025-05-15 10:51:31,575: INFO: dsd_loader: The file '/home/lamisplus/server/temp/EVCDM84gVrc/prep_eligibility_0_20250510095029_decrypted.json' exists.]
[2025-05-15 10:51:31,737: INFO: dsd_loader: successfully updated start_time, file_name and stg_table in sync_file]
[2025-05-15 10:51:31,738: INFO: dsd_loader: Processing file]
[2025-05-15 10:51:31,788: INFO: dsd_loader: prep_eligibility_0_20250510095029_decrypted.json yet to be loaded]
[2025-05-15 10:51:31,803: INFO: dsd_loader: (successfully inserted records into file_ingestion_log]
[2025-05-15 10:51:31,804: INFO: dsd_loader: prep_eligibility_0_20250510095029_decrypted.json logs inserted into file_ingestion_log]
[2025-05-15 10:51:31,978: INFO: dsd_loader: successfully updated start_time, file_name and stg_table in sync_file]
[2025-05-15 10:51:31,978: INFO: dsd_loader: prep_eligibility_0_20250510095029_decrypted.json logs updated into sync_file]
[2025-05-15 10:51:31,978: INFO: dsd_loader: prep_eligibility_0_20250510095029_decrypted.json attempting to load]
[2025-05-15 10:51:32,063: ERROR: dsd_loader: An unexpected error occurred: column "prepeligib0_lft_conducted" of relation "stg_prep_eligibility" does not exist
LINE 1: ..., assessment_for_acute_hiv_infection, created_by, prepeligib...
                                                             ^
]
[2025-05-15 10:51:32,063: INFO: dsd_loader: -------------------------------------------]
[2025-05-15 10:51:32,064: INFO: dsd_loader: json files successfully processed]
[2025-05-15 10:53:25,521: INFO: dsd_loader: Processing file]
[2025-05-15 10:53:25,522: INFO: dsd_loader: ----------------------------s-------------------------------------------------]
[2025-05-15 10:53:25,522: INFO: dsd_loader: The file '/home/lamisplus/server/temp/EVCDM84gVrc/prep_eligibility_0_20250512215553_decrypted.json' exists.]
[2025-05-15 10:53:25,721: INFO: dsd_loader: successfully updated start_time, file_name and stg_table in sync_file]
[2025-05-15 10:53:25,722: INFO: dsd_loader: Processing file]
[2025-05-15 10:53:25,784: INFO: dsd_loader: prep_eligibility_0_20250512215553_decrypted.json yet to be loaded]
[2025-05-15 10:53:25,811: INFO: dsd_loader: (successfully inserted records into file_ingestion_log]
[2025-05-15 10:53:25,812: INFO: dsd_loader: prep_eligibility_0_20250512215553_decrypted.json logs inserted into file_ingestion_log]
[2025-05-15 10:53:25,976: INFO: dsd_loader: successfully updated start_time, file_name and stg_table in sync_file]
[2025-05-15 10:53:25,977: INFO: dsd_loader: prep_eligibility_0_20250512215553_decrypted.json logs updated into sync_file]
[2025-05-15 10:53:25,977: INFO: dsd_loader: prep_eligibility_0_20250512215553_decrypted.json attempting to load]
[2025-05-15 10:53:26,068: ERROR: dsd_loader: An unexpected error occurred: column "prepeligib0_lft_conducted" of relation "stg_prep_eligibility" does not exist
LINE 1: ..., assessment_for_acute_hiv_infection, created_by, prepeligib...
                                                             ^
]
[2025-05-15 10:53:26,068: INFO: dsd_loader: -------------------------------------------]
[2025-05-15 10:53:26,068: INFO: dsd_loader: json files successfully processed]
[2025-05-24 15:56:18,511: INFO: dsd_loader: json files successfully processed]
[2025-05-24 15:59:48,085: INFO: file_loader: json files successfully processed]
[2025-05-24 16:03:05,308: INFO: file_loader: Processing file]
[2025-05-24 16:03:05,309: INFO: file_loader: ----------------------------s-------------------------------------------------]
[2025-05-24 16:03:05,309: INFO: file_loader: The file '/home/lamisplus/server/temp/fVcjpsyeO4q/prep_interruption_0_20250523074639_decrypted.json' exists.]
[2025-05-24 16:03:05,943: INFO: file_loader: successfully updated start_time, file_name and stg_table in sync_file]
[2025-05-24 16:03:05,943: INFO: file_loader: Processing file]
[2025-05-24 16:03:06,026: INFO: file_loader: prep_interruption_0_20250523074639_decrypted.json yet to be loaded]
[2025-05-24 16:03:06,046: INFO: file_loader: (successfully inserted records into file_ingestion_log]
[2025-05-24 16:03:06,046: INFO: file_loader: prep_interruption_0_20250523074639_decrypted.json logs inserted into file_ingestion_log]
[2025-05-24 16:03:06,046: INFO: file_loader: prep_interruption_0_20250523074639_decrypted.json attempting to load]
[2025-05-24 16:03:06,172: INFO: file_loader: " " successfully replace with NA]
[2025-05-24 16:03:06,207: ERROR: file_loader: An unexpected error occurred: (psycopg2.errors.UndefinedColumn) column "previous_prep_status" of relation "stg_prep_interruption" does not exist
LINE 1: ...t, archived, reason_stopped, date_sero_converted, previous_p...
                                                             ^

[SQL: INSERT INTO stg_prep_interruption (cause_of_death, source_of_death_info, person_uuid, encounter_date, uuid, interruption_type, link_to_art, archived, reason_stopped, date_sero_converted, previous_prep_status, extra, interruption_date, facility_id, reason_stopped_others, id, date_client_died, date_client_referred_out, date_restart_placed_back_medication, date_created, prep_enrollment_uuid, created_by, facility_referred_to, interruption_reason, date_modified, modified_by, reason_for_prep_discontinuation, stg_batch_id, stg_load_time, stg_file_name, stg_datim_id) VALUES (%(cause_of_death)s, %(source_of_death_info)s, %(person_uuid)s, %(encounter_date)s, %(uuid)s, %(interruption_type)s, %(link_to_art)s, %(archived)s, %(reason_stopped)s, %(date_sero_converted)s, %(previous_prep_status)s, %(extra)s, %(interruption_date)s, %(facility_id)s, %(reason_stopped_others)s, %(id)s, %(date_client_died)s, %(date_client_referred_out)s, %(date_restart_placed_back_medication)s, %(date_created)s, %(prep_enrollment_uuid)s, %(created_by)s, %(facility_referred_to)s, %(interruption_reason)s, %(date_modified)s, %(modified_by)s, %(reason_for_prep_discontinuation)s, %(stg_batch_id)s, %(stg_load_time)s, %(stg_file_name)s, %(stg_datim_id)s)]
[parameters: {'cause_of_death': 'Non-natural causes', 'source_of_death_info': 'BANDITARY ATTACK', 'person_uuid': '25a95df7-04ca-4ba9-9f81-b560a98428fa', 'encounter_date': None, 'uuid': 'e7b3e432-c518-4a47-a4e2-cdf228908eec', 'interruption_type': 'PREP_STATUS_DEAD', 'link_to_art': None, 'archived': 0, 'reason_stopped': None, 'date_sero_converted': None, 'previous_prep_status': None, 'extra': 'null', 'interruption_date': '2023-07-25', 'facility_id': 1971, 'reason_stopped_others': None, 'id': 1, 'date_client_died': '2023-07-25', 'date_client_referred_out': None, 'date_restart_placed_back_medication': None, 'date_created': '2023-08-01 16:50:00.21', 'prep_enrollment_uuid': None, 'created_by': 'guest@lamisplus.org', 'facility_referred_to': None, 'interruption_reason': None, 'date_modified': '2023-08-01 16:50:00.21', 'modified_by': 'guest@lamisplus.org', 'reason_for_prep_discontinuation': None, 'stg_batch_id': '20250523074639', 'stg_load_time': datetime.datetime(2025, 5, 24, 16, 3, 6, 135584), 'stg_file_name': 'prep_interruption_0_20250523074639_decrypted.json', 'stg_datim_id': 'fVcjpsyeO4q'}]
(Background on this error at: https://sqlalche.me/e/14/f405)]
[2025-05-24 16:03:06,208: INFO: file_loader: Processing file]
[2025-05-24 16:03:06,208: INFO: file_loader: ----------------------------s-------------------------------------------------]
[2025-05-24 16:03:06,208: INFO: file_loader: The file '/home/lamisplus/server/temp/t03z3S4HMeX/biometric_101_20250523113716_decrypted.json' exists.]
[2025-05-24 16:03:06,594: INFO: file_loader: successfully updated start_time, file_name and stg_table in sync_file]
[2025-05-24 16:03:06,594: INFO: file_loader: Processing file]
[2025-05-24 16:03:06,638: INFO: file_loader: biometric_101_20250523113716_decrypted.json previously failed to load]
[2025-05-24 16:03:06,638: INFO: file_loader: biometric_101_20250523113716_decrypted.json attempting to reload]
[2025-05-24 16:03:06,846: INFO: file_loader: " " successfully replace with NA]
[2025-05-24 16:03:07,363: INFO: file_loader: biometric_101_20250523113716_decrypted.json successfully ingested into stg_biometric table]
[2025-05-24 16:03:07,380: INFO: file_loader: file ingestion_log successfully updated]
[2025-05-24 16:03:07,413: INFO: file_loader: Sync File log updated for 0a16d823-f920-4574-93b5-84cc0e3e1c0c successfully]
[2025-05-24 16:03:07,444: INFO: file_loader: Processing file]
[2025-05-24 16:03:07,444: INFO: file_loader: ----------------------------s-------------------------------------------------]
[2025-05-24 16:03:07,444: INFO: file_loader: The file '/home/lamisplus/server/temp/fVcjpsyeO4q/hts_pns_index_client_partner_0_20250523074639_decrypted.json' exists.]
[2025-05-24 16:03:07,755: INFO: file_loader: successfully updated start_time, file_name and stg_table in sync_file]
[2025-05-24 16:03:07,756: INFO: file_loader: Processing file]
[2025-05-24 16:03:07,808: INFO: file_loader: hts_pns_index_client_partner_0_20250523074639_decrypted.json yet to be loaded]
[2025-05-24 16:03:07,823: INFO: file_loader: (successfully inserted records into file_ingestion_log]
[2025-05-24 16:03:07,823: INFO: file_loader: hts_pns_index_client_partner_0_20250523074639_decrypted.json logs inserted into file_ingestion_log]
[2025-05-24 16:03:07,823: INFO: file_loader: hts_pns_index_client_partner_0_20250523074639_decrypted.json attempting to load]
[2025-05-24 16:03:07,927: INFO: file_loader: " " successfully replace with NA]
[2025-05-24 16:03:07,995: ERROR: file_loader: An unexpected error occurred: (psycopg2.errors.UndefinedColumn) column "date_of_elicitation" of relation "stg_hts_pns_index_client_partner" does not exist
LINE 1: ...onship_with_index_client, date_enrollment_on_art, date_of_el...
                                                             ^

[SQL: INSERT INTO stg_hts_pns_index_client_partner (hts_client_uuid, relationship_with_index_client, date_enrollment_on_art, date_of_elicitation, hiv_test_result, accepted_hts, uuid, intermediate_partner_violence, archived, partner_id, date_partner_tested, other_reason_for_decline, accepted_pns, facility_id, alternate_phone_number, id, first_name, address, index_client_id, offered_pns, reason_for_decline, date_created, sex, hts_client_information, last_name, middle_name, created_by, contact_tracing, is_htsclient, notification_method, date_modified, known_hiv_positive, dob, modified_by, phone_number, stg_batch_id, stg_load_time, stg_file_name, stg_datim_id) VALUES (%(hts_client_uuid)s, %(relationship_with_index_client)s, %(date_enrollment_on_art)s, %(date_of_elicitation)s, %(hiv_test_result)s, %(accepted_hts)s, %(uuid)s, %(intermediate_partner_violence)s, %(archived)s, %(partner_id)s, %(date_partner_tested)s, %(other_reason_for_decline)s, %(accepted_pns)s, %(facility_id)s, %(alternate_phone_number)s, %(id)s, %(first_name)s, %(address)s, %(index_client_id)s, %(offered_pns)s, %(reason_for_decline)s, %(date_created)s, %(sex)s, %(hts_client_information)s, %(last_name)s, %(middle_name)s, %(created_by)s, %(contact_tracing)s, %(is_htsclient)s, %(notification_method)s, %(date_modified)s, %(known_hiv_positive)s, %(dob)s, %(modified_by)s, %(phone_number)s, %(stg_batch_id)s, %(stg_load_time)s, %(stg_file_name)s, %(stg_datim_id)s)]
[parameters: ({'hts_client_uuid': '9b62a5f3-dc20-4c63-8172-b618a6a431ea', 'relationship_with_index_client': None, 'date_enrollment_on_art': None, 'date_of_elicitation': None, 'hiv_test_result': None, 'accepted_hts': None, 'uuid': '6e87487f-e386-4d47-bacb-744c1acc466e', 'intermediate_partner_violence': '{"type": "jsonb", "value": "{\\"ForcedSexualActsSexual\\": \\"\\", \\"DeprivedOfBasicNeedsEmotional\\": \\"\\", \\"DeniedBasicNecessitiesForHealthcareEmotional\\": \\"\\"}", "null": true}', 'archived': 0, 'partner_id': 'C612//6/2024/ZM/WHE/107/2235/001', 'date_partner_tested': None, 'other_reason_for_decline': None, 'accepted_pns': 'No', 'facility_id': 1971, 'alternate_phone_number': None, 'id': 2, 'first_name': 'MUDASIR', 'address': None, 'index_client_id': None, 'offered_pns': 'Yes', 'reason_for_decline': None, 'date_created': '2024-07-18 15:40:49.161', 'sex': 1, 'hts_client_information': '{"type": "jsonb", "value": "{\\"partnerAge\\": \\"\\", \\"partnerSex\\": \\"\\", \\"partnerName\\": \\"\\", \\"freedomDenial\\": \\"\\", \\"maritalSt ... (581 characters truncated) ... firmedHiv\\": \\"\\", \\"descriptiveResidentialAddress\\": \\"Bayan C.G.C\\", \\"numberOfPartnerIdentifiedFromClientIndex\\": \\"\\"}", "null": true}', 'last_name': 'MUHAMMAD ', 'middle_name': None, 'created_by': 'guest@lamisplus.org', 'contact_tracing': '{"type": "jsonb", "value": "{\\"numberOfAttempt\\": \\"\\", \\"partnerPhoneNumber\\": \\"\\"}", "null": true}', 'is_htsclient': None, 'notification_method': None, 'date_modified': '2024-07-18 15:40:49.161', 'known_hiv_positive': None, 'dob': '1998-07-17', 'modified_by': 'guest@lamisplus.org', 'phone_number': 8067909940, 'stg_batch_id': '20250523074639', 'stg_load_time': datetime.datetime(2025, 5, 24, 16, 3, 7, 895989), 'stg_file_name': 'hts_pns_index_client_partner_0_20250523074639_decrypted.json', 'stg_datim_id': 'fVcjpsyeO4q'}, {'hts_client_uuid': '764aa78e-6d39-48d6-97fc-3379edbe53dd', 'relationship_with_index_client': None, 'date_enrollment_on_art': None, 'date_of_elicitation': None, 'hiv_test_result': None, 'accepted_hts': None, 'uuid': 'fa3877a8-fcf9-4642-b959-c4684585a855', 'intermediate_partner_violence': '{"type": "jsonb", "value": "{\\"ForcedSexualActsSexual\\": \\"\\", \\"DeprivedOfBasicNeedsEmotional\\": \\"\\", \\"DeniedBasicNecessitiesForHealthcareEmotional\\": \\"\\"}", "null": true}', 'archived': 0, 'partner_id': 'C612//6/2024/ZM/WHE/107/2237/001', 'date_partner_tested': None, 'other_reason_for_decline': None, 'accepted_pns': 'No', 'facility_id': 1971, 'alternate_phone_number': None, 'id': 3, 'first_name': 'AUWAL', 'address': None, 'index_client_id': None, 'offered_pns': 'Yes', 'reason_for_decline': None, 'date_created': '2024-07-18 15:53:16.383', 'sex': 1, 'hts_client_information': '{"type": "jsonb", "value": "{\\"partnerAge\\": \\"\\", \\"partnerSex\\": \\"\\", \\"partnerName\\": \\"\\", \\"freedomDenial\\": \\"\\", \\"maritalSt ... (597 characters truncated) ... "\\", \\"descriptiveResidentialAddress\\": \\"0pp 0ne time talalar mafara\\", \\"numberOfPartnerIdentifiedFromClientIndex\\": \\"\\"}", "null": true}', 'last_name': 'MUHAMMAD ', 'middle_name': 'BABANGIDA', 'created_by': 'guest@lamisplus.org', 'contact_tracing': '{"type": "jsonb", "value": "{\\"numberOfAttempt\\": \\"\\", \\"partnerPhoneNumber\\": \\"\\"}", "null": true}', 'is_htsclient': None, 'notification_method': None, 'date_modified': '2024-07-18 15:53:16.383', 'known_hiv_positive': None, 'dob': '1996-03-04', 'modified_by': 'guest@lamisplus.org', 'phone_number': 8101828177, 'stg_batch_id': '20250523074639', 'stg_load_time': datetime.datetime(2025, 5, 24, 16, 3, 7, 895989), 'stg_file_name': 'hts_pns_index_client_partner_0_20250523074639_decrypted.json', 'stg_datim_id': 'fVcjpsyeO4q'}, {'hts_client_uuid': '10887a15-11b7-4ade-9898-54342038455b', 'relationship_with_index_client': None, 'date_enrollment_on_art': None, 'date_of_elicitation': None, 'hiv_test_result': None, 'accepted_hts': None, 'uuid': '5a207608-fe50-4399-8a4f-acad232ddb9f', 'intermediate_partner_violence': '{"type": "jsonb", "value": "{\\"ForcedSexualActsSexual\\": \\"\\", \\"DeprivedOfBasicNeedsEmotional\\": \\"\\", \\"DeniedBasicNecessitiesForHealthcareEmotional\\": \\"\\"}", "null": true}', 'archived': 0, 'partner_id': 'C612/MOB/6/2024/ZM/TM/310/1993/001', 'date_partner_tested': None, 'other_reason_for_decline': None, 'accepted_pns': 'No', 'facility_id': 1971, 'alternate_phone_number': None, 'id': 4, 'first_name': 'BALA ', 'address': None, 'index_client_id': None, 'offered_pns': 'Yes', 'reason_for_decline': None, 'date_created': '2024-07-18 15:54:51.862', 'sex': 1, 'hts_client_information': '{"type": "jsonb", "value": "{\\"partnerAge\\": \\"\\", \\"partnerSex\\": \\"\\", \\"partnerName\\": \\"\\", \\"freedomDenial\\": \\"\\", \\"maritalSt ... (597 characters truncated) ... ": \\"\\", \\"descriptiveResidentialAddress\\": \\"TSAMAYE TALATA MAFARA \\", \\"numberOfPartnerIdentifiedFromClientIndex\\": \\"\\"}", "null": true}', 'last_name': 'SALISU ', 'middle_name': None, 'created_by': 'guest@lamisplus.org', 'contact_tracing': '{"type": "jsonb", "value": "{\\"numberOfAttempt\\": \\"\\", \\"partnerPhoneNumber\\": \\"\\"}", "null": true}', 'is_htsclient': None, 'notification_method': None, 'date_modified': '2024-07-18 15:54:51.862', 'known_hiv_positive': None, 'dob': '1990-03-10', 'modified_by': 'guest@lamisplus.org', 'phone_number': 8118201552, 'stg_batch_id': '20250523074639', 'stg_load_time': datetime.datetime(2025, 5, 24, 16, 3, 7, 895989), 'stg_file_name': 'hts_pns_index_client_partner_0_20250523074639_decrypted.json', 'stg_datim_id': 'fVcjpsyeO4q'}, {'hts_client_uuid': '45351aec-615d-4ab2-bf15-4998c748078c', 'relationship_with_index_client': None, 'date_enrollment_on_art': None, 'date_of_elicitation': None, 'hiv_test_result': None, 'accepted_hts': None, 'uuid': '28958e5c-d5a4-41cf-8973-30916756fa77', 'intermediate_partner_violence': '{"type": "jsonb", "value": "{\\"ForcedSexualActsSexual\\": \\"\\", \\"DeprivedOfBasicNeedsEmotional\\": \\"\\", \\"DeniedBasicNecessitiesForHealthcareEmotional\\": \\"\\"}", "null": true}', 'archived': 0, 'partner_id': 'C612/MOB/6/2024/ZM/TM/310/1994/001', 'date_partner_tested': None, 'other_reason_for_decline': None, 'accepted_pns': 'No', 'facility_id': 1971, 'alternate_phone_number': None, 'id': 5, 'first_name': 'LAURATU', 'address': None, 'index_client_id': None, 'offered_pns': 'Yes', 'reason_for_decline': None, 'date_created': '2024-07-18 16:06:31.062', 'sex': 377, 'hts_client_information': '{"type": "jsonb", "value": "{\\"partnerAge\\": \\"\\", \\"partnerSex\\": \\"\\", \\"partnerName\\": \\"\\", \\"freedomDenial\\": \\"\\", \\"maritalSt ... (597 characters truncated) ... ": \\"\\", \\"descriptiveResidentialAddress\\": \\"TSAMAYE TALATA MAFARA \\", \\"numberOfPartnerIdentifiedFromClientIndex\\": \\"\\"}", "null": true}', 'last_name': 'BADARU ', 'middle_name': None, 'created_by': 'guest@lamisplus.org', 'contact_tracing': '{"type": "jsonb", "value": "{\\"numberOfAttempt\\": \\"\\", \\"partnerPhoneNumber\\": \\"\\"}", "null": true}', 'is_htsclient': None, 'notification_method': None, 'date_modified': '2024-07-18 16:06:31.062', 'known_hiv_positive': None, 'dob': '1994-04-16', 'modified_by': 'guest@lamisplus.org', 'phone_number': 9002201642, 'stg_batch_id': '20250523074639', 'stg_load_time': datetime.datetime(2025, 5, 24, 16, 3, 7, 895989), 'stg_file_name': 'hts_pns_index_client_partner_0_20250523074639_decrypted.json', 'stg_datim_id': 'fVcjpsyeO4q'}, {'hts_client_uuid': 'b1808ee6-b74a-4f93-9ea6-49354865c1d1', 'relationship_with_index_client': None, 'date_enrollment_on_art': None, 'date_of_elicitation': None, 'hiv_test_result': None, 'accepted_hts': None, 'uuid': 'cae730a1-020c-48aa-8340-4cc153ac0247', 'intermediate_partner_violence': '{"type": "jsonb", "value": "{\\"ForcedSexualActsSexual\\": \\"\\", \\"DeprivedOfBasicNeedsEmotional\\": \\"\\", \\"DeniedBasicNecessitiesForHealthcareEmotional\\": \\"\\"}", "null": true}', 'archived': 0, 'partner_id': 'C612/MOB/6/2024/ZM/TM/310/1995/001', 'date_partner_tested': None, 'other_reason_for_decline': None, 'accepted_pns': 'No', 'facility_id': 1971, 'alternate_phone_number': None, 'id': 6, 'first_name': 'AMINU ', 'address': None, 'index_client_id': None, 'offered_pns': 'Yes', 'reason_for_decline': None, 'date_created': '2024-07-18 16:14:07.016', 'sex': 1, 'hts_client_information': '{"type": "jsonb", "value": "{\\"partnerAge\\": \\"\\", \\"partnerSex\\": \\"\\", \\"partnerName\\": \\"\\", \\"freedomDenial\\": \\"\\", \\"maritalSt ... (597 characters truncated) ... ": \\"\\", \\"descriptiveResidentialAddress\\": \\"TSAMAYE TALATA MAFARA \\", \\"numberOfPartnerIdentifiedFromClientIndex\\": \\"\\"}", "null": true}', 'last_name': 'BADARU', 'middle_name': None, 'created_by': 'guest@lamisplus.org', 'contact_tracing': '{"type": "jsonb", "value": "{\\"numberOfAttempt\\": \\"\\", \\"partnerPhoneNumber\\": \\"\\"}", "null": true}', 'is_htsclient': None, 'notification_method': None, 'date_modified': '2024-07-18 16:14:07.016', 'known_hiv_positive': None, 'dob': '1982-03-06', 'modified_by': 'guest@lamisplus.org', 'phone_number': 9002201642, 'stg_batch_id': '20250523074639', 'stg_load_time': datetime.datetime(2025, 5, 24, 16, 3, 7, 895989), 'stg_file_name': 'hts_pns_index_client_partner_0_20250523074639_decrypted.json', 'stg_datim_id': 'fVcjpsyeO4q'}, {'hts_client_uuid': '7feda8f6-6238-4b11-aa48-ea248d6436d7', 'relationship_with_index_client': None, 'date_enrollment_on_art': None, 'date_of_elicitation': None, 'hiv_test_result': None, 'accepted_hts': None, 'uuid': '91ca3180-6275-4a64-b010-b263fd4d38fa', 'intermediate_partner_violence': '{"type": "jsonb", "value": "{\\"ForcedSexualActsSexual\\": \\"\\", \\"DeprivedOfBasicNeedsEmotional\\": \\"\\", \\"DeniedBasicNecessitiesForHealthcareEmotional\\": \\"\\"}", "null": true}', 'archived': 0, 'partner_id': 'C612/MOB/6/2024/ZM/TM/334/0605/001', 'date_partner_tested': None, 'other_reason_for_decline': None, 'accepted_pns': 'No', 'facility_id': 1971, 'alternate_phone_number': None, 'id': 7, 'first_name': 'YAHAYA ', 'address': None, 'index_client_id': None, 'offered_pns': 'Yes', 'reason_for_decline': None, 'date_created': '2024-07-19 08:57:15.106', 'sex': 1, 'hts_client_information': '{"type": "jsonb", "value": "{\\"partnerAge\\": \\"\\", \\"partnerSex\\": \\"\\", \\"partnerName\\": \\"\\", \\"freedomDenial\\": \\"\\", \\"maritalSt ... (598 characters truncated) ... : \\"\\", \\"descriptiveResidentialAddress\\": \\"GILMAMMA TALATA MAFARA \\", \\"numberOfPartnerIdentifiedFromClientIndex\\": \\"\\"}", "null": true}', 'last_name': 'UMAR ', 'middle_name': None, 'created_by': 'guest@lamisplus.org', 'contact_tracing': '{"type": "jsonb", "value": "{\\"numberOfAttempt\\": \\"\\", \\"partnerPhoneNumber\\": \\"\\"}", "null": true}', 'is_htsclient': None, 'notification_method': None, 'date_modified': '2024-07-19 08:57:15.106', 'known_hiv_positive': None, 'dob': '1997-04-01', 'modified_by': 'guest@lamisplus.org', 'phone_number': 9121032816, 'stg_batch_id': '20250523074639', 'stg_load_time': datetime.datetime(2025, 5, 24, 16, 3, 7, 895989), 'stg_file_name': 'hts_pns_index_client_partner_0_20250523074639_decrypted.json', 'stg_datim_id': 'fVcjpsyeO4q'}, {'hts_client_uuid': '8d7931f3-fc52-4c6d-85e0-b1792d19d91a', 'relationship_with_index_client': None, 'date_enrollment_on_art': None, 'date_of_elicitation': None, 'hiv_test_result': None, 'accepted_hts': None, 'uuid': '34e67833-8e74-402e-8b4b-6072a4fd23de', 'intermediate_partner_violence': '{"type": "jsonb", "value": "{\\"ForcedSexualActsSexual\\": \\"\\", \\"DeprivedOfBasicNeedsEmotional\\": \\"\\", \\"DeniedBasicNecessitiesForHealthcareEmotional\\": \\"\\"}", "null": true}', 'archived': 0, 'partner_id': 'C612/MOB/6/2024/ZM/TM/334/0606/001', 'date_partner_tested': None, 'other_reason_for_decline': None, 'accepted_pns': 'No', 'facility_id': 1971, 'alternate_phone_number': None, 'id': 8, 'first_name': 'BADIYA', 'address': None, 'index_client_id': None, 'offered_pns': 'Yes', 'reason_for_decline': None, 'date_created': '2024-07-19 09:01:56.965', 'sex': 377, 'hts_client_information': '{"type": "jsonb", "value": "{\\"partnerAge\\": \\"\\", \\"partnerSex\\": \\"\\", \\"partnerName\\": \\"\\", \\"freedomDenial\\": \\"\\", \\"maritalSt ... (598 characters truncated) ... : \\"\\", \\"descriptiveResidentialAddress\\": \\"GILMAMMA TALATA MAFARA \\", \\"numberOfPartnerIdentifiedFromClientIndex\\": \\"\\"}", "null": true}', 'last_name': 'SHEHU ', 'middle_name': None, 'created_by': 'guest@lamisplus.org', 'contact_tracing': '{"type": "jsonb", "value": "{\\"numberOfAttempt\\": \\"\\", \\"partnerPhoneNumber\\": \\"\\"}", "null": true}', 'is_htsclient': None, 'notification_method': None, 'date_modified': '2024-07-19 09:01:56.965', 'known_hiv_positive': None, 'dob': '2005-02-10', 'modified_by': 'guest@lamisplus.org', 'phone_number': 9121032816, 'stg_batch_id': '20250523074639', 'stg_load_time': datetime.datetime(2025, 5, 24, 16, 3, 7, 895989), 'stg_file_name': 'hts_pns_index_client_partner_0_20250523074639_decrypted.json', 'stg_datim_id': 'fVcjpsyeO4q'}, {'hts_client_uuid': 'c213aee8-0707-424a-bc67-1a2875eaa241', 'relationship_with_index_client': None, 'date_enrollment_on_art': None, 'date_of_elicitation': None, 'hiv_test_result': None, 'accepted_hts': None, 'uuid': 'f6270969-9eaf-4789-a51b-5d7c3fbf5b2a', 'intermediate_partner_violence': '{"type": "jsonb", "value": "{\\"ForcedSexualActsSexual\\": \\"\\", \\"DeprivedOfBasicNeedsEmotional\\": \\"\\", \\"DeniedBasicNecessitiesForHealthcareEmotional\\": \\"\\"}", "null": true}', 'archived': 0, 'partner_id': 'C612/MOB/6/2024/ZM/TM/334/0607/001', 'date_partner_tested': None, 'other_reason_for_decline': None, 'accepted_pns': 'No', 'facility_id': 1971, 'alternate_phone_number': None, 'id': 9, 'first_name': 'ZAINAB ', 'address': None, 'index_client_id': None, 'offered_pns': 'Yes', 'reason_for_decline': None, 'date_created': '2024-07-19 09:06:28.47', 'sex': 377, 'hts_client_information': '{"type": "jsonb", "value": "{\\"partnerAge\\": \\"\\", \\"partnerSex\\": \\"\\", \\"partnerName\\": \\"\\", \\"freedomDenial\\": \\"\\", \\"maritalSt ... (573 characters truncated) ... ndexClientConfirmedHiv\\": \\"\\", \\"descriptiveResidentialAddress\\": null, \\"numberOfPartnerIdentifiedFromClientIndex\\": \\"\\"}", "null": true}', 'last_name': 'HALILU ', 'middle_name': None, 'created_by': 'guest@lamisplus.org', 'contact_tracing': '{"type": "jsonb", "value": "{\\"numberOfAttempt\\": \\"\\", \\"partnerPhoneNumber\\": \\"\\"}", "null": true}', 'is_htsclient': None, 'notification_method': None, 'date_modified': '2024-07-19 09:06:28.47', 'known_hiv_positive': None, 'dob': '2002-05-03', 'modified_by': 'guest@lamisplus.org', 'phone_number': 9121032816, 'stg_batch_id': '20250523074639', 'stg_load_time': datetime.datetime(2025, 5, 24, 16, 3, 7, 895989), 'stg_file_name': 'hts_pns_index_client_partner_0_20250523074639_decrypted.json', 'stg_datim_id': 'fVcjpsyeO4q'}  ... displaying 10 of 316 total bound parameter sets ...  {'hts_client_uuid': '649b0636-6203-4d77-9787-8c59f99166ce', 'relationship_with_index_client': None, 'date_enrollment_on_art': None, 'date_of_elicitation': None, 'hiv_test_result': None, 'accepted_hts': None, 'uuid': '233c8c85-7175-4c36-be72-3aaed66b761d', 'intermediate_partner_violence': '{"type": "jsonb", "value": "{\\"ForcedSexualActsSexual\\": \\"\\", \\"DeprivedOfBasicNeedsEmotional\\": \\"\\", \\"DeniedBasicNecessitiesForHealthcareEmotional\\": \\"\\"}", "null": true}', 'archived': 0, 'partner_id': 'C612//10/2024/ZM/YOH/207/6898/001', 'date_partner_tested': None, 'other_reason_for_decline': None, 'accepted_pns': 'No', 'facility_id': 1971, 'alternate_phone_number': None, 'id': 347, 'first_name': 'HASSANA ', 'address': None, 'index_client_id': None, 'offered_pns': 'Yes', 'reason_for_decline': None, 'date_created': '2024-11-25 14:55:06.053104', 'sex': 4, 'hts_client_information': '{"type": "jsonb", "value": "{\\"partnerAge\\": \\"\\", \\"partnerSex\\": \\"\\", \\"partnerName\\": \\"\\", \\"freedomDenial\\": \\"\\", \\"maritalSt ... (592 characters truncated) ... ": \\"\\", \\"descriptiveResidentialAddress\\": \\"OPPOSITE SAHARA GUSAU \\", \\"numberOfPartnerIdentifiedFromClientIndex\\": \\"\\"}", "null": true}', 'last_name': 'ALIYU ', 'middle_name': None, 'created_by': 'guest@lamisplus.org', 'contact_tracing': '{"type": "jsonb", "value": "{\\"numberOfAttempt\\": \\"\\", \\"partnerPhoneNumber\\": \\"\\"}", "null": true}', 'is_htsclient': None, 'notification_method': None, 'date_modified': '2024-11-25 14:55:06.053104', 'known_hiv_positive': None, 'dob': '1994-06-12', 'modified_by': 'guest@lamisplus.org', 'phone_number': 9136349124, 'stg_batch_id': '20250523074639', 'stg_load_time': datetime.datetime(2025, 5, 24, 16, 3, 7, 895989), 'stg_file_name': 'hts_pns_index_client_partner_0_20250523074639_decrypted.json', 'stg_datim_id': 'fVcjpsyeO4q'}, {'hts_client_uuid': '8f7c74bb-ee05-4bfe-83d9-5259d57bbb0e', 'relationship_with_index_client': None, 'date_enrollment_on_art': None, 'date_of_elicitation': None, 'hiv_test_result': None, 'accepted_hts': None, 'uuid': 'af64c42d-0a1f-4db6-8853-7f67fd987205', 'intermediate_partner_violence': '{"type": "jsonb", "value": "{\\"ForcedSexualActsSexual\\": \\"\\", \\"DeprivedOfBasicNeedsEmotional\\": \\"\\", \\"DeniedBasicNecessitiesForHealthcareEmotional\\": \\"\\"}", "null": true}', 'archived': 0, 'partner_id': 'C612//10/2024/ZM/GU/339/0844/001', 'date_partner_tested': None, 'other_reason_for_decline': None, 'accepted_pns': 'No', 'facility_id': 1971, 'alternate_phone_number': None, 'id': 348, 'first_name': 'NASIRU', 'address': None, 'index_client_id': None, 'offered_pns': 'Yes', 'reason_for_decline': None, 'date_created': '2024-11-26 09:25:05.764502', 'sex': 1, 'hts_client_information': '{"type": "jsonb", "value": "{\\"partnerAge\\": \\"\\", \\"partnerSex\\": \\"\\", \\"partnerName\\": \\"\\", \\"freedomDenial\\": \\"\\", \\"maritalSt ... (585 characters truncated) ... edHiv\\": \\"\\", \\"descriptiveResidentialAddress\\": \\"DANKURMI  MARU \\", \\"numberOfPartnerIdentifiedFromClientIndex\\": \\"\\"}", "null": true}', 'last_name': 'SANI', 'middle_name': None, 'created_by': 'guest@lamisplus.org', 'contact_tracing': '{"type": "jsonb", "value": "{\\"numberOfAttempt\\": \\"\\", \\"partnerPhoneNumber\\": \\"\\"}", "null": true}', 'is_htsclient': None, 'notification_method': None, 'date_modified': '2024-11-26 09:25:05.764502', 'known_hiv_positive': None, 'dob': '1988-11-17', 'modified_by': 'guest@lamisplus.org', 'phone_number': 7032002164, 'stg_batch_id': '20250523074639', 'stg_load_time': datetime.datetime(2025, 5, 24, 16, 3, 7, 895989), 'stg_file_name': 'hts_pns_index_client_partner_0_20250523074639_decrypted.json', 'stg_datim_id': 'fVcjpsyeO4q'})]
(Background on this error at: https://sqlalche.me/e/14/f405)]
[2025-05-24 16:03:07,995: INFO: file_loader: Processing file]
[2025-05-24 16:03:07,996: INFO: file_loader: ----------------------------s-------------------------------------------------]
[2025-05-24 16:03:07,996: INFO: file_loader: The file '/home/lamisplus/server/temp/t03z3S4HMeX/biometric_106_20250523113716_decrypted.json' exists.]
[2025-05-24 16:03:08,370: INFO: file_loader: successfully updated start_time, file_name and stg_table in sync_file]
[2025-05-24 16:03:08,371: INFO: file_loader: Processing file]
[2025-05-24 16:03:08,410: INFO: file_loader: biometric_106_20250523113716_decrypted.json previously failed to load]
[2025-05-24 16:03:08,410: INFO: file_loader: biometric_106_20250523113716_decrypted.json attempting to reload]
[2025-05-24 16:03:08,577: INFO: file_loader: " " successfully replace with NA]
[2025-05-24 16:03:08,987: INFO: file_loader: biometric_106_20250523113716_decrypted.json successfully ingested into stg_biometric table]
[2025-05-24 16:03:09,013: INFO: file_loader: file ingestion_log successfully updated]
[2025-05-24 16:03:09,038: INFO: file_loader: Sync File log updated for 8dd6dcab-5e3b-493a-bbe9-bf6bc0f02467 successfully]
[2025-05-24 16:03:09,054: INFO: file_loader: Processing file]
[2025-05-24 16:03:09,054: INFO: file_loader: ----------------------------s-------------------------------------------------]
[2025-05-24 16:03:09,054: INFO: file_loader: The file '/home/lamisplus/server/temp/YE1lCEtYmen/hiv_art_pharmacy_1_20250523121320_decrypted.json' exists.]
[2025-05-24 16:03:09,439: INFO: file_loader: successfully updated start_time, file_name and stg_table in sync_file]
[2025-05-24 16:03:09,439: INFO: file_loader: Processing file]
[2025-05-24 16:03:09,487: INFO: file_loader: hiv_art_pharmacy_1_20250523121320_decrypted.json previously failed to load]
[2025-05-24 16:03:09,488: INFO: file_loader: hiv_art_pharmacy_1_20250523121320_decrypted.json attempting to reload]
[2025-05-24 16:03:09,653: INFO: file_loader: " " successfully replace with NA]
[2025-05-24 16:03:10,117: INFO: file_loader: hiv_art_pharmacy_1_20250523121320_decrypted.json successfully ingested into stg_hiv_art_pharmacy table]
[2025-05-24 16:03:10,135: INFO: file_loader: file ingestion_log successfully updated]
[2025-05-24 16:03:10,158: INFO: file_loader: Sync File log updated for 3b24eb2a-8ad1-4392-b709-925fce7f064d successfully]
[2025-05-24 16:03:10,178: INFO: file_loader: json files successfully processed]
[2025-05-24 16:12:08,813: INFO: dsd_loader: json files successfully processed]
[2025-05-24 16:14:34,049: INFO: dsd_loader: Processing file]
[2025-05-24 16:14:34,049: INFO: dsd_loader: ----------------------------s-------------------------------------------------]
[2025-05-24 16:14:34,050: INFO: dsd_loader: The file '/home/lamisplus/server/temp/cYdxH1tF7Di/hiv_art_clinical_8_20250523103601_decrypted.json' exists.]
[2025-05-24 16:14:34,404: INFO: dsd_loader: successfully updated start_time, file_name and stg_table in sync_file]
[2025-05-24 16:14:34,405: INFO: dsd_loader: Processing file]
[2025-05-24 16:14:34,441: INFO: dsd_loader: hiv_art_clinical_8_20250523103601_decrypted.json yet to be loaded]
[2025-05-24 16:14:34,460: INFO: dsd_loader: (successfully inserted records into file_ingestion_log]
[2025-05-24 16:14:34,460: INFO: dsd_loader: hiv_art_clinical_8_20250523103601_decrypted.json logs inserted into file_ingestion_log]
[2025-05-24 16:14:34,624: INFO: dsd_loader: successfully updated start_time, file_name and stg_table in sync_file]
[2025-05-24 16:14:34,624: INFO: dsd_loader: hiv_art_clinical_8_20250523103601_decrypted.json logs updated into sync_file]
[2025-05-24 16:14:34,624: INFO: dsd_loader: hiv_art_clinical_8_20250523103601_decrypted.json attempting to load]
[2025-05-24 16:14:34,685: INFO: dsd_loader: ValueError - Expected object or value - Expected object or value]
[2025-05-24 16:14:34,685: INFO: dsd_loader: Error processing hiv_art_clinical file: hiv_art_clinical_8_20250523103601_decrypted.json - ValueError - Expected object or value - Expected object or value]
[2025-05-24 16:14:34,685: INFO: dsd_loader: Processing file]
[2025-05-24 16:14:34,685: INFO: dsd_loader: ----------------------------s-------------------------------------------------]
[2025-05-24 16:14:34,685: INFO: dsd_loader: The file '/home/lamisplus/server/temp/cYdxH1tF7Di/hiv_art_clinical_6_20250523103601_decrypted.json' exists.]
[2025-05-24 16:14:35,020: INFO: dsd_loader: successfully updated start_time, file_name and stg_table in sync_file]
[2025-05-24 16:14:35,020: INFO: dsd_loader: Processing file]
[2025-05-24 16:14:35,064: INFO: dsd_loader: hiv_art_clinical_6_20250523103601_decrypted.json yet to be loaded]
[2025-05-24 16:14:35,080: INFO: dsd_loader: (successfully inserted records into file_ingestion_log]
[2025-05-24 16:14:35,080: INFO: dsd_loader: hiv_art_clinical_6_20250523103601_decrypted.json logs inserted into file_ingestion_log]
[2025-05-24 16:14:35,306: INFO: dsd_loader: successfully updated start_time, file_name and stg_table in sync_file]
[2025-05-24 16:14:35,306: INFO: dsd_loader: hiv_art_clinical_6_20250523103601_decrypted.json logs updated into sync_file]
[2025-05-24 16:14:35,306: INFO: dsd_loader: hiv_art_clinical_6_20250523103601_decrypted.json attempting to load]
[2025-05-24 16:14:35,367: INFO: dsd_loader: ValueError - Expected object or value - Expected object or value]
[2025-05-24 16:14:35,367: INFO: dsd_loader: Error processing hiv_art_clinical file: hiv_art_clinical_6_20250523103601_decrypted.json - ValueError - Expected object or value - Expected object or value]
[2025-05-24 16:14:35,367: INFO: dsd_loader: Processing file]
[2025-05-24 16:14:35,367: INFO: dsd_loader: ----------------------------s-------------------------------------------------]
[2025-05-24 16:14:35,367: INFO: dsd_loader: The file '/home/lamisplus/server/temp/cYdxH1tF7Di/hiv_art_clinical_5_20250523103601_decrypted.json' exists.]
[2025-05-24 16:14:35,707: INFO: dsd_loader: successfully updated start_time, file_name and stg_table in sync_file]
[2025-05-24 16:14:35,708: INFO: dsd_loader: Processing file]
[2025-05-24 16:14:35,754: INFO: dsd_loader: hiv_art_clinical_5_20250523103601_decrypted.json yet to be loaded]
[2025-05-24 16:14:35,771: INFO: dsd_loader: (successfully inserted records into file_ingestion_log]
[2025-05-24 16:14:35,771: INFO: dsd_loader: hiv_art_clinical_5_20250523103601_decrypted.json logs inserted into file_ingestion_log]
[2025-05-24 16:14:35,944: INFO: dsd_loader: successfully updated start_time, file_name and stg_table in sync_file]
[2025-05-24 16:14:35,945: INFO: dsd_loader: hiv_art_clinical_5_20250523103601_decrypted.json logs updated into sync_file]
[2025-05-24 16:14:35,945: INFO: dsd_loader: hiv_art_clinical_5_20250523103601_decrypted.json attempting to load]
[2025-05-24 16:14:36,017: INFO: dsd_loader: ValueError - Expected object or value - Expected object or value]
[2025-05-24 16:14:36,017: INFO: dsd_loader: Error processing hiv_art_clinical file: hiv_art_clinical_5_20250523103601_decrypted.json - ValueError - Expected object or value - Expected object or value]
[2025-05-24 16:14:36,017: INFO: dsd_loader: Processing file]
[2025-05-24 16:14:36,017: INFO: dsd_loader: ----------------------------s-------------------------------------------------]
[2025-05-24 16:14:36,017: INFO: dsd_loader: The file '/home/lamisplus/server/temp/dpwdySv7O4A/prep_clinic_2_20250523140218_decrypted.json' exists.]
[2025-05-24 16:14:36,331: INFO: dsd_loader: successfully updated start_time, file_name and stg_table in sync_file]
[2025-05-24 16:14:36,331: INFO: dsd_loader: Processing file]
[2025-05-24 16:14:36,379: INFO: dsd_loader: prep_clinic_2_20250523140218_decrypted.json yet to be loaded]
[2025-05-24 16:14:36,391: INFO: dsd_loader: (successfully inserted records into file_ingestion_log]
[2025-05-24 16:14:36,392: INFO: dsd_loader: prep_clinic_2_20250523140218_decrypted.json logs inserted into file_ingestion_log]
[2025-05-24 16:14:36,594: INFO: dsd_loader: successfully updated start_time, file_name and stg_table in sync_file]
[2025-05-24 16:14:36,594: INFO: dsd_loader: prep_clinic_2_20250523140218_decrypted.json logs updated into sync_file]
[2025-05-24 16:14:36,594: INFO: dsd_loader: prep_clinic_2_20250523140218_decrypted.json attempting to load]
[2025-05-24 16:14:36,663: INFO: dsd_loader: ValueError - Expected object or value - Expected object or value]
[2025-05-24 16:14:36,664: INFO: dsd_loader: Error processing prep_clinic file: prep_clinic_2_20250523140218_decrypted.json - ValueError - Expected object or value - Expected object or value]
[2025-05-24 16:14:36,664: INFO: dsd_loader: Processing file]
[2025-05-24 16:14:36,664: INFO: dsd_loader: ----------------------------s-------------------------------------------------]
[2025-05-24 16:14:36,664: INFO: dsd_loader: The file '/home/lamisplus/server/temp/DpZOtdkfW60/prep_clinic_0_20250523131005_decrypted.json' exists.]
[2025-05-24 16:14:36,983: INFO: dsd_loader: successfully updated start_time, file_name and stg_table in sync_file]
[2025-05-24 16:14:36,983: INFO: dsd_loader: Processing file]
[2025-05-24 16:14:37,027: INFO: dsd_loader: prep_clinic_0_20250523131005_decrypted.json yet to be loaded]
[2025-05-24 16:14:37,047: INFO: dsd_loader: (successfully inserted records into file_ingestion_log]
[2025-05-24 16:14:37,048: INFO: dsd_loader: prep_clinic_0_20250523131005_decrypted.json logs inserted into file_ingestion_log]
[2025-05-24 16:14:37,258: INFO: dsd_loader: successfully updated start_time, file_name and stg_table in sync_file]
[2025-05-24 16:14:37,258: INFO: dsd_loader: prep_clinic_0_20250523131005_decrypted.json logs updated into sync_file]
[2025-05-24 16:14:37,259: INFO: dsd_loader: prep_clinic_0_20250523131005_decrypted.json attempting to load]
[2025-05-24 16:14:37,314: INFO: dsd_loader: ValueError - Expected object or value - Expected object or value]
[2025-05-24 16:14:37,314: INFO: dsd_loader: Error processing prep_clinic file: prep_clinic_0_20250523131005_decrypted.json - ValueError - Expected object or value - Expected object or value]
[2025-05-24 16:14:37,314: INFO: dsd_loader: json files successfully processed]
[2025-05-24 16:28:05,736: INFO: file_loader: Processing file]
[2025-05-24 16:28:05,736: INFO: file_loader: ----------------------------s-------------------------------------------------]
[2025-05-24 16:28:05,738: INFO: file_loader: The file '/home/lamisplus/server/temp/fVcjpsyeO4q/prep_interruption_0_20250523074639_decrypted.json' exists.]
[2025-05-24 16:28:05,938: INFO: file_loader: successfully updated start_time, file_name and stg_table in sync_file]
[2025-05-24 16:28:05,939: INFO: file_loader: Processing file]
[2025-05-24 16:28:05,991: INFO: file_loader: prep_interruption_0_20250523074639_decrypted.json yet to be loaded]
[2025-05-24 16:28:06,007: INFO: file_loader: (successfully inserted records into file_ingestion_log]
[2025-05-24 16:28:06,007: INFO: file_loader: prep_interruption_0_20250523074639_decrypted.json logs inserted into file_ingestion_log]
[2025-05-24 16:28:06,007: INFO: file_loader: prep_interruption_0_20250523074639_decrypted.json attempting to load]
[2025-05-24 16:28:06,082: INFO: file_loader: " " successfully replace with NA]
[2025-05-24 16:28:06,131: INFO: file_loader: prep_interruption_0_20250523074639_decrypted.json successfully ingested into stg_prep_interruption table]
[2025-05-24 16:28:06,165: INFO: file_loader: file ingestion_log successfully updated]
[2025-05-24 16:28:06,203: INFO: file_loader: Sync File log updated for b02800b0-da0d-454d-a3c9-8de9249d3ec2 successfully]
[2025-05-24 16:28:06,225: INFO: file_loader: Processing file]
[2025-05-24 16:28:06,225: INFO: file_loader: ----------------------------s-------------------------------------------------]
[2025-05-24 16:28:06,225: INFO: file_loader: The file '/home/lamisplus/server/temp/fVcjpsyeO4q/hts_pns_index_client_partner_0_20250523074639_decrypted.json' exists.]
[2025-05-24 16:28:06,407: INFO: file_loader: successfully updated start_time, file_name and stg_table in sync_file]
[2025-05-24 16:28:06,407: INFO: file_loader: Processing file]
[2025-05-24 16:28:06,460: INFO: file_loader: hts_pns_index_client_partner_0_20250523074639_decrypted.json yet to be loaded]
[2025-05-24 16:28:06,485: INFO: file_loader: (successfully inserted records into file_ingestion_log]
[2025-05-24 16:28:06,485: INFO: file_loader: hts_pns_index_client_partner_0_20250523074639_decrypted.json logs inserted into file_ingestion_log]
[2025-05-24 16:28:06,485: INFO: file_loader: hts_pns_index_client_partner_0_20250523074639_decrypted.json attempting to load]
[2025-05-24 16:28:06,585: INFO: file_loader: " " successfully replace with NA]
[2025-05-24 16:28:06,685: INFO: file_loader: hts_pns_index_client_partner_0_20250523074639_decrypted.json successfully ingested into stg_hts_pns_index_client_partner table]
[2025-05-24 16:28:06,714: INFO: file_loader: file ingestion_log successfully updated]
[2025-05-24 16:28:06,746: INFO: file_loader: Sync File log updated for 050652da-c699-4adc-aee0-20e044bdf738 successfully]
[2025-05-24 16:28:06,758: INFO: file_loader: Processing file]
[2025-05-24 16:28:06,759: INFO: file_loader: ----------------------------s-------------------------------------------------]
[2025-05-24 16:28:06,759: INFO: file_loader: The file '/home/lamisplus/server/temp/cYdxH1tF7Di/biometric_6_20250523103601_decrypted.json' exists.]
[2025-05-24 16:28:07,095: INFO: file_loader: successfully updated start_time, file_name and stg_table in sync_file]
[2025-05-24 16:28:07,096: INFO: file_loader: Processing file]
[2025-05-24 16:28:07,147: INFO: file_loader: biometric_6_20250523103601_decrypted.json previously failed to load]
[2025-05-24 16:28:07,148: INFO: file_loader: biometric_6_20250523103601_decrypted.json attempting to reload]
[2025-05-24 16:28:07,316: INFO: file_loader: " " successfully replace with NA]
[2025-05-24 16:28:07,780: INFO: file_loader: biometric_6_20250523103601_decrypted.json successfully ingested into stg_biometric table]
[2025-05-24 16:28:07,805: INFO: file_loader: file ingestion_log successfully updated]
[2025-05-24 16:28:07,837: INFO: file_loader: Sync File log updated for e31f24b4-dffc-4869-8fb8-b51610a6f7a4 successfully]
[2025-05-24 16:28:07,860: INFO: file_loader: Processing file]
[2025-05-24 16:28:07,860: INFO: file_loader: ----------------------------s-------------------------------------------------]
[2025-05-24 16:28:07,860: INFO: file_loader: The file '/home/lamisplus/server/temp/t0jgNrpHrZk/hiv_art_pharmacy_regimens_5_20250523130329_decrypted.json' exists.]
[2025-05-24 16:28:08,207: INFO: file_loader: successfully updated start_time, file_name and stg_table in sync_file]
[2025-05-24 16:28:08,207: INFO: file_loader: Processing file]
[2025-05-24 16:28:08,263: INFO: file_loader: hiv_art_pharmacy_regimens_5_20250523130329_decrypted.json previously failed to load]
[2025-05-24 16:28:08,263: INFO: file_loader: hiv_art_pharmacy_regimens_5_20250523130329_decrypted.json attempting to reload]
[2025-05-24 16:28:08,351: INFO: file_loader: " " successfully replace with NA]
[2025-05-24 16:28:08,524: INFO: file_loader: hiv_art_pharmacy_regimens_5_20250523130329_decrypted.json successfully ingested into stg_hiv_art_pharmacy_regimens table]
[2025-05-24 16:28:08,547: INFO: file_loader: file ingestion_log successfully updated]
[2025-05-24 16:28:08,581: INFO: file_loader: Sync File log updated for d0eb3595-41cc-46c1-9f32-84f0377414df successfully]
[2025-05-24 16:28:08,596: INFO: file_loader: Processing file]
[2025-05-24 16:28:08,597: INFO: file_loader: ----------------------------s-------------------------------------------------]
[2025-05-24 16:28:08,597: INFO: file_loader: The file '/home/lamisplus/server/temp/YE1lCEtYmen/hiv_art_pharmacy_4_20250523121320_decrypted.json' exists.]
[2025-05-24 16:28:08,807: INFO: file_loader: successfully updated start_time, file_name and stg_table in sync_file]
[2025-05-24 16:28:08,808: INFO: file_loader: Processing file]
[2025-05-24 16:28:08,853: INFO: file_loader: hiv_art_pharmacy_4_20250523121320_decrypted.json previously failed to load]
[2025-05-24 16:28:08,853: INFO: file_loader: hiv_art_pharmacy_4_20250523121320_decrypted.json attempting to reload]
[2025-05-24 16:28:09,022: INFO: file_loader: " " successfully replace with NA]
[2025-05-24 16:28:09,479: INFO: file_loader: hiv_art_pharmacy_4_20250523121320_decrypted.json successfully ingested into stg_hiv_art_pharmacy table]
[2025-05-24 16:28:09,505: INFO: file_loader: file ingestion_log successfully updated]
[2025-05-24 16:28:09,538: INFO: file_loader: Sync File log updated for ed90272f-4bca-49b5-9799-24d190fcb8c1 successfully]
[2025-05-24 16:28:09,553: INFO: file_loader: Processing file]
[2025-05-24 16:28:09,553: INFO: file_loader: ----------------------------s-------------------------------------------------]
[2025-05-24 16:28:09,553: INFO: file_loader: The file '/home/lamisplus/server/temp/t0jgNrpHrZk/hiv_art_pharmacy_0_20250523130329_decrypted.json' exists.]
[2025-05-24 16:28:09,764: INFO: file_loader: successfully updated start_time, file_name and stg_table in sync_file]
[2025-05-24 16:28:09,764: INFO: file_loader: Processing file]
[2025-05-24 16:28:09,818: INFO: file_loader: hiv_art_pharmacy_0_20250523130329_decrypted.json previously failed to load]
[2025-05-24 16:28:09,819: INFO: file_loader: hiv_art_pharmacy_0_20250523130329_decrypted.json attempting to reload]
[2025-05-24 16:28:09,895: INFO: file_loader: " " successfully replace with NA]
[2025-05-24 16:28:09,935: INFO: file_loader: hiv_art_pharmacy_0_20250523130329_decrypted.json successfully ingested into stg_hiv_art_pharmacy table]
[2025-05-24 16:28:09,955: INFO: file_loader: file ingestion_log successfully updated]
[2025-05-24 16:28:09,982: INFO: file_loader: Sync File log updated for 169b6430-a528-4dea-a010-dcbef3e9166d successfully]
[2025-05-24 16:28:09,997: INFO: file_loader: Processing file]
[2025-05-24 16:28:09,998: INFO: file_loader: ----------------------------s-------------------------------------------------]
[2025-05-24 16:28:09,998: INFO: file_loader: The file '/home/lamisplus/server/temp/t0jgNrpHrZk/hiv_regimen_drug_0_20250523130329_decrypted.json' exists.]
[2025-05-24 16:28:10,221: INFO: file_loader: successfully updated start_time, file_name and stg_table in sync_file]
[2025-05-24 16:28:10,222: INFO: file_loader: Processing file]
[2025-05-24 16:28:10,278: INFO: file_loader: hiv_regimen_drug_0_20250523130329_decrypted.json previously failed to load]
[2025-05-24 16:28:10,279: INFO: file_loader: hiv_regimen_drug_0_20250523130329_decrypted.json attempting to reload]
[2025-05-24 16:28:10,356: INFO: file_loader: " " successfully replace with NA]
[2025-05-24 16:28:10,402: INFO: file_loader: hiv_regimen_drug_0_20250523130329_decrypted.json successfully ingested into stg_hiv_regimen_drug table]
[2025-05-24 16:28:10,430: INFO: file_loader: file ingestion_log successfully updated]
[2025-05-24 16:28:10,461: INFO: file_loader: Sync File log updated for e404b817-a975-4259-9809-62e455d1076c successfully]
[2025-05-24 16:28:10,477: INFO: file_loader: Processing file]
[2025-05-24 16:28:10,477: INFO: file_loader: ----------------------------s-------------------------------------------------]
[2025-05-24 16:28:10,477: INFO: file_loader: The file '/home/lamisplus/server/temp/t0jgNrpHrZk/hiv_observation_0_20250523130329_decrypted.json' exists.]
[2025-05-24 16:28:10,804: INFO: file_loader: successfully updated start_time, file_name and stg_table in sync_file]
[2025-05-24 16:28:10,805: INFO: file_loader: Processing file]
[2025-05-24 16:28:10,849: INFO: file_loader: hiv_observation_0_20250523130329_decrypted.json previously failed to load]
[2025-05-24 16:28:10,850: INFO: file_loader: hiv_observation_0_20250523130329_decrypted.json attempting to reload]
[2025-05-24 16:28:10,931: INFO: file_loader: " " successfully replace with NA]
[2025-05-24 16:28:10,979: INFO: file_loader: hiv_observation_0_20250523130329_decrypted.json successfully ingested into stg_hiv_observation table]
[2025-05-24 16:28:11,001: INFO: file_loader: file ingestion_log successfully updated]
[2025-05-24 16:28:11,022: INFO: file_loader: Sync File log updated for d5dd1c19-b75d-4fe7-a876-02f106e14ff4 successfully]
[2025-05-24 16:28:11,037: INFO: file_loader: Processing file]
[2025-05-24 16:28:11,037: INFO: file_loader: ----------------------------s-------------------------------------------------]
[2025-05-24 16:28:11,037: INFO: file_loader: The file '/home/lamisplus/server/temp/YE1lCEtYmen/patient_visit_1_20250523121320_decrypted.json' exists.]
[2025-05-24 16:28:11,349: INFO: file_loader: successfully updated start_time, file_name and stg_table in sync_file]
[2025-05-24 16:28:11,349: INFO: file_loader: Processing file]
[2025-05-24 16:28:11,388: INFO: file_loader: patient_visit_1_20250523121320_decrypted.json previously failed to load]
[2025-05-24 16:28:11,388: INFO: file_loader: patient_visit_1_20250523121320_decrypted.json attempting to reload]
[2025-05-24 16:28:11,489: INFO: file_loader: " " successfully replace with NA]
[2025-05-24 16:28:11,717: INFO: file_loader: patient_visit_1_20250523121320_decrypted.json successfully ingested into stg_patient_visit table]
[2025-05-24 16:28:11,746: INFO: file_loader: file ingestion_log successfully updated]
[2025-05-24 16:28:11,769: INFO: file_loader: Sync File log updated for fb852f0d-880f-4059-a4ab-3d039cebfd1a successfully]
[2025-05-24 16:28:11,786: INFO: file_loader: Processing file]
[2025-05-24 16:28:11,786: INFO: file_loader: ----------------------------s-------------------------------------------------]
[2025-05-24 16:28:11,786: INFO: file_loader: The file '/home/lamisplus/server/temp/E1PW0PYkvDx/biometric_52_20250523123301_decrypted.json' exists.]
[2025-05-24 16:28:12,059: INFO: file_loader: successfully updated start_time, file_name and stg_table in sync_file]
[2025-05-24 16:28:12,060: INFO: file_loader: Processing file]
[2025-05-24 16:28:12,095: INFO: file_loader: biometric_52_20250523123301_decrypted.json previously failed to load]
[2025-05-24 16:28:12,095: INFO: file_loader: biometric_52_20250523123301_decrypted.json attempting to reload]
[2025-05-24 16:28:12,262: INFO: file_loader: " " successfully replace with NA]
[2025-05-24 16:28:12,685: INFO: file_loader: biometric_52_20250523123301_decrypted.json successfully ingested into stg_biometric table]
[2025-05-24 16:28:12,702: INFO: file_loader: file ingestion_log successfully updated]
[2025-05-24 16:28:12,724: INFO: file_loader: Sync File log updated for ab41a6c1-3197-4221-90c7-bfa6a9792ac0 successfully]
[2025-05-24 16:28:12,737: INFO: file_loader: Processing file]
[2025-05-24 16:28:12,737: INFO: file_loader: ----------------------------s-------------------------------------------------]
[2025-05-24 16:28:12,738: INFO: file_loader: The file '/home/lamisplus/server/temp/t0jgNrpHrZk/laboratory_sample_0_20250523130329_decrypted.json' exists.]
[2025-05-24 16:28:13,051: INFO: file_loader: successfully updated start_time, file_name and stg_table in sync_file]
[2025-05-24 16:28:13,052: INFO: file_loader: Processing file]
[2025-05-24 16:28:13,103: INFO: file_loader: laboratory_sample_0_20250523130329_decrypted.json previously failed to load]
[2025-05-24 16:28:13,104: INFO: file_loader: laboratory_sample_0_20250523130329_decrypted.json attempting to reload]
[2025-05-24 16:28:13,176: INFO: file_loader: " " successfully replace with NA]
[2025-05-24 16:28:13,235: INFO: file_loader: laboratory_sample_0_20250523130329_decrypted.json successfully ingested into stg_laboratory_sample table]
[2025-05-24 16:28:13,255: INFO: file_loader: file ingestion_log successfully updated]
[2025-05-24 16:28:13,279: INFO: file_loader: Sync File log updated for 61f07aea-7ca0-48ae-b386-d481625a0527 successfully]
[2025-05-24 16:28:13,294: INFO: file_loader: Processing file]
[2025-05-24 16:28:13,294: INFO: file_loader: ----------------------------s-------------------------------------------------]
[2025-05-24 16:28:13,295: INFO: file_loader: The file '/home/lamisplus/server/temp/t0jgNrpHrZk/patient_encounter_0_20250523130329_decrypted.json' exists.]
[2025-05-24 16:28:13,573: INFO: file_loader: successfully updated start_time, file_name and stg_table in sync_file]
[2025-05-24 16:28:13,574: INFO: file_loader: Processing file]
[2025-05-24 16:28:13,622: INFO: file_loader: patient_encounter_0_20250523130329_decrypted.json previously failed to load]
[2025-05-24 16:28:13,623: INFO: file_loader: patient_encounter_0_20250523130329_decrypted.json attempting to reload]
[2025-05-24 16:28:13,697: INFO: file_loader: " " successfully replace with NA]
[2025-05-24 16:28:13,739: INFO: file_loader: patient_encounter_0_20250523130329_decrypted.json successfully ingested into stg_patient_encounter table]
[2025-05-24 16:28:13,757: INFO: file_loader: file ingestion_log successfully updated]
[2025-05-24 16:28:13,785: INFO: file_loader: Sync File log updated for b3d6eba7-5a91-46e1-b8cb-e7a4092a4d1a successfully]
[2025-05-24 16:28:13,799: INFO: file_loader: Processing file]
[2025-05-24 16:28:13,799: INFO: file_loader: ----------------------------s-------------------------------------------------]
[2025-05-24 16:28:13,800: INFO: file_loader: The file '/home/lamisplus/server/temp/E1PW0PYkvDx/patient_visit_19_20250523123301_decrypted.json' exists.]
[2025-05-24 16:28:14,127: INFO: file_loader: successfully updated start_time, file_name and stg_table in sync_file]
[2025-05-24 16:28:14,127: INFO: file_loader: Processing file]
[2025-05-24 16:28:14,166: INFO: file_loader: patient_visit_19_20250523123301_decrypted.json previously failed to load]
[2025-05-24 16:28:14,167: INFO: file_loader: patient_visit_19_20250523123301_decrypted.json attempting to reload]
[2025-05-24 16:28:14,288: INFO: file_loader: " " successfully replace with NA]
[2025-05-24 16:28:14,514: INFO: file_loader: patient_visit_19_20250523123301_decrypted.json successfully ingested into stg_patient_visit table]
[2025-05-24 16:28:14,537: INFO: file_loader: file ingestion_log successfully updated]
[2025-05-24 16:28:14,573: INFO: file_loader: Sync File log updated for 4a14f6b1-6f27-47dc-9dbc-7ba1534eb4b4 successfully]
[2025-05-24 16:28:14,590: INFO: file_loader: Processing file]
[2025-05-24 16:28:14,590: INFO: file_loader: ----------------------------s-------------------------------------------------]
[2025-05-24 16:28:14,590: INFO: file_loader: The file '/home/lamisplus/server/temp/YE1lCEtYmen/hiv_status_tracker_6_20250523121320_decrypted.json' exists.]
[2025-05-24 16:28:14,879: INFO: file_loader: successfully updated start_time, file_name and stg_table in sync_file]
[2025-05-24 16:28:14,880: INFO: file_loader: Processing file]
[2025-05-24 16:28:14,929: INFO: file_loader: hiv_status_tracker_6_20250523121320_decrypted.json previously failed to load]
[2025-05-24 16:28:14,930: INFO: file_loader: hiv_status_tracker_6_20250523121320_decrypted.json attempting to reload]
[2025-05-24 16:28:15,058: INFO: file_loader: " " successfully replace with NA]
[2025-05-24 16:28:15,345: INFO: file_loader: hiv_status_tracker_6_20250523121320_decrypted.json successfully ingested into stg_hiv_status_tracker table]
[2025-05-24 16:28:15,370: INFO: file_loader: file ingestion_log successfully updated]
[2025-05-24 16:28:15,401: INFO: file_loader: Sync File log updated for 32d80da3-1ae0-48cd-9406-563d05f0a2c1 successfully]
[2025-05-24 16:28:15,415: INFO: file_loader: Processing file]
[2025-05-24 16:28:15,415: INFO: file_loader: ----------------------------s-------------------------------------------------]
[2025-05-24 16:28:15,415: INFO: file_loader: The file '/home/lamisplus/server/temp/t0jgNrpHrZk/hiv_art_pharmacy_regimens_6_20250523130329_decrypted.json' exists.]
[2025-05-24 16:28:15,705: INFO: file_loader: successfully updated start_time, file_name and stg_table in sync_file]
[2025-05-24 16:28:15,706: INFO: file_loader: Processing file]
[2025-05-24 16:28:15,757: INFO: file_loader: hiv_art_pharmacy_regimens_6_20250523130329_decrypted.json previously failed to load]
[2025-05-24 16:28:15,757: INFO: file_loader: hiv_art_pharmacy_regimens_6_20250523130329_decrypted.json attempting to reload]
[2025-05-24 16:28:15,839: INFO: file_loader: " " successfully replace with NA]
[2025-05-24 16:28:15,993: INFO: file_loader: hiv_art_pharmacy_regimens_6_20250523130329_decrypted.json successfully ingested into stg_hiv_art_pharmacy_regimens table]
[2025-05-24 16:28:16,011: INFO: file_loader: file ingestion_log successfully updated]
[2025-05-24 16:28:16,044: INFO: file_loader: Sync File log updated for 2c9e1698-5a9b-4190-bb3e-2aa4ce975660 successfully]
[2025-05-24 16:28:16,052: INFO: file_loader: Processing file]
[2025-05-24 16:28:16,053: INFO: file_loader: ----------------------------s-------------------------------------------------]
[2025-05-24 16:28:16,053: INFO: file_loader: The file '/home/lamisplus/server/temp/t0jgNrpHrZk/hiv_art_pharmacy_regimens_1_20250523130329_decrypted.json' exists.]
[2025-05-24 16:28:16,299: INFO: file_loader: successfully updated start_time, file_name and stg_table in sync_file]
[2025-05-24 16:28:16,299: INFO: file_loader: Processing file]
[2025-05-24 16:28:16,344: INFO: file_loader: hiv_art_pharmacy_regimens_1_20250523130329_decrypted.json previously failed to load]
[2025-05-24 16:28:16,344: INFO: file_loader: hiv_art_pharmacy_regimens_1_20250523130329_decrypted.json attempting to reload]
[2025-05-24 16:28:16,422: INFO: file_loader: " " successfully replace with NA]
[2025-05-24 16:28:16,556: INFO: file_loader: hiv_art_pharmacy_regimens_1_20250523130329_decrypted.json successfully ingested into stg_hiv_art_pharmacy_regimens table]
[2025-05-24 16:28:16,572: INFO: file_loader: file ingestion_log successfully updated]
[2025-05-24 16:28:16,606: INFO: file_loader: Sync File log updated for b4415b7b-100f-4458-bf72-67a7b5806acd successfully]
[2025-05-24 16:28:16,621: INFO: file_loader: Processing file]
[2025-05-24 16:28:16,621: INFO: file_loader: ----------------------------s-------------------------------------------------]
[2025-05-24 16:28:16,621: INFO: file_loader: The file '/home/lamisplus/server/temp/E1PW0PYkvDx/laboratory_order_7_20250523123301_decrypted.json' exists.]
[2025-05-24 16:28:16,942: INFO: file_loader: successfully updated start_time, file_name and stg_table in sync_file]
[2025-05-24 16:28:16,943: INFO: file_loader: Processing file]
[2025-05-24 16:28:16,989: INFO: file_loader: laboratory_order_7_20250523123301_decrypted.json previously failed to load]
[2025-05-24 16:28:16,989: INFO: file_loader: laboratory_order_7_20250523123301_decrypted.json attempting to reload]
[2025-05-24 16:28:17,104: INFO: file_loader: " " successfully replace with NA]
[2025-05-24 16:28:17,388: INFO: file_loader: laboratory_order_7_20250523123301_decrypted.json successfully ingested into stg_laboratory_order table]
[2025-05-24 16:28:17,405: INFO: file_loader: file ingestion_log successfully updated]
[2025-05-24 16:28:17,424: INFO: file_loader: Sync File log updated for 67fddd97-d8f0-44db-812e-a7d8d3650a6d successfully]
[2025-05-24 16:28:17,436: INFO: file_loader: Processing file]
[2025-05-24 16:28:17,437: INFO: file_loader: ----------------------------s-------------------------------------------------]
[2025-05-24 16:28:17,437: INFO: file_loader: The file '/home/lamisplus/server/temp/E1PW0PYkvDx/hts_risk_stratification_2_20250523123301_decrypted.json' exists.]
[2025-05-24 16:28:17,685: INFO: file_loader: successfully updated start_time, file_name and stg_table in sync_file]
[2025-05-24 16:28:17,685: INFO: file_loader: Processing file]
[2025-05-24 16:28:17,726: INFO: file_loader: hts_risk_stratification_2_20250523123301_decrypted.json previously failed to load]
[2025-05-24 16:28:17,726: INFO: file_loader: hts_risk_stratification_2_20250523123301_decrypted.json attempting to reload]
[2025-05-24 16:28:17,842: INFO: file_loader: " " successfully replace with NA]
[2025-05-24 16:28:18,172: INFO: file_loader: hts_risk_stratification_2_20250523123301_decrypted.json successfully ingested into stg_hts_risk_stratification table]
[2025-05-24 16:28:18,196: INFO: file_loader: file ingestion_log successfully updated]
[2025-05-24 16:28:18,228: INFO: file_loader: Sync File log updated for 1899259c-c19b-4756-aeff-c0f24bc84d95 successfully]
[2025-05-24 16:28:18,238: INFO: file_loader: Processing file]
[2025-05-24 16:28:18,239: INFO: file_loader: ----------------------------s-------------------------------------------------]
[2025-05-24 16:28:18,239: INFO: file_loader: The file '/home/lamisplus/server/temp/cYdxH1tF7Di/biometric_70_20250523103601_decrypted.json' exists.]
[2025-05-24 16:28:18,499: INFO: file_loader: successfully updated start_time, file_name and stg_table in sync_file]
[2025-05-24 16:28:18,500: INFO: file_loader: Processing file]
[2025-05-24 16:28:18,542: INFO: file_loader: biometric_70_20250523103601_decrypted.json previously failed to load]
[2025-05-24 16:28:18,542: INFO: file_loader: biometric_70_20250523103601_decrypted.json attempting to reload]
[2025-05-24 16:28:18,699: INFO: file_loader: " " successfully replace with NA]
[2025-05-24 16:28:19,137: INFO: file_loader: biometric_70_20250523103601_decrypted.json successfully ingested into stg_biometric table]
[2025-05-24 16:28:19,162: INFO: file_loader: file ingestion_log successfully updated]
[2025-05-24 16:28:19,189: INFO: file_loader: Sync File log updated for cee5ab20-41b8-4753-90c9-ee35359e9091 successfully]
[2025-05-24 16:28:19,201: INFO: file_loader: Processing file]
[2025-05-24 16:28:19,202: INFO: file_loader: ----------------------------s-------------------------------------------------]
[2025-05-24 16:28:19,202: INFO: file_loader: The file '/home/lamisplus/server/temp/t0jgNrpHrZk/base_application_codeset_0_20250523130329_decrypted.json' exists.]
[2025-05-24 16:28:19,515: INFO: file_loader: successfully updated start_time, file_name and stg_table in sync_file]
[2025-05-24 16:28:19,516: INFO: file_loader: Processing file]
[2025-05-24 16:28:19,550: INFO: file_loader: base_application_codeset_0_20250523130329_decrypted.json previously failed to load]
[2025-05-24 16:28:19,550: INFO: file_loader: base_application_codeset_0_20250523130329_decrypted.json attempting to reload]
[2025-05-24 16:28:19,661: INFO: file_loader: " " successfully replace with NA]
[2025-05-24 16:28:19,869: INFO: file_loader: base_application_codeset_0_20250523130329_decrypted.json successfully ingested into stg_base_application_codeset table]
[2025-05-24 16:28:19,891: INFO: file_loader: file ingestion_log successfully updated]
[2025-05-24 16:28:19,916: INFO: file_loader: Sync File log updated for 8fcad16d-b5fc-4cca-a146-4c931b5f08d9 successfully]
[2025-05-24 16:28:19,929: INFO: file_loader: Processing file]
[2025-05-24 16:28:19,929: INFO: file_loader: ----------------------------s-------------------------------------------------]
[2025-05-24 16:28:19,929: INFO: file_loader: The file '/home/lamisplus/server/temp/t0jgNrpHrZk/hiv_regimen_0_20250523130329_decrypted.json' exists.]
[2025-05-24 16:28:20,214: INFO: file_loader: successfully updated start_time, file_name and stg_table in sync_file]
[2025-05-24 16:28:20,215: INFO: file_loader: Processing file]
[2025-05-24 16:28:20,252: INFO: file_loader: hiv_regimen_0_20250523130329_decrypted.json previously failed to load]
[2025-05-24 16:28:20,252: INFO: file_loader: hiv_regimen_0_20250523130329_decrypted.json attempting to reload]
[2025-05-24 16:28:20,321: INFO: file_loader: " " successfully replace with NA]
[2025-05-24 16:28:20,383: INFO: file_loader: hiv_regimen_0_20250523130329_decrypted.json successfully ingested into stg_hiv_regimen table]
[2025-05-24 16:28:20,398: INFO: file_loader: file ingestion_log successfully updated]
[2025-05-24 16:28:20,427: INFO: file_loader: Sync File log updated for 07efb699-28b4-47fb-ac27-193b4c796411 successfully]
[2025-05-24 16:28:20,435: INFO: file_loader: Processing file]
[2025-05-24 16:28:20,435: INFO: file_loader: ----------------------------s-------------------------------------------------]
[2025-05-24 16:28:20,435: INFO: file_loader: The file '/home/lamisplus/server/temp/YE1lCEtYmen/hiv_art_pharmacy_15_20250523121320_decrypted.json' exists.]
[2025-05-24 16:28:20,678: INFO: file_loader: successfully updated start_time, file_name and stg_table in sync_file]
[2025-05-24 16:28:20,678: INFO: file_loader: Processing file]
[2025-05-24 16:28:20,712: INFO: file_loader: hiv_art_pharmacy_15_20250523121320_decrypted.json previously failed to load]
[2025-05-24 16:28:20,712: INFO: file_loader: hiv_art_pharmacy_15_20250523121320_decrypted.json attempting to reload]
[2025-05-24 16:28:20,891: INFO: file_loader: " " successfully replace with NA]
[2025-05-24 16:28:21,325: INFO: file_loader: hiv_art_pharmacy_15_20250523121320_decrypted.json successfully ingested into stg_hiv_art_pharmacy table]
[2025-05-24 16:28:21,352: INFO: file_loader: file ingestion_log successfully updated]
[2025-05-24 16:28:21,384: INFO: file_loader: Sync File log updated for aaadbb21-5005-452f-8a69-38bbea4c9587 successfully]
[2025-05-24 16:28:21,399: INFO: file_loader: Processing file]
[2025-05-24 16:28:21,399: INFO: file_loader: ----------------------------s-------------------------------------------------]
[2025-05-24 16:28:21,399: INFO: file_loader: The file '/home/lamisplus/server/temp/E1PW0PYkvDx/biometric_38_20250523123301_decrypted.json' exists.]
[2025-05-24 16:28:21,712: INFO: file_loader: successfully updated start_time, file_name and stg_table in sync_file]
[2025-05-24 16:28:21,713: INFO: file_loader: Processing file]
[2025-05-24 16:28:21,771: INFO: file_loader: biometric_38_20250523123301_decrypted.json previously failed to load]
[2025-05-24 16:28:21,771: INFO: file_loader: biometric_38_20250523123301_decrypted.json attempting to reload]
[2025-05-24 16:28:21,935: INFO: file_loader: " " successfully replace with NA]
[2025-05-24 16:28:22,384: INFO: file_loader: biometric_38_20250523123301_decrypted.json successfully ingested into stg_biometric table]
[2025-05-24 16:28:22,403: INFO: file_loader: file ingestion_log successfully updated]
[2025-05-24 16:28:22,429: INFO: file_loader: Sync File log updated for 7f28bd8a-9728-4bd3-88e3-74113d24db09 successfully]
[2025-05-24 16:28:22,448: INFO: file_loader: Processing file]
[2025-05-24 16:28:22,448: INFO: file_loader: ----------------------------s-------------------------------------------------]
[2025-05-24 16:28:22,448: INFO: file_loader: The file '/home/lamisplus/server/temp/E1PW0PYkvDx/hiv_enrollment_0_20250523123301_decrypted.json' exists.]
[2025-05-24 16:28:22,730: INFO: file_loader: successfully updated start_time, file_name and stg_table in sync_file]
[2025-05-24 16:28:22,730: INFO: file_loader: Processing file]
[2025-05-24 16:28:22,780: INFO: file_loader: hiv_enrollment_0_20250523123301_decrypted.json previously failed to load]
[2025-05-24 16:28:22,780: INFO: file_loader: hiv_enrollment_0_20250523123301_decrypted.json attempting to reload]
[2025-05-24 16:28:22,957: INFO: file_loader: " " successfully replace with NA]
[2025-05-24 16:28:23,398: INFO: file_loader: hiv_enrollment_0_20250523123301_decrypted.json successfully ingested into stg_hiv_enrollment table]
[2025-05-24 16:28:23,417: INFO: file_loader: file ingestion_log successfully updated]
[2025-05-24 16:28:23,443: INFO: file_loader: Sync File log updated for 31501533-133b-438f-a5ae-b0d71c1b89d1 successfully]
[2025-05-24 16:28:23,453: INFO: file_loader: Processing file]
[2025-05-24 16:28:23,453: INFO: file_loader: ----------------------------s-------------------------------------------------]
[2025-05-24 16:28:23,453: INFO: file_loader: The file '/home/lamisplus/server/temp/t0jgNrpHrZk/hts_family_index_0_20250523130329_decrypted.json' exists.]
[2025-05-24 16:28:23,760: INFO: file_loader: successfully updated start_time, file_name and stg_table in sync_file]
[2025-05-24 16:28:23,760: INFO: file_loader: Processing file]
[2025-05-24 16:28:23,797: INFO: file_loader: hts_family_index_0_20250523130329_decrypted.json previously failed to load]
[2025-05-24 16:28:23,798: INFO: file_loader: hts_family_index_0_20250523130329_decrypted.json attempting to reload]
[2025-05-24 16:28:23,876: INFO: file_loader: " " successfully replace with NA]
[2025-05-24 16:28:23,914: INFO: file_loader: hts_family_index_0_20250523130329_decrypted.json successfully ingested into stg_hts_family_index table]
[2025-05-24 16:28:23,935: INFO: file_loader: file ingestion_log successfully updated]
[2025-05-24 16:28:23,965: INFO: file_loader: Sync File log updated for a55a56a5-d29a-422a-9310-ca9316502fd7 successfully]
[2025-05-24 16:28:23,975: INFO: file_loader: Processing file]
[2025-05-24 16:28:23,976: INFO: file_loader: ----------------------------s-------------------------------------------------]
[2025-05-24 16:28:23,976: INFO: file_loader: The file '/home/lamisplus/server/temp/E1PW0PYkvDx/patient_visit_28_20250523123301_decrypted.json' exists.]
[2025-05-24 16:28:24,270: INFO: file_loader: successfully updated start_time, file_name and stg_table in sync_file]
[2025-05-24 16:28:24,270: INFO: file_loader: Processing file]
[2025-05-24 16:28:24,323: INFO: file_loader: patient_visit_28_20250523123301_decrypted.json previously failed to load]
[2025-05-24 16:28:24,323: INFO: file_loader: patient_visit_28_20250523123301_decrypted.json attempting to reload]
[2025-05-24 16:28:24,460: INFO: file_loader: " " successfully replace with NA]
[2025-05-24 16:28:24,747: INFO: file_loader: patient_visit_28_20250523123301_decrypted.json successfully ingested into stg_patient_visit table]
[2025-05-24 16:28:24,770: INFO: file_loader: file ingestion_log successfully updated]
[2025-05-24 16:28:24,800: INFO: file_loader: Sync File log updated for 425215ba-fa5a-4cba-9b7e-c9afcd059ab2 successfully]
[2025-05-24 16:28:24,814: INFO: file_loader: Processing file]
[2025-05-24 16:28:24,815: INFO: file_loader: ----------------------------s-------------------------------------------------]
[2025-05-24 16:28:24,815: INFO: file_loader: The file '/home/lamisplus/server/temp/t0jgNrpHrZk/hiv_art_pharmacy_regimens_4_20250523130329_decrypted.json' exists.]
[2025-05-24 16:28:25,098: INFO: file_loader: successfully updated start_time, file_name and stg_table in sync_file]
[2025-05-24 16:28:25,098: INFO: file_loader: Processing file]
[2025-05-24 16:28:25,153: INFO: file_loader: hiv_art_pharmacy_regimens_4_20250523130329_decrypted.json previously failed to load]
[2025-05-24 16:28:25,154: INFO: file_loader: hiv_art_pharmacy_regimens_4_20250523130329_decrypted.json attempting to reload]
[2025-05-24 16:28:25,227: INFO: file_loader: " " successfully replace with NA]
[2025-05-24 16:28:25,358: INFO: file_loader: hiv_art_pharmacy_regimens_4_20250523130329_decrypted.json successfully ingested into stg_hiv_art_pharmacy_regimens table]
[2025-05-24 16:28:25,380: INFO: file_loader: file ingestion_log successfully updated]
[2025-05-24 16:28:25,403: INFO: file_loader: Sync File log updated for 50710cea-b26f-4be6-8b95-3fe4b53e2b3e successfully]
[2025-05-24 16:28:25,419: INFO: file_loader: Processing file]
[2025-05-24 16:28:25,420: INFO: file_loader: ----------------------------s-------------------------------------------------]
[2025-05-24 16:28:25,420: INFO: file_loader: The file '/home/lamisplus/server/temp/E1PW0PYkvDx/patient_visit_18_20250523123301_decrypted.json' exists.]
[2025-05-24 16:28:25,736: INFO: file_loader: successfully updated start_time, file_name and stg_table in sync_file]
[2025-05-24 16:28:25,736: INFO: file_loader: Processing file]
[2025-05-24 16:28:25,787: INFO: file_loader: patient_visit_18_20250523123301_decrypted.json previously failed to load]
[2025-05-24 16:28:25,787: INFO: file_loader: patient_visit_18_20250523123301_decrypted.json attempting to reload]
[2025-05-24 16:28:25,893: INFO: file_loader: " " successfully replace with NA]
[2025-05-24 16:28:26,117: INFO: file_loader: patient_visit_18_20250523123301_decrypted.json successfully ingested into stg_patient_visit table]
[2025-05-24 16:28:26,135: INFO: file_loader: file ingestion_log successfully updated]
[2025-05-24 16:28:26,157: INFO: file_loader: Sync File log updated for 95bac910-f558-40ce-8893-33e28cf3ce55 successfully]
[2025-05-24 16:28:26,172: INFO: file_loader: Processing file]
[2025-05-24 16:28:26,172: INFO: file_loader: ----------------------------s-------------------------------------------------]
[2025-05-24 16:28:26,172: INFO: file_loader: The file '/home/lamisplus/server/temp/t0jgNrpHrZk/hiv_regimen_type_0_20250523130329_decrypted.json' exists.]
[2025-05-24 16:28:26,436: INFO: file_loader: successfully updated start_time, file_name and stg_table in sync_file]
[2025-05-24 16:28:26,436: INFO: file_loader: Processing file]
[2025-05-24 16:28:26,474: INFO: file_loader: hiv_regimen_type_0_20250523130329_decrypted.json previously failed to load]
[2025-05-24 16:28:26,474: INFO: file_loader: hiv_regimen_type_0_20250523130329_decrypted.json attempting to reload]
[2025-05-24 16:28:26,535: INFO: file_loader: " " successfully replace with NA]
[2025-05-24 16:28:26,578: INFO: file_loader: hiv_regimen_type_0_20250523130329_decrypted.json successfully ingested into stg_hiv_regimen_type table]
[2025-05-24 16:28:26,601: INFO: file_loader: file ingestion_log successfully updated]
[2025-05-24 16:28:26,634: INFO: file_loader: Sync File log updated for 928a5358-bff0-4e63-85aa-019b59cd8717 successfully]
[2025-05-24 16:28:26,645: INFO: file_loader: Processing file]
[2025-05-24 16:28:26,645: INFO: file_loader: ----------------------------s-------------------------------------------------]
[2025-05-24 16:28:26,645: INFO: file_loader: The file '/home/lamisplus/server/temp/E1PW0PYkvDx/case_manager_patients_2_20250523123301_decrypted.json' exists.]
[2025-05-24 16:28:26,827: INFO: file_loader: successfully updated start_time, file_name and stg_table in sync_file]
[2025-05-24 16:28:26,828: INFO: file_loader: Processing file]
[2025-05-24 16:28:26,872: INFO: file_loader: case_manager_patients_2_20250523123301_decrypted.json previously failed to load]
[2025-05-24 16:28:26,873: INFO: file_loader: case_manager_patients_2_20250523123301_decrypted.json attempting to reload]
[2025-05-24 16:28:26,975: INFO: file_loader: " " successfully replace with NA]
[2025-05-24 16:28:27,195: INFO: file_loader: case_manager_patients_2_20250523123301_decrypted.json successfully ingested into stg_case_manager_patients table]
[2025-05-24 16:28:27,217: INFO: file_loader: file ingestion_log successfully updated]
[2025-05-24 16:28:27,243: INFO: file_loader: Sync File log updated for 31238b45-6626-4964-9fbe-6dc3f4ad9048 successfully]
[2025-05-24 16:28:27,254: INFO: file_loader: Processing file]
[2025-05-24 16:28:27,254: INFO: file_loader: ----------------------------s-------------------------------------------------]
[2025-05-24 16:28:27,255: INFO: file_loader: The file '/home/lamisplus/server/temp/t0jgNrpHrZk/laboratory_test_0_20250523130329_decrypted.json' exists.]
[2025-05-24 16:28:27,517: INFO: file_loader: successfully updated start_time, file_name and stg_table in sync_file]
[2025-05-24 16:28:27,517: INFO: file_loader: Processing file]
[2025-05-24 16:28:27,573: INFO: file_loader: laboratory_test_0_20250523130329_decrypted.json previously failed to load]
[2025-05-24 16:28:27,573: INFO: file_loader: laboratory_test_0_20250523130329_decrypted.json attempting to reload]
[2025-05-24 16:28:27,652: INFO: file_loader: " " successfully replace with NA]
[2025-05-24 16:28:27,691: INFO: file_loader: laboratory_test_0_20250523130329_decrypted.json successfully ingested into stg_laboratory_test table]
[2025-05-24 16:28:27,713: INFO: file_loader: file ingestion_log successfully updated]
[2025-05-24 16:28:27,746: INFO: file_loader: Sync File log updated for 83a7a46f-1147-4ed9-a2f6-137ecfd356c0 successfully]
[2025-05-24 16:28:27,760: INFO: file_loader: Processing file]
[2025-05-24 16:28:27,760: INFO: file_loader: ----------------------------s-------------------------------------------------]
[2025-05-24 16:28:27,760: INFO: file_loader: The file '/home/lamisplus/server/temp/sP8QEwb0SXo/patient_encounter_1_20250523131401_decrypted.json' exists.]
[2025-05-24 16:28:27,998: INFO: file_loader: successfully updated start_time, file_name and stg_table in sync_file]
[2025-05-24 16:28:27,999: INFO: file_loader: Processing file]
[2025-05-24 16:28:28,044: INFO: file_loader: patient_encounter_1_20250523131401_decrypted.json previously failed to load]
[2025-05-24 16:28:28,044: INFO: file_loader: patient_encounter_1_20250523131401_decrypted.json attempting to reload]
[2025-05-24 16:28:28,169: INFO: file_loader: " " successfully replace with NA]
[2025-05-24 16:28:28,365: INFO: file_loader: patient_encounter_1_20250523131401_decrypted.json successfully ingested into stg_patient_encounter table]
[2025-05-24 16:28:28,385: INFO: file_loader: file ingestion_log successfully updated]
[2025-05-24 16:28:28,415: INFO: file_loader: Sync File log updated for c12a8ebe-76ad-4f06-9a90-3a17a53cca0c successfully]
[2025-05-24 16:28:28,433: INFO: file_loader: Processing file]
[2025-05-24 16:28:28,434: INFO: file_loader: ----------------------------s-------------------------------------------------]
[2025-05-24 16:28:28,434: INFO: file_loader: The file '/home/lamisplus/server/temp/sP8QEwb0SXo/case_manager_patients_0_20250523131401_decrypted.json' exists.]
[2025-05-24 16:28:28,715: INFO: file_loader: successfully updated start_time, file_name and stg_table in sync_file]
[2025-05-24 16:28:28,716: INFO: file_loader: Processing file]
[2025-05-24 16:28:28,771: INFO: file_loader: case_manager_patients_0_20250523131401_decrypted.json previously failed to load]
[2025-05-24 16:28:28,771: INFO: file_loader: case_manager_patients_0_20250523131401_decrypted.json attempting to reload]
[2025-05-24 16:28:28,887: INFO: file_loader: " " successfully replace with NA]
[2025-05-24 16:28:29,079: INFO: file_loader: case_manager_patients_0_20250523131401_decrypted.json successfully ingested into stg_case_manager_patients table]
[2025-05-24 16:28:29,107: INFO: file_loader: file ingestion_log successfully updated]
[2025-05-24 16:28:29,137: INFO: file_loader: Sync File log updated for 88befb39-1919-4b14-bcc0-4886d748ec7e successfully]
[2025-05-24 16:28:29,154: INFO: file_loader: Processing file]
[2025-05-24 16:28:29,154: INFO: file_loader: ----------------------------s-------------------------------------------------]
[2025-05-24 16:28:29,155: INFO: file_loader: The file '/home/lamisplus/server/temp/TeUPDYF4sGG/biometric_110_20250523080646_decrypted.json' exists.]
[2025-05-24 16:28:29,392: INFO: file_loader: successfully updated start_time, file_name and stg_table in sync_file]
[2025-05-24 16:28:29,393: INFO: file_loader: Processing file]
[2025-05-24 16:28:29,440: INFO: file_loader: biometric_110_20250523080646_decrypted.json previously failed to load]
[2025-05-24 16:28:29,440: INFO: file_loader: biometric_110_20250523080646_decrypted.json attempting to reload]
[2025-05-24 16:28:29,597: INFO: file_loader: " " successfully replace with NA]
[2025-05-24 16:28:30,127: INFO: file_loader: biometric_110_20250523080646_decrypted.json successfully ingested into stg_biometric table]
[2025-05-24 16:28:30,143: INFO: file_loader: file ingestion_log successfully updated]
[2025-05-24 16:28:30,173: INFO: file_loader: Sync File log updated for 48a9b264-61c6-4a6c-b976-990ade065d2b successfully]
[2025-05-24 16:28:30,192: INFO: file_loader: Processing file]
[2025-05-24 16:28:30,192: INFO: file_loader: ----------------------------s-------------------------------------------------]
[2025-05-24 16:28:30,193: INFO: file_loader: The file '/home/lamisplus/server/temp/TeUPDYF4sGG/biometric_111_20250523080646_decrypted.json' exists.]
[2025-05-24 16:28:30,373: INFO: file_loader: successfully updated start_time, file_name and stg_table in sync_file]
[2025-05-24 16:28:30,374: INFO: file_loader: Processing file]
[2025-05-24 16:28:30,425: INFO: file_loader: biometric_111_20250523080646_decrypted.json previously failed to load]
[2025-05-24 16:28:30,425: INFO: file_loader: biometric_111_20250523080646_decrypted.json attempting to reload]
[2025-05-24 16:28:30,571: INFO: file_loader: " " successfully replace with NA]
[2025-05-24 16:28:31,053: INFO: file_loader: biometric_111_20250523080646_decrypted.json successfully ingested into stg_biometric table]
[2025-05-24 16:28:31,077: INFO: file_loader: file ingestion_log successfully updated]
[2025-05-24 16:28:31,106: INFO: file_loader: Sync File log updated for 31a36f11-3c55-489c-8820-023fe5007305 successfully]
[2025-05-24 16:28:31,119: INFO: file_loader: Processing file]
[2025-05-24 16:28:31,119: INFO: file_loader: ----------------------------s-------------------------------------------------]
[2025-05-24 16:28:31,119: INFO: file_loader: The file '/home/lamisplus/server/temp/sP8QEwb0SXo/patient_visit_0_20250523131401_decrypted.json' exists.]
[2025-05-24 16:28:31,404: INFO: file_loader: successfully updated start_time, file_name and stg_table in sync_file]
[2025-05-24 16:28:31,405: INFO: file_loader: Processing file]
[2025-05-24 16:28:31,450: INFO: file_loader: patient_visit_0_20250523131401_decrypted.json previously failed to load]
[2025-05-24 16:28:31,450: INFO: file_loader: patient_visit_0_20250523131401_decrypted.json attempting to reload]
[2025-05-24 16:28:31,568: INFO: file_loader: " " successfully replace with NA]
[2025-05-24 16:28:31,809: INFO: file_loader: patient_visit_0_20250523131401_decrypted.json successfully ingested into stg_patient_visit table]
[2025-05-24 16:28:31,834: INFO: file_loader: file ingestion_log successfully updated]
[2025-05-24 16:28:31,861: INFO: file_loader: Sync File log updated for b866999a-3a47-41b0-afd0-a82e12180f94 successfully]
[2025-05-24 16:28:31,877: INFO: file_loader: Processing file]
[2025-05-24 16:28:31,877: INFO: file_loader: ----------------------------s-------------------------------------------------]
[2025-05-24 16:28:31,877: INFO: file_loader: The file '/home/lamisplus/server/temp/dpwdySv7O4A/hts_client_7_20250523131750_decrypted.json' exists.]
[2025-05-24 16:28:32,167: INFO: file_loader: successfully updated start_time, file_name and stg_table in sync_file]
[2025-05-24 16:28:32,167: INFO: file_loader: Processing file]
[2025-05-24 16:28:32,214: INFO: file_loader: hts_client_7_20250523131750_decrypted.json previously failed to load]
[2025-05-24 16:28:32,215: INFO: file_loader: hts_client_7_20250523131750_decrypted.json attempting to reload]
[2025-05-24 16:28:32,596: INFO: file_loader: " " successfully replace with NA]
[2025-05-24 16:28:33,752: INFO: file_loader: hts_client_7_20250523131750_decrypted.json successfully ingested into stg_hts_client table]
[2025-05-24 16:28:33,771: INFO: file_loader: file ingestion_log successfully updated]
[2025-05-24 16:28:33,800: INFO: file_loader: Sync File log updated for a19ef0b8-8623-4bb0-a6ae-3e1f1cad130c successfully]
[2025-05-24 16:28:33,842: INFO: file_loader: Processing file]
[2025-05-24 16:28:33,842: INFO: file_loader: ----------------------------s-------------------------------------------------]
[2025-05-24 16:28:33,842: INFO: file_loader: The file '/home/lamisplus/server/temp/TeUPDYF4sGG/biometric_112_20250523080646_decrypted.json' exists.]
[2025-05-24 16:28:34,133: INFO: file_loader: successfully updated start_time, file_name and stg_table in sync_file]
[2025-05-24 16:28:34,133: INFO: file_loader: Processing file]
[2025-05-24 16:28:34,180: INFO: file_loader: biometric_112_20250523080646_decrypted.json previously failed to load]
[2025-05-24 16:28:34,181: INFO: file_loader: biometric_112_20250523080646_decrypted.json attempting to reload]
[2025-05-24 16:28:34,334: INFO: file_loader: " " successfully replace with NA]
[2025-05-24 16:28:34,851: INFO: file_loader: biometric_112_20250523080646_decrypted.json successfully ingested into stg_biometric table]
[2025-05-24 16:28:34,874: INFO: file_loader: file ingestion_log successfully updated]
[2025-05-24 16:28:34,895: INFO: file_loader: Sync File log updated for e8753606-1182-4b8e-bb03-199b627a3676 successfully]
[2025-05-24 16:28:34,906: INFO: file_loader: Processing file]
[2025-05-24 16:28:34,906: INFO: file_loader: ----------------------------s-------------------------------------------------]
[2025-05-24 16:28:34,906: INFO: file_loader: The file '/home/lamisplus/server/temp/dpwdySv7O4A/biometric_81_20250523131750_decrypted.json' exists.]
[2025-05-24 16:28:35,152: INFO: file_loader: successfully updated start_time, file_name and stg_table in sync_file]
[2025-05-24 16:28:35,153: INFO: file_loader: Processing file]
[2025-05-24 16:28:35,200: INFO: file_loader: biometric_81_20250523131750_decrypted.json previously failed to load]
[2025-05-24 16:28:35,200: INFO: file_loader: biometric_81_20250523131750_decrypted.json attempting to reload]
[2025-05-24 16:28:35,354: INFO: file_loader: " " successfully replace with NA]
[2025-05-24 16:28:35,741: INFO: file_loader: biometric_81_20250523131750_decrypted.json successfully ingested into stg_biometric table]
[2025-05-24 16:28:35,766: INFO: file_loader: file ingestion_log successfully updated]
[2025-05-24 16:28:35,795: INFO: file_loader: Sync File log updated for b66e5248-1bc1-48cf-b7a3-9da833ea3f46 successfully]
[2025-05-24 16:28:35,808: INFO: file_loader: Processing file]
[2025-05-24 16:28:35,808: INFO: file_loader: ----------------------------s-------------------------------------------------]
[2025-05-24 16:28:35,808: INFO: file_loader: The file '/home/lamisplus/server/temp/TeUPDYF4sGG/biometric_113_20250523080646_decrypted.json' exists.]
[2025-05-24 16:28:36,039: INFO: file_loader: successfully updated start_time, file_name and stg_table in sync_file]
[2025-05-24 16:28:36,040: INFO: file_loader: Processing file]
[2025-05-24 16:28:36,092: INFO: file_loader: biometric_113_20250523080646_decrypted.json previously failed to load]
[2025-05-24 16:28:36,092: INFO: file_loader: biometric_113_20250523080646_decrypted.json attempting to reload]
[2025-05-24 16:28:36,241: INFO: file_loader: " " successfully replace with NA]
[2025-05-24 16:28:36,776: INFO: file_loader: biometric_113_20250523080646_decrypted.json successfully ingested into stg_biometric table]
[2025-05-24 16:28:36,791: INFO: file_loader: file ingestion_log successfully updated]
[2025-05-24 16:28:36,819: INFO: file_loader: Sync File log updated for 63764f4b-c8fb-413b-beb7-02042a1b257e successfully]
[2025-05-24 16:28:36,828: INFO: file_loader: Processing file]
[2025-05-24 16:28:36,829: INFO: file_loader: ----------------------------s-------------------------------------------------]
[2025-05-24 16:28:36,829: INFO: file_loader: The file '/home/lamisplus/server/temp/E1PW0PYkvDx/hiv_observation_11_20250523123301_decrypted.json' exists.]
[2025-05-24 16:28:37,035: INFO: file_loader: successfully updated start_time, file_name and stg_table in sync_file]
[2025-05-24 16:28:37,036: INFO: file_loader: Processing file]
[2025-05-24 16:28:37,088: INFO: file_loader: hiv_observation_11_20250523123301_decrypted.json previously failed to load]
[2025-05-24 16:28:37,088: INFO: file_loader: hiv_observation_11_20250523123301_decrypted.json attempting to reload]
[2025-05-24 16:28:37,261: INFO: file_loader: " " successfully replace with NA]
[2025-05-24 16:28:37,717: INFO: file_loader: hiv_observation_11_20250523123301_decrypted.json successfully ingested into stg_hiv_observation table]
[2025-05-24 16:28:37,738: INFO: file_loader: file ingestion_log successfully updated]
[2025-05-24 16:28:37,763: INFO: file_loader: Sync File log updated for 2c57ffa5-6bc2-4f16-a69a-c4ce69bc39bf successfully]
[2025-05-24 16:28:37,784: INFO: file_loader: Processing file]
[2025-05-24 16:28:37,784: INFO: file_loader: ----------------------------s-------------------------------------------------]
[2025-05-24 16:28:37,784: INFO: file_loader: The file '/home/lamisplus/server/temp/dpwdySv7O4A/hiv_art_pharmacy_18_20250523131750_decrypted.json' exists.]
[2025-05-24 16:28:38,063: INFO: file_loader: successfully updated start_time, file_name and stg_table in sync_file]
[2025-05-24 16:28:38,063: INFO: file_loader: Processing file]
[2025-05-24 16:28:38,107: INFO: file_loader: hiv_art_pharmacy_18_20250523131750_decrypted.json previously failed to load]
[2025-05-24 16:28:38,107: INFO: file_loader: hiv_art_pharmacy_18_20250523131750_decrypted.json attempting to reload]
[2025-05-24 16:28:38,257: INFO: file_loader: " " successfully replace with NA]
[2025-05-24 16:28:38,641: INFO: file_loader: hiv_art_pharmacy_18_20250523131750_decrypted.json successfully ingested into stg_hiv_art_pharmacy table]
[2025-05-24 16:28:38,670: INFO: file_loader: file ingestion_log successfully updated]
[2025-05-24 16:28:38,705: INFO: file_loader: Sync File log updated for ca414f56-4ea9-49f0-ad62-98b9749b07ae successfully]
[2025-05-24 16:28:38,718: INFO: file_loader: Processing file]
[2025-05-24 16:28:38,718: INFO: file_loader: ----------------------------s-------------------------------------------------]
[2025-05-24 16:28:38,718: INFO: file_loader: The file '/home/lamisplus/server/temp/sP8QEwb0SXo/biometric_6_20250523131401_decrypted.json' exists.]
[2025-05-24 16:28:38,915: INFO: file_loader: successfully updated start_time, file_name and stg_table in sync_file]
[2025-05-24 16:28:38,915: INFO: file_loader: Processing file]
[2025-05-24 16:28:38,955: INFO: file_loader: biometric_6_20250523131401_decrypted.json previously failed to load]
[2025-05-24 16:28:38,956: INFO: file_loader: biometric_6_20250523131401_decrypted.json attempting to reload]
[2025-05-24 16:28:39,139: INFO: file_loader: " " successfully replace with NA]
[2025-05-24 16:28:39,537: INFO: file_loader: biometric_6_20250523131401_decrypted.json successfully ingested into stg_biometric table]
[2025-05-24 16:28:39,561: INFO: file_loader: file ingestion_log successfully updated]
[2025-05-24 16:28:39,589: INFO: file_loader: Sync File log updated for 074a88a0-dc20-4f9f-a7a8-8e1107361e38 successfully]
[2025-05-24 16:28:39,600: INFO: file_loader: Processing file]
[2025-05-24 16:28:39,600: INFO: file_loader: ----------------------------s-------------------------------------------------]
[2025-05-24 16:28:39,600: INFO: file_loader: The file '/home/lamisplus/server/temp/dpwdySv7O4A/hiv_art_pharmacy_regimens_19_20250523131750_decrypted.json' exists.]
[2025-05-24 16:28:39,850: INFO: file_loader: successfully updated start_time, file_name and stg_table in sync_file]
[2025-05-24 16:28:39,851: INFO: file_loader: Processing file]
[2025-05-24 16:28:39,906: INFO: file_loader: hiv_art_pharmacy_regimens_19_20250523131750_decrypted.json previously failed to load]
[2025-05-24 16:28:39,906: INFO: file_loader: hiv_art_pharmacy_regimens_19_20250523131750_decrypted.json attempting to reload]
[2025-05-24 16:28:39,974: INFO: file_loader: " " successfully replace with NA]
[2025-05-24 16:28:40,113: INFO: file_loader: hiv_art_pharmacy_regimens_19_20250523131750_decrypted.json successfully ingested into stg_hiv_art_pharmacy_regimens table]
[2025-05-24 16:28:40,135: INFO: file_loader: file ingestion_log successfully updated]
[2025-05-24 16:28:40,165: INFO: file_loader: Sync File log updated for 82328773-2a32-454f-a8f0-93aea964f3ae successfully]
[2025-05-24 16:28:40,180: INFO: file_loader: Processing file]
[2025-05-24 16:28:40,181: INFO: file_loader: ----------------------------s-------------------------------------------------]
[2025-05-24 16:28:40,181: INFO: file_loader: The file '/home/lamisplus/server/temp/TeUPDYF4sGG/biometric_114_20250523080646_decrypted.json' exists.]
[2025-05-24 16:28:40,379: INFO: file_loader: successfully updated start_time, file_name and stg_table in sync_file]
[2025-05-24 16:28:40,380: INFO: file_loader: Processing file]
[2025-05-24 16:28:40,428: INFO: file_loader: biometric_114_20250523080646_decrypted.json previously failed to load]
[2025-05-24 16:28:40,428: INFO: file_loader: biometric_114_20250523080646_decrypted.json attempting to reload]
[2025-05-24 16:28:40,599: INFO: file_loader: " " successfully replace with NA]
[2025-05-24 16:28:41,059: INFO: file_loader: biometric_114_20250523080646_decrypted.json successfully ingested into stg_biometric table]
[2025-05-24 16:28:41,083: INFO: file_loader: file ingestion_log successfully updated]
[2025-05-24 16:28:41,112: INFO: file_loader: Sync File log updated for 00c07423-6dbe-426c-8bf7-a7e36d5f16b6 successfully]
[2025-05-24 16:28:41,129: INFO: file_loader: Processing file]
[2025-05-24 16:28:41,129: INFO: file_loader: ----------------------------s-------------------------------------------------]
[2025-05-24 16:28:41,129: INFO: file_loader: The file '/home/lamisplus/server/temp/sP8QEwb0SXo/biometric_8_20250523131401_decrypted.json' exists.]
[2025-05-24 16:28:41,337: INFO: file_loader: successfully updated start_time, file_name and stg_table in sync_file]
[2025-05-24 16:28:41,337: INFO: file_loader: Processing file]
[2025-05-24 16:28:41,380: INFO: file_loader: biometric_8_20250523131401_decrypted.json previously failed to load]
[2025-05-24 16:28:41,380: INFO: file_loader: biometric_8_20250523131401_decrypted.json attempting to reload]
[2025-05-24 16:28:41,544: INFO: file_loader: " " successfully replace with NA]
[2025-05-24 16:28:41,932: INFO: file_loader: biometric_8_20250523131401_decrypted.json successfully ingested into stg_biometric table]
[2025-05-24 16:28:41,949: INFO: file_loader: file ingestion_log successfully updated]
[2025-05-24 16:28:41,974: INFO: file_loader: Sync File log updated for 49a58679-9bd7-441a-a47c-e6c65b5579ef successfully]
[2025-05-24 16:28:41,984: INFO: file_loader: Processing file]
[2025-05-24 16:28:41,984: INFO: file_loader: ----------------------------s-------------------------------------------------]
[2025-05-24 16:28:41,985: INFO: file_loader: The file '/home/lamisplus/server/temp/dpwdySv7O4A/hts_client_6_20250523131750_decrypted.json' exists.]
[2025-05-24 16:28:42,178: INFO: file_loader: successfully updated start_time, file_name and stg_table in sync_file]
[2025-05-24 16:28:42,178: INFO: file_loader: Processing file]
[2025-05-24 16:28:42,221: INFO: file_loader: hts_client_6_20250523131750_decrypted.json previously failed to load]
[2025-05-24 16:28:42,222: INFO: file_loader: hts_client_6_20250523131750_decrypted.json attempting to reload]
[2025-05-24 16:28:42,575: INFO: file_loader: " " successfully replace with NA]
[2025-05-24 16:28:43,615: INFO: file_loader: hts_client_6_20250523131750_decrypted.json successfully ingested into stg_hts_client table]
[2025-05-24 16:28:43,629: INFO: file_loader: file ingestion_log successfully updated]
[2025-05-24 16:28:43,650: INFO: file_loader: Sync File log updated for 484700cd-e442-4111-8855-37664cfe8e4f successfully]
[2025-05-24 16:28:43,683: INFO: file_loader: Processing file]
[2025-05-24 16:28:43,683: INFO: file_loader: ----------------------------s-------------------------------------------------]
[2025-05-24 16:28:43,684: INFO: file_loader: The file '/home/lamisplus/server/temp/TeUPDYF4sGG/biometric_115_20250523080646_decrypted.json' exists.]
[2025-05-24 16:28:43,943: INFO: file_loader: successfully updated start_time, file_name and stg_table in sync_file]
[2025-05-24 16:28:43,944: INFO: file_loader: Processing file]
[2025-05-24 16:28:43,972: INFO: file_loader: biometric_115_20250523080646_decrypted.json previously failed to load]
[2025-05-24 16:28:43,973: INFO: file_loader: biometric_115_20250523080646_decrypted.json attempting to reload]
[2025-05-24 16:28:44,120: INFO: file_loader: " " successfully replace with NA]
[2025-05-24 16:28:44,541: INFO: file_loader: biometric_115_20250523080646_decrypted.json successfully ingested into stg_biometric table]
[2025-05-24 16:28:44,563: INFO: file_loader: file ingestion_log successfully updated]
[2025-05-24 16:28:44,592: INFO: file_loader: Sync File log updated for da65fcca-61d7-4c0b-baab-56097a3eabcc successfully]
[2025-05-24 16:28:44,604: INFO: file_loader: Processing file]
[2025-05-24 16:28:44,604: INFO: file_loader: ----------------------------s-------------------------------------------------]
[2025-05-24 16:28:44,604: INFO: file_loader: The file '/home/lamisplus/server/temp/E1PW0PYkvDx/hts_risk_stratification_13_20250523123301_decrypted.json' exists.]
[2025-05-24 16:28:44,865: INFO: file_loader: successfully updated start_time, file_name and stg_table in sync_file]
[2025-05-24 16:28:44,866: INFO: file_loader: Processing file]
[2025-05-24 16:28:44,914: INFO: file_loader: hts_risk_stratification_13_20250523123301_decrypted.json previously failed to load]
[2025-05-24 16:28:44,914: INFO: file_loader: hts_risk_stratification_13_20250523123301_decrypted.json attempting to reload]
[2025-05-24 16:28:45,049: INFO: file_loader: " " successfully replace with NA]
[2025-05-24 16:28:45,409: INFO: file_loader: hts_risk_stratification_13_20250523123301_decrypted.json successfully ingested into stg_hts_risk_stratification table]
[2025-05-24 16:28:45,431: INFO: file_loader: file ingestion_log successfully updated]
[2025-05-24 16:28:45,458: INFO: file_loader: Sync File log updated for 2a066b12-460f-4ef7-b567-4580e56c4e98 successfully]
[2025-05-24 16:28:45,472: INFO: file_loader: Processing file]
[2025-05-24 16:28:45,472: INFO: file_loader: ----------------------------s-------------------------------------------------]
[2025-05-24 16:28:45,472: INFO: file_loader: The file '/home/lamisplus/server/temp/dpwdySv7O4A/patient_person_3_20250523131750_decrypted.json' exists.]
[2025-05-24 16:28:45,649: INFO: file_loader: successfully updated start_time, file_name and stg_table in sync_file]
[2025-05-24 16:28:45,649: INFO: file_loader: Processing file]
[2025-05-24 16:28:45,686: INFO: file_loader: patient_person_3_20250523131750_decrypted.json previously failed to load]
[2025-05-24 16:28:45,687: INFO: file_loader: patient_person_3_20250523131750_decrypted.json attempting to reload]
[2025-05-24 16:28:45,937: INFO: file_loader: " " successfully replace with NA]
[2025-05-24 16:28:46,511: INFO: file_loader: patient_person_3_20250523131750_decrypted.json successfully ingested into stg_patient_person table]
[2025-05-24 16:28:46,535: INFO: file_loader: file ingestion_log successfully updated]
[2025-05-24 16:28:46,565: INFO: file_loader: Sync File log updated for 30e113e2-0162-4eaf-bc14-9a185acb47a3 successfully]
[2025-05-24 16:28:46,665: INFO: file_loader: Central Partner Mapping updated for dpwdySv7O4A successfully]
[2025-05-24 16:28:46,665: INFO: file_loader: json files successfully processed]
[2025-05-24 16:28:56,346: INFO: file_loader: Processing file]
[2025-05-24 16:28:56,346: INFO: file_loader: ----------------------------s-------------------------------------------------]
[2025-05-24 16:28:56,346: INFO: file_loader: The file '/home/lamisplus/server/temp/sP8QEwb0SXo/biometric_9_20250523131401_decrypted.json' exists.]
[2025-05-24 16:28:56,634: INFO: file_loader: successfully updated start_time, file_name and stg_table in sync_file]
[2025-05-24 16:28:56,635: INFO: file_loader: Processing file]
[2025-05-24 16:28:56,685: INFO: file_loader: biometric_9_20250523131401_decrypted.json previously failed to load]
[2025-05-24 16:28:56,686: INFO: file_loader: biometric_9_20250523131401_decrypted.json attempting to reload]
[2025-05-24 16:28:56,843: INFO: file_loader: " " successfully replace with NA]
[2025-05-24 16:28:57,242: INFO: file_loader: biometric_9_20250523131401_decrypted.json successfully ingested into stg_biometric table]
[2025-05-24 16:28:57,267: INFO: file_loader: file ingestion_log successfully updated]
[2025-05-24 16:28:57,292: INFO: file_loader: Sync File log updated for 281005c1-b363-44a5-bff5-9db660ddf1b2 successfully]
[2025-05-24 16:28:57,308: INFO: file_loader: Processing file]
[2025-05-24 16:28:57,309: INFO: file_loader: ----------------------------s-------------------------------------------------]
[2025-05-24 16:28:57,309: INFO: file_loader: The file '/home/lamisplus/server/temp/dpwdySv7O4A/hiv_art_pharmacy_regimens_2_20250523131750_decrypted.json' exists.]
[2025-05-24 16:28:57,579: INFO: file_loader: successfully updated start_time, file_name and stg_table in sync_file]
[2025-05-24 16:28:57,579: INFO: file_loader: Processing file]
[2025-05-24 16:28:57,627: INFO: file_loader: hiv_art_pharmacy_regimens_2_20250523131750_decrypted.json previously failed to load]
[2025-05-24 16:28:57,627: INFO: file_loader: hiv_art_pharmacy_regimens_2_20250523131750_decrypted.json attempting to reload]
[2025-05-24 16:28:57,714: INFO: file_loader: " " successfully replace with NA]
[2025-05-24 16:28:57,830: INFO: file_loader: hiv_art_pharmacy_regimens_2_20250523131750_decrypted.json successfully ingested into stg_hiv_art_pharmacy_regimens table]
[2025-05-24 16:28:57,846: INFO: file_loader: file ingestion_log successfully updated]
[2025-05-24 16:28:57,870: INFO: file_loader: Sync File log updated for 5295f61c-4051-4bf6-9500-a109f8c2a547 successfully]
[2025-05-24 16:28:57,879: INFO: file_loader: Processing file]
[2025-05-24 16:28:57,879: INFO: file_loader: ----------------------------s-------------------------------------------------]
[2025-05-24 16:28:57,879: INFO: file_loader: The file '/home/lamisplus/server/temp/E1PW0PYkvDx/hiv_art_pharmacy_11_20250523123301_decrypted.json' exists.]
[2025-05-24 16:28:58,101: INFO: file_loader: successfully updated start_time, file_name and stg_table in sync_file]
[2025-05-24 16:28:58,102: INFO: file_loader: Processing file]
[2025-05-24 16:28:58,142: INFO: file_loader: hiv_art_pharmacy_11_20250523123301_decrypted.json previously failed to load]
[2025-05-24 16:28:58,142: INFO: file_loader: hiv_art_pharmacy_11_20250523123301_decrypted.json attempting to reload]
[2025-05-24 16:28:58,345: INFO: file_loader: " " successfully replace with NA]
[2025-05-24 16:28:58,792: INFO: file_loader: hiv_art_pharmacy_11_20250523123301_decrypted.json successfully ingested into stg_hiv_art_pharmacy table]
[2025-05-24 16:28:58,813: INFO: file_loader: file ingestion_log successfully updated]
[2025-05-24 16:28:58,837: INFO: file_loader: Sync File log updated for 80cc17a4-ed21-424b-b2de-0959eadb7d11 successfully]
[2025-05-24 16:28:58,854: INFO: file_loader: Processing file]
[2025-05-24 16:28:58,854: INFO: file_loader: ----------------------------s-------------------------------------------------]
[2025-05-24 16:28:58,854: INFO: file_loader: The file '/home/lamisplus/server/temp/TeUPDYF4sGG/biometric_116_20250523080646_decrypted.json' exists.]
[2025-05-24 16:28:59,068: INFO: file_loader: successfully updated start_time, file_name and stg_table in sync_file]
[2025-05-24 16:28:59,068: INFO: file_loader: Processing file]
[2025-05-24 16:28:59,104: INFO: file_loader: biometric_116_20250523080646_decrypted.json previously failed to load]
[2025-05-24 16:28:59,104: INFO: file_loader: biometric_116_20250523080646_decrypted.json attempting to reload]
[2025-05-24 16:28:59,288: INFO: file_loader: " " successfully replace with NA]
[2025-05-24 16:28:59,803: INFO: file_loader: biometric_116_20250523080646_decrypted.json successfully ingested into stg_biometric table]
[2025-05-24 16:28:59,824: INFO: file_loader: file ingestion_log successfully updated]
[2025-05-24 16:28:59,852: INFO: file_loader: Sync File log updated for 53520173-a803-4b2d-9a73-3bd433a58a11 successfully]
[2025-05-24 16:28:59,863: INFO: file_loader: Processing file]
[2025-05-24 16:28:59,863: INFO: file_loader: ----------------------------s-------------------------------------------------]
[2025-05-24 16:28:59,863: INFO: file_loader: The file '/home/lamisplus/server/temp/sP8QEwb0SXo/hiv_status_tracker_2_20250523131401_decrypted.json' exists.]
[2025-05-24 16:29:00,139: INFO: file_loader: successfully updated start_time, file_name and stg_table in sync_file]
[2025-05-24 16:29:00,140: INFO: file_loader: Processing file]
[2025-05-24 16:29:00,179: INFO: file_loader: hiv_status_tracker_2_20250523131401_decrypted.json previously failed to load]
[2025-05-24 16:29:00,180: INFO: file_loader: hiv_status_tracker_2_20250523131401_decrypted.json attempting to reload]
[2025-05-24 16:29:00,293: INFO: file_loader: " " successfully replace with NA]
[2025-05-24 16:29:00,454: INFO: file_loader: hiv_status_tracker_2_20250523131401_decrypted.json successfully ingested into stg_hiv_status_tracker table]
[2025-05-24 16:29:00,476: INFO: file_loader: file ingestion_log successfully updated]
[2025-05-24 16:29:00,505: INFO: file_loader: Sync File log updated for 37da03ab-3671-44a4-804f-b20064dbfb3a successfully]
[2025-05-24 16:29:00,522: INFO: file_loader: Processing file]
[2025-05-24 16:29:00,522: INFO: file_loader: ----------------------------s-------------------------------------------------]
[2025-05-24 16:29:00,522: INFO: file_loader: The file '/home/lamisplus/server/temp/dpwdySv7O4A/triage_vital_sign_9_20250523131750_decrypted.json' exists.]
[2025-05-24 16:29:00,770: INFO: file_loader: successfully updated start_time, file_name and stg_table in sync_file]
[2025-05-24 16:29:00,771: INFO: file_loader: Processing file]
[2025-05-24 16:29:00,830: INFO: file_loader: triage_vital_sign_9_20250523131750_decrypted.json previously failed to load]
[2025-05-24 16:29:00,830: INFO: file_loader: triage_vital_sign_9_20250523131750_decrypted.json attempting to reload]
[2025-05-24 16:29:00,949: INFO: file_loader: " " successfully replace with NA]
[2025-05-24 16:29:01,243: INFO: file_loader: triage_vital_sign_9_20250523131750_decrypted.json successfully ingested into stg_triage_vital_sign table]
[2025-05-24 16:29:01,259: INFO: file_loader: file ingestion_log successfully updated]
[2025-05-24 16:29:01,282: INFO: file_loader: Sync File log updated for f6c70ebd-3711-4e57-a870-35b011d734e1 successfully]
[2025-05-24 16:29:01,294: INFO: file_loader: Processing file]
[2025-05-24 16:29:01,295: INFO: file_loader: ----------------------------s-------------------------------------------------]
[2025-05-24 16:29:01,295: INFO: file_loader: The file '/home/lamisplus/server/temp/TeUPDYF4sGG/biometric_117_20250523080646_decrypted.json' exists.]
[2025-05-24 16:29:01,560: INFO: file_loader: successfully updated start_time, file_name and stg_table in sync_file]
[2025-05-24 16:29:01,561: INFO: file_loader: Processing file]
[2025-05-24 16:29:01,604: INFO: file_loader: biometric_117_20250523080646_decrypted.json previously failed to load]
[2025-05-24 16:29:01,605: INFO: file_loader: biometric_117_20250523080646_decrypted.json attempting to reload]
[2025-05-24 16:29:01,763: INFO: file_loader: " " successfully replace with NA]
[2025-05-24 16:29:02,208: INFO: file_loader: biometric_117_20250523080646_decrypted.json successfully ingested into stg_biometric table]
[2025-05-24 16:29:02,225: INFO: file_loader: file ingestion_log successfully updated]
[2025-05-24 16:29:02,247: INFO: file_loader: Sync File log updated for e7b17dc6-eec7-41c4-98f6-8ff30aed6af5 successfully]
[2025-05-24 16:29:02,261: INFO: file_loader: Processing file]
[2025-05-24 16:29:02,262: INFO: file_loader: ----------------------------s-------------------------------------------------]
[2025-05-24 16:29:02,262: INFO: file_loader: The file '/home/lamisplus/server/temp/sP8QEwb0SXo/hiv_art_pharmacy_1_20250523131401_decrypted.json' exists.]
[2025-05-24 16:29:02,583: INFO: file_loader: successfully updated start_time, file_name and stg_table in sync_file]
[2025-05-24 16:29:02,584: INFO: file_loader: Processing file]
[2025-05-24 16:29:02,624: INFO: file_loader: hiv_art_pharmacy_1_20250523131401_decrypted.json previously failed to load]
[2025-05-24 16:29:02,624: INFO: file_loader: hiv_art_pharmacy_1_20250523131401_decrypted.json attempting to reload]
[2025-05-24 16:29:02,803: INFO: file_loader: " " successfully replace with NA]
[2025-05-24 16:29:03,241: INFO: file_loader: hiv_art_pharmacy_1_20250523131401_decrypted.json successfully ingested into stg_hiv_art_pharmacy table]
[2025-05-24 16:29:03,262: INFO: file_loader: file ingestion_log successfully updated]
[2025-05-24 16:29:03,292: INFO: file_loader: Sync File log updated for 861e5126-a211-4642-a06e-1217885400c9 successfully]
[2025-05-24 16:29:03,305: INFO: file_loader: Processing file]
[2025-05-24 16:29:03,305: INFO: file_loader: ----------------------------s-------------------------------------------------]
[2025-05-24 16:29:03,305: INFO: file_loader: The file '/home/lamisplus/server/temp/t03z3S4HMeX/triage_vital_sign_25_20250523113716_decrypted.json' exists.]
[2025-05-24 16:29:03,554: INFO: file_loader: successfully updated start_time, file_name and stg_table in sync_file]
[2025-05-24 16:29:03,555: INFO: file_loader: Processing file]
[2025-05-24 16:29:03,593: INFO: file_loader: triage_vital_sign_25_20250523113716_decrypted.json previously failed to load]
[2025-05-24 16:29:03,593: INFO: file_loader: triage_vital_sign_25_20250523113716_decrypted.json attempting to reload]
[2025-05-24 16:29:03,731: INFO: file_loader: " " successfully replace with NA]
[2025-05-24 16:29:04,036: INFO: file_loader: triage_vital_sign_25_20250523113716_decrypted.json successfully ingested into stg_triage_vital_sign table]
[2025-05-24 16:29:04,059: INFO: file_loader: file ingestion_log successfully updated]
[2025-05-24 16:29:04,084: INFO: file_loader: Sync File log updated for 98090d7c-77e6-4ca5-a70f-5731ea5c176b successfully]
[2025-05-24 16:29:04,097: INFO: file_loader: Processing file]
[2025-05-24 16:29:04,097: INFO: file_loader: ----------------------------s-------------------------------------------------]
[2025-05-24 16:29:04,097: INFO: file_loader: The file '/home/lamisplus/server/temp/bxBIxJ7LJ4Q/patient_person_4_20250523105405_decrypted.json' exists.]
[2025-05-24 16:29:04,295: INFO: file_loader: successfully updated start_time, file_name and stg_table in sync_file]
[2025-05-24 16:29:04,296: INFO: file_loader: Processing file]
[2025-05-24 16:29:04,348: INFO: file_loader: patient_person_4_20250523105405_decrypted.json previously failed to load]
[2025-05-24 16:29:04,348: INFO: file_loader: patient_person_4_20250523105405_decrypted.json attempting to reload]
[2025-05-24 16:29:04,594: INFO: file_loader: " " successfully replace with NA]
[2025-05-24 16:29:05,206: INFO: file_loader: patient_person_4_20250523105405_decrypted.json successfully ingested into stg_patient_person table]
[2025-05-24 16:29:05,221: INFO: file_loader: file ingestion_log successfully updated]
[2025-05-24 16:29:05,250: INFO: file_loader: Sync File log updated for 178c881f-08bf-406e-a8fe-3390bc158959 successfully]
[2025-05-24 16:29:05,343: INFO: file_loader: Central Partner Mapping updated for bxBIxJ7LJ4Q successfully]
[2025-05-24 16:29:05,343: INFO: file_loader: Processing file]
[2025-05-24 16:29:05,344: INFO: file_loader: ----------------------------s-------------------------------------------------]
[2025-05-24 16:29:05,344: INFO: file_loader: The file '/home/lamisplus/server/temp/dpwdySv7O4A/biometric_61_20250523131750_decrypted.json' exists.]
[2025-05-24 16:29:05,628: INFO: file_loader: successfully updated start_time, file_name and stg_table in sync_file]
[2025-05-24 16:29:05,629: INFO: file_loader: Processing file]
[2025-05-24 16:29:05,663: INFO: file_loader: biometric_61_20250523131750_decrypted.json previously failed to load]
[2025-05-24 16:29:05,663: INFO: file_loader: biometric_61_20250523131750_decrypted.json attempting to reload]
[2025-05-24 16:29:05,826: INFO: file_loader: " " successfully replace with NA]
[2025-05-24 16:29:06,243: INFO: file_loader: biometric_61_20250523131750_decrypted.json successfully ingested into stg_biometric table]
[2025-05-24 16:29:06,259: INFO: file_loader: file ingestion_log successfully updated]
[2025-05-24 16:29:06,289: INFO: file_loader: Sync File log updated for c780f9ca-98f8-4fec-b6cb-1189e5aead84 successfully]
[2025-05-24 16:29:06,303: INFO: file_loader: Processing file]
[2025-05-24 16:29:06,303: INFO: file_loader: ----------------------------s-------------------------------------------------]
[2025-05-24 16:29:06,303: INFO: file_loader: The file '/home/lamisplus/server/temp/sP8QEwb0SXo/hiv_enrollment_0_20250523131401_decrypted.json' exists.]
[2025-05-24 16:29:06,531: INFO: file_loader: successfully updated start_time, file_name and stg_table in sync_file]
[2025-05-24 16:29:06,532: INFO: file_loader: Processing file]
[2025-05-24 16:29:06,573: INFO: file_loader: hiv_enrollment_0_20250523131401_decrypted.json previously failed to load]
[2025-05-24 16:29:06,574: INFO: file_loader: hiv_enrollment_0_20250523131401_decrypted.json attempting to reload]
[2025-05-24 16:29:06,724: INFO: file_loader: " " successfully replace with NA]
[2025-05-24 16:29:06,939: INFO: file_loader: hiv_enrollment_0_20250523131401_decrypted.json successfully ingested into stg_hiv_enrollment table]
[2025-05-24 16:29:06,960: INFO: file_loader: file ingestion_log successfully updated]
[2025-05-24 16:29:06,984: INFO: file_loader: Sync File log updated for 9982bf76-d396-480e-8c9a-5a8e39d01f5f successfully]
[2025-05-24 16:29:06,996: INFO: file_loader: Processing file]
[2025-05-24 16:29:06,996: INFO: file_loader: ----------------------------s-------------------------------------------------]
[2025-05-24 16:29:06,996: INFO: file_loader: The file '/home/lamisplus/server/temp/dpwdySv7O4A/laboratory_order_7_20250523131750_decrypted.json' exists.]
[2025-05-24 16:29:07,216: INFO: file_loader: successfully updated start_time, file_name and stg_table in sync_file]
[2025-05-24 16:29:07,217: INFO: file_loader: Processing file]
[2025-05-24 16:29:07,264: INFO: file_loader: laboratory_order_7_20250523131750_decrypted.json previously failed to load]
[2025-05-24 16:29:07,264: INFO: file_loader: laboratory_order_7_20250523131750_decrypted.json attempting to reload]
[2025-05-24 16:29:07,397: INFO: file_loader: " " successfully replace with NA]
[2025-05-24 16:29:07,682: INFO: file_loader: laboratory_order_7_20250523131750_decrypted.json successfully ingested into stg_laboratory_order table]
[2025-05-24 16:29:07,713: INFO: file_loader: file ingestion_log successfully updated]
[2025-05-24 16:29:07,742: INFO: file_loader: Sync File log updated for 35dfed2c-386a-4a64-89ed-23edf12b34f8 successfully]
[2025-05-24 16:29:07,752: INFO: file_loader: Processing file]
[2025-05-24 16:29:07,752: INFO: file_loader: ----------------------------s-------------------------------------------------]
[2025-05-24 16:29:07,753: INFO: file_loader: The file '/home/lamisplus/server/temp/sP8QEwb0SXo/hts_risk_stratification_0_20250523131401_decrypted.json' exists.]
[2025-05-24 16:29:07,966: INFO: file_loader: successfully updated start_time, file_name and stg_table in sync_file]
[2025-05-24 16:29:07,966: INFO: file_loader: Processing file]
[2025-05-24 16:29:08,015: INFO: file_loader: hts_risk_stratification_0_20250523131401_decrypted.json previously failed to load]
[2025-05-24 16:29:08,015: INFO: file_loader: hts_risk_stratification_0_20250523131401_decrypted.json attempting to reload]
[2025-05-24 16:29:08,156: INFO: file_loader: " " successfully replace with NA]
[2025-05-24 16:29:08,507: INFO: file_loader: hts_risk_stratification_0_20250523131401_decrypted.json successfully ingested into stg_hts_risk_stratification table]
[2025-05-24 16:29:08,529: INFO: file_loader: file ingestion_log successfully updated]
[2025-05-24 16:29:08,555: INFO: file_loader: Sync File log updated for cfdad3e8-00f9-46cb-ab99-584e38a9a24a successfully]
[2025-05-24 16:29:08,573: INFO: file_loader: Processing file]
[2025-05-24 16:29:08,574: INFO: file_loader: ----------------------------s-------------------------------------------------]
[2025-05-24 16:29:08,574: INFO: file_loader: The file '/home/lamisplus/server/temp/TeUPDYF4sGG/biometric_118_20250523080646_decrypted.json' exists.]
[2025-05-24 16:29:08,829: INFO: file_loader: successfully updated start_time, file_name and stg_table in sync_file]
[2025-05-24 16:29:08,829: INFO: file_loader: Processing file]
[2025-05-24 16:29:08,863: INFO: file_loader: biometric_118_20250523080646_decrypted.json previously failed to load]
[2025-05-24 16:29:08,863: INFO: file_loader: biometric_118_20250523080646_decrypted.json attempting to reload]
[2025-05-24 16:29:09,019: INFO: file_loader: " " successfully replace with NA]
[2025-05-24 16:29:09,465: INFO: file_loader: biometric_118_20250523080646_decrypted.json successfully ingested into stg_biometric table]
[2025-05-24 16:29:09,486: INFO: file_loader: file ingestion_log successfully updated]
[2025-05-24 16:29:09,510: INFO: file_loader: Sync File log updated for 5b38a018-4660-48ee-a5a4-584bfba1a70f successfully]
[2025-05-24 16:29:09,520: INFO: file_loader: Processing file]
[2025-05-24 16:29:09,521: INFO: file_loader: ----------------------------s-------------------------------------------------]
[2025-05-24 16:29:09,521: INFO: file_loader: The file '/home/lamisplus/server/temp/GU7GAjOSjpt/laboratory_test_2_20250523125235_decrypted.json' exists.]
[2025-05-24 16:29:09,738: INFO: file_loader: successfully updated start_time, file_name and stg_table in sync_file]
[2025-05-24 16:29:09,738: INFO: file_loader: Processing file]
[2025-05-24 16:29:09,780: INFO: file_loader: laboratory_test_2_20250523125235_decrypted.json previously failed to load]
[2025-05-24 16:29:09,780: INFO: file_loader: laboratory_test_2_20250523125235_decrypted.json attempting to reload]
[2025-05-24 16:29:09,882: INFO: file_loader: " " successfully replace with NA]
[2025-05-24 16:29:10,158: INFO: file_loader: laboratory_test_2_20250523125235_decrypted.json successfully ingested into stg_laboratory_test table]
[2025-05-24 16:29:10,175: INFO: file_loader: file ingestion_log successfully updated]
[2025-05-24 16:29:10,205: INFO: file_loader: Sync File log updated for ad0554c1-4352-491e-ad7c-719914bd8c06 successfully]
[2025-05-24 16:29:10,217: INFO: file_loader: Processing file]
[2025-05-24 16:29:10,218: INFO: file_loader: ----------------------------s-------------------------------------------------]
[2025-05-24 16:29:10,218: INFO: file_loader: The file '/home/lamisplus/server/temp/sP8QEwb0SXo/laboratory_result_1_20250523131401_decrypted.json' exists.]
[2025-05-24 16:29:10,427: INFO: file_loader: successfully updated start_time, file_name and stg_table in sync_file]
[2025-05-24 16:29:10,428: INFO: file_loader: Processing file]
[2025-05-24 16:29:10,466: INFO: file_loader: laboratory_result_1_20250523131401_decrypted.json previously failed to load]
[2025-05-24 16:29:10,466: INFO: file_loader: laboratory_result_1_20250523131401_decrypted.json attempting to reload]
[2025-05-24 16:29:10,598: INFO: file_loader: " " successfully replace with NA]
[2025-05-24 16:29:10,914: INFO: file_loader: laboratory_result_1_20250523131401_decrypted.json successfully ingested into stg_laboratory_result table]
[2025-05-24 16:29:10,928: INFO: file_loader: file ingestion_log successfully updated]
[2025-05-24 16:29:10,952: INFO: file_loader: Sync File log updated for c6c20fea-779f-4bf9-826e-f6e2889bc59d successfully]
[2025-05-24 16:29:10,972: INFO: file_loader: Processing file]
[2025-05-24 16:29:10,972: INFO: file_loader: ----------------------------s-------------------------------------------------]
[2025-05-24 16:29:10,972: INFO: file_loader: The file '/home/lamisplus/server/temp/bxBIxJ7LJ4Q/patient_person_50_20250523105405_decrypted.json' exists.]
[2025-05-24 16:29:11,209: INFO: file_loader: successfully updated start_time, file_name and stg_table in sync_file]
[2025-05-24 16:29:11,209: INFO: file_loader: Processing file]
[2025-05-24 16:29:11,242: INFO: file_loader: patient_person_50_20250523105405_decrypted.json previously failed to load]
[2025-05-24 16:29:11,243: INFO: file_loader: patient_person_50_20250523105405_decrypted.json attempting to reload]
[2025-05-24 16:29:11,436: INFO: file_loader: " " successfully replace with NA]
[2025-05-24 16:29:12,053: INFO: file_loader: patient_person_50_20250523105405_decrypted.json successfully ingested into stg_patient_person table]
[2025-05-24 16:29:12,073: INFO: file_loader: file ingestion_log successfully updated]
[2025-05-24 16:29:12,095: INFO: file_loader: Sync File log updated for 0b2815ae-c1e7-45e8-ae56-a2929f0111d2 successfully]
[2025-05-24 16:29:12,195: INFO: file_loader: Central Partner Mapping updated for bxBIxJ7LJ4Q successfully]
[2025-05-24 16:29:12,196: INFO: file_loader: Processing file]
[2025-05-24 16:29:12,196: INFO: file_loader: ----------------------------s-------------------------------------------------]
[2025-05-24 16:29:12,197: INFO: file_loader: The file '/home/lamisplus/server/temp/GU7GAjOSjpt/laboratory_result_1_20250523125235_decrypted.json' exists.]
[2025-05-24 16:29:12,439: INFO: file_loader: successfully updated start_time, file_name and stg_table in sync_file]
[2025-05-24 16:29:12,440: INFO: file_loader: Processing file]
[2025-05-24 16:29:12,472: INFO: file_loader: laboratory_result_1_20250523125235_decrypted.json previously failed to load]
[2025-05-24 16:29:12,473: INFO: file_loader: laboratory_result_1_20250523125235_decrypted.json attempting to reload]
[2025-05-24 16:29:12,619: INFO: file_loader: " " successfully replace with NA]
[2025-05-24 16:29:12,945: INFO: file_loader: laboratory_result_1_20250523125235_decrypted.json successfully ingested into stg_laboratory_result table]
[2025-05-24 16:29:12,959: INFO: file_loader: file ingestion_log successfully updated]
[2025-05-24 16:29:12,989: INFO: file_loader: Sync File log updated for a37ad45c-2d20-491a-acf5-441c8a157265 successfully]
[2025-05-24 16:29:13,002: INFO: file_loader: Processing file]
[2025-05-24 16:29:13,002: INFO: file_loader: ----------------------------s-------------------------------------------------]
[2025-05-24 16:29:13,002: INFO: file_loader: The file '/home/lamisplus/server/temp/dpwdySv7O4A/laboratory_result_8_20250523131750_decrypted.json' exists.]
[2025-05-24 16:29:13,246: INFO: file_loader: successfully updated start_time, file_name and stg_table in sync_file]
[2025-05-24 16:29:13,247: INFO: file_loader: Processing file]
[2025-05-24 16:29:13,292: INFO: file_loader: laboratory_result_8_20250523131750_decrypted.json previously failed to load]
[2025-05-24 16:29:13,292: INFO: file_loader: laboratory_result_8_20250523131750_decrypted.json attempting to reload]
[2025-05-24 16:29:13,436: INFO: file_loader: " " successfully replace with NA]
[2025-05-24 16:29:13,773: INFO: file_loader: laboratory_result_8_20250523131750_decrypted.json successfully ingested into stg_laboratory_result table]
[2025-05-24 16:29:13,787: INFO: file_loader: file ingestion_log successfully updated]
[2025-05-24 16:29:13,811: INFO: file_loader: Sync File log updated for 6e5b8d6b-4a7d-4ce1-ac49-a99db6a428b9 successfully]
[2025-05-24 16:29:13,822: INFO: file_loader: Processing file]
[2025-05-24 16:29:13,823: INFO: file_loader: ----------------------------s-------------------------------------------------]
[2025-05-24 16:29:13,823: INFO: file_loader: The file '/home/lamisplus/server/temp/TeUPDYF4sGG/biometric_121_20250523080646_decrypted.json' exists.]
[2025-05-24 16:29:14,088: INFO: file_loader: successfully updated start_time, file_name and stg_table in sync_file]
[2025-05-24 16:29:14,089: INFO: file_loader: Processing file]
[2025-05-24 16:29:14,130: INFO: file_loader: biometric_121_20250523080646_decrypted.json previously failed to load]
[2025-05-24 16:29:14,130: INFO: file_loader: biometric_121_20250523080646_decrypted.json attempting to reload]
[2025-05-24 16:29:14,305: INFO: file_loader: " " successfully replace with NA]
[2025-05-24 16:29:14,765: INFO: file_loader: biometric_121_20250523080646_decrypted.json successfully ingested into stg_biometric table]
[2025-05-24 16:29:14,782: INFO: file_loader: file ingestion_log successfully updated]
[2025-05-24 16:29:14,812: INFO: file_loader: Sync File log updated for a831406b-f87f-453a-9a30-b023652fa2d9 successfully]
[2025-05-24 16:29:14,825: INFO: file_loader: Processing file]
[2025-05-24 16:29:14,826: INFO: file_loader: ----------------------------s-------------------------------------------------]
[2025-05-24 16:29:14,826: INFO: file_loader: The file '/home/lamisplus/server/temp/dpwdySv7O4A/patient_visit_23_20250523131750_decrypted.json' exists.]
[2025-05-24 16:29:15,006: INFO: file_loader: successfully updated start_time, file_name and stg_table in sync_file]
[2025-05-24 16:29:15,006: INFO: file_loader: Processing file]
[2025-05-24 16:29:15,052: INFO: file_loader: patient_visit_23_20250523131750_decrypted.json previously failed to load]
[2025-05-24 16:29:15,052: INFO: file_loader: patient_visit_23_20250523131750_decrypted.json attempting to reload]
[2025-05-24 16:29:15,155: INFO: file_loader: " " successfully replace with NA]
[2025-05-24 16:29:15,377: INFO: file_loader: patient_visit_23_20250523131750_decrypted.json successfully ingested into stg_patient_visit table]
[2025-05-24 16:29:15,395: INFO: file_loader: file ingestion_log successfully updated]
[2025-05-24 16:29:15,415: INFO: file_loader: Sync File log updated for f516c075-e70e-41f2-a5bc-824d3ea33b89 successfully]
[2025-05-24 16:29:15,430: INFO: file_loader: Processing file]
[2025-05-24 16:29:15,431: INFO: file_loader: ----------------------------s-------------------------------------------------]
[2025-05-24 16:29:15,431: INFO: file_loader: The file '/home/lamisplus/server/temp/sMllNyKolZf/hts_risk_stratification_0_20250523131209_decrypted.json' exists.]
[2025-05-24 16:29:15,678: INFO: file_loader: successfully updated start_time, file_name and stg_table in sync_file]
[2025-05-24 16:29:15,679: INFO: file_loader: Processing file]
[2025-05-24 16:29:15,729: INFO: file_loader: hts_risk_stratification_0_20250523131209_decrypted.json previously failed to load]
[2025-05-24 16:29:15,729: INFO: file_loader: hts_risk_stratification_0_20250523131209_decrypted.json attempting to reload]
[2025-05-24 16:29:15,804: INFO: file_loader: " " successfully replace with NA]
[2025-05-24 16:29:15,849: INFO: file_loader: hts_risk_stratification_0_20250523131209_decrypted.json successfully ingested into stg_hts_risk_stratification table]
[2025-05-24 16:29:15,876: INFO: file_loader: file ingestion_log successfully updated]
[2025-05-24 16:29:15,907: INFO: file_loader: Sync File log updated for 9578d20b-9031-43a5-ab2c-f906618edd77 successfully]
[2025-05-24 16:29:15,917: INFO: file_loader: Processing file]
[2025-05-24 16:29:15,917: INFO: file_loader: ----------------------------s-------------------------------------------------]
[2025-05-24 16:29:15,917: INFO: file_loader: The file '/home/lamisplus/server/temp/sP8QEwb0SXo/laboratory_test_0_20250523131401_decrypted.json' exists.]
[2025-05-24 16:29:16,136: INFO: file_loader: successfully updated start_time, file_name and stg_table in sync_file]
[2025-05-24 16:29:16,137: INFO: file_loader: Processing file]
[2025-05-24 16:29:16,179: INFO: file_loader: laboratory_test_0_20250523131401_decrypted.json previously failed to load]
[2025-05-24 16:29:16,179: INFO: file_loader: laboratory_test_0_20250523131401_decrypted.json attempting to reload]
[2025-05-24 16:29:16,294: INFO: file_loader: " " successfully replace with NA]
[2025-05-24 16:29:16,652: INFO: file_loader: laboratory_test_0_20250523131401_decrypted.json successfully ingested into stg_laboratory_test table]
[2025-05-24 16:29:16,681: INFO: file_loader: file ingestion_log successfully updated]
[2025-05-24 16:29:16,708: INFO: file_loader: Sync File log updated for 99e8ca82-d42d-4d1d-93f5-9e8950ae1b5e successfully]
[2025-05-24 16:29:16,720: INFO: file_loader: Processing file]
[2025-05-24 16:29:16,721: INFO: file_loader: ----------------------------s-------------------------------------------------]
[2025-05-24 16:29:16,721: INFO: file_loader: The file '/home/lamisplus/server/temp/DpZOtdkfW60/hts_client_1_20250523131005_decrypted.json' exists.]
[2025-05-24 16:29:16,977: INFO: file_loader: successfully updated start_time, file_name and stg_table in sync_file]
[2025-05-24 16:29:16,978: INFO: file_loader: Processing file]
[2025-05-24 16:29:17,022: INFO: file_loader: hts_client_1_20250523131005_decrypted.json previously failed to load]
[2025-05-24 16:29:17,022: INFO: file_loader: hts_client_1_20250523131005_decrypted.json attempting to reload]
[2025-05-24 16:29:17,335: INFO: file_loader: " " successfully replace with NA]
[2025-05-24 16:29:18,349: INFO: file_loader: hts_client_1_20250523131005_decrypted.json successfully ingested into stg_hts_client table]
[2025-05-24 16:29:18,369: INFO: file_loader: file ingestion_log successfully updated]
[2025-05-24 16:29:18,390: INFO: file_loader: Sync File log updated for 20305ccb-5ef2-4a69-b551-81d44845bb05 successfully]
[2025-05-24 16:29:18,432: INFO: file_loader: Processing file]
[2025-05-24 16:29:18,432: INFO: file_loader: ----------------------------s-------------------------------------------------]
[2025-05-24 16:29:18,432: INFO: file_loader: The file '/home/lamisplus/server/temp/t03z3S4HMeX/patient_visit_42_20250523113716_decrypted.json' exists.]
[2025-05-24 16:29:18,640: INFO: file_loader: successfully updated start_time, file_name and stg_table in sync_file]
[2025-05-24 16:29:18,641: INFO: file_loader: Processing file]
[2025-05-24 16:29:18,681: INFO: file_loader: patient_visit_42_20250523113716_decrypted.json previously failed to load]
[2025-05-24 16:29:18,682: INFO: file_loader: patient_visit_42_20250523113716_decrypted.json attempting to reload]
[2025-05-24 16:29:18,791: INFO: file_loader: " " successfully replace with NA]
[2025-05-24 16:29:19,055: INFO: file_loader: patient_visit_42_20250523113716_decrypted.json successfully ingested into stg_patient_visit table]
[2025-05-24 16:29:19,072: INFO: file_loader: file ingestion_log successfully updated]
[2025-05-24 16:29:19,097: INFO: file_loader: Sync File log updated for beea6c1f-cfe0-4bf3-849f-4dc7928e03b9 successfully]
[2025-05-24 16:29:19,109: INFO: file_loader: Processing file]
[2025-05-24 16:29:19,110: INFO: file_loader: ----------------------------s-------------------------------------------------]
[2025-05-24 16:29:19,110: INFO: file_loader: The file '/home/lamisplus/server/temp/E1PW0PYkvDx/hiv_observation_3_20250523123301_decrypted.json' exists.]
[2025-05-24 16:29:19,314: INFO: file_loader: successfully updated start_time, file_name and stg_table in sync_file]
[2025-05-24 16:29:19,315: INFO: file_loader: Processing file]
[2025-05-24 16:29:19,348: INFO: file_loader: hiv_observation_3_20250523123301_decrypted.json previously failed to load]
[2025-05-24 16:29:19,348: INFO: file_loader: hiv_observation_3_20250523123301_decrypted.json attempting to reload]
[2025-05-24 16:29:19,518: INFO: file_loader: " " successfully replace with NA]
[2025-05-24 16:29:20,172: INFO: file_loader: hiv_observation_3_20250523123301_decrypted.json successfully ingested into stg_hiv_observation table]
[2025-05-24 16:29:20,187: INFO: file_loader: file ingestion_log successfully updated]
[2025-05-24 16:29:20,219: INFO: file_loader: Sync File log updated for b96ae04f-2983-4429-bf6b-9dd5fd352d77 successfully]
[2025-05-24 16:29:20,234: INFO: file_loader: Processing file]
[2025-05-24 16:29:20,235: INFO: file_loader: ----------------------------s-------------------------------------------------]
[2025-05-24 16:29:20,235: INFO: file_loader: The file '/home/lamisplus/server/temp/bxBIxJ7LJ4Q/patient_person_5_20250523105405_decrypted.json' exists.]
[2025-05-24 16:29:20,469: INFO: file_loader: successfully updated start_time, file_name and stg_table in sync_file]
[2025-05-24 16:29:20,470: INFO: file_loader: Processing file]
[2025-05-24 16:29:20,509: INFO: file_loader: patient_person_5_20250523105405_decrypted.json previously failed to load]
[2025-05-24 16:29:20,509: INFO: file_loader: patient_person_5_20250523105405_decrypted.json attempting to reload]
[2025-05-24 16:29:20,752: INFO: file_loader: " " successfully replace with NA]
[2025-05-24 16:29:21,374: INFO: file_loader: patient_person_5_20250523105405_decrypted.json successfully ingested into stg_patient_person table]
[2025-05-24 16:29:21,389: INFO: file_loader: file ingestion_log successfully updated]
[2025-05-24 16:29:21,418: INFO: file_loader: Sync File log updated for 4eab58c8-d20b-414d-bfcc-c8debbea2ae5 successfully]
[2025-05-24 16:29:21,505: INFO: file_loader: Central Partner Mapping updated for bxBIxJ7LJ4Q successfully]
[2025-05-24 16:29:21,505: INFO: file_loader: Processing file]
[2025-05-24 16:29:21,506: INFO: file_loader: ----------------------------s-------------------------------------------------]
[2025-05-24 16:29:21,506: INFO: file_loader: The file '/home/lamisplus/server/temp/sP8QEwb0SXo/hiv_eac_session_0_20250523131401_decrypted.json' exists.]
[2025-05-24 16:29:21,729: INFO: file_loader: successfully updated start_time, file_name and stg_table in sync_file]
[2025-05-24 16:29:21,729: INFO: file_loader: Processing file]
[2025-05-24 16:29:21,780: INFO: file_loader: hiv_eac_session_0_20250523131401_decrypted.json previously failed to load]
[2025-05-24 16:29:21,781: INFO: file_loader: hiv_eac_session_0_20250523131401_decrypted.json attempting to reload]
[2025-05-24 16:29:21,861: INFO: file_loader: " " successfully replace with NA]
[2025-05-24 16:29:21,923: INFO: file_loader: hiv_eac_session_0_20250523131401_decrypted.json successfully ingested into stg_hiv_eac_session table]
[2025-05-24 16:29:21,943: INFO: file_loader: file ingestion_log successfully updated]
[2025-05-24 16:29:21,967: INFO: file_loader: Sync File log updated for 2fb94dc9-c057-4620-b66d-b195c2d2cbcd successfully]
[2025-05-24 16:29:21,982: INFO: file_loader: Processing file]
[2025-05-24 16:29:21,983: INFO: file_loader: ----------------------------s-------------------------------------------------]
[2025-05-24 16:29:21,984: INFO: file_loader: The file '/home/lamisplus/server/temp/DpZOtdkfW60/hiv_regimen_0_20250523131005_decrypted.json' exists.]
[2025-05-24 16:29:22,203: INFO: file_loader: successfully updated start_time, file_name and stg_table in sync_file]
[2025-05-24 16:29:22,203: INFO: file_loader: Processing file]
[2025-05-24 16:29:22,242: INFO: file_loader: hiv_regimen_0_20250523131005_decrypted.json previously failed to load]
[2025-05-24 16:29:22,242: INFO: file_loader: hiv_regimen_0_20250523131005_decrypted.json attempting to reload]
[2025-05-24 16:29:22,315: INFO: file_loader: " " successfully replace with NA]
[2025-05-24 16:29:22,361: INFO: file_loader: hiv_regimen_0_20250523131005_decrypted.json successfully ingested into stg_hiv_regimen table]
[2025-05-24 16:29:22,377: INFO: file_loader: file ingestion_log successfully updated]
[2025-05-24 16:29:22,407: INFO: file_loader: Sync File log updated for ce44e223-9dc2-4c48-ba4f-d862fa66578a successfully]
[2025-05-24 16:29:22,418: INFO: file_loader: Processing file]
[2025-05-24 16:29:22,418: INFO: file_loader: ----------------------------s-------------------------------------------------]
[2025-05-24 16:29:22,418: INFO: file_loader: The file '/home/lamisplus/server/temp/DpZOtdkfW60/hts_family_index_testing_0_20250523131005_decrypted.json' exists.]
[2025-05-24 16:29:22,593: INFO: file_loader: successfully updated start_time, file_name and stg_table in sync_file]
[2025-05-24 16:29:22,593: INFO: file_loader: Processing file]
[2025-05-24 16:29:22,642: INFO: file_loader: hts_family_index_testing_0_20250523131005_decrypted.json previously failed to load]
[2025-05-24 16:29:22,642: INFO: file_loader: hts_family_index_testing_0_20250523131005_decrypted.json attempting to reload]
[2025-05-24 16:29:22,722: INFO: file_loader: " " successfully replace with NA]
[2025-05-24 16:29:22,762: INFO: file_loader: hts_family_index_testing_0_20250523131005_decrypted.json successfully ingested into stg_hts_family_index_testing table]
[2025-05-24 16:29:22,780: INFO: file_loader: file ingestion_log successfully updated]
[2025-05-24 16:29:22,810: INFO: file_loader: Sync File log updated for e7be73ef-68da-4ef0-88cb-0da9eed5e463 successfully]
[2025-05-24 16:29:22,818: INFO: file_loader: Processing file]
[2025-05-24 16:29:22,818: INFO: file_loader: ----------------------------s-------------------------------------------------]
[2025-05-24 16:29:22,818: INFO: file_loader: The file '/home/lamisplus/server/temp/E1PW0PYkvDx/laboratory_order_8_20250523123301_decrypted.json' exists.]
[2025-05-24 16:29:23,020: INFO: file_loader: successfully updated start_time, file_name and stg_table in sync_file]
[2025-05-24 16:29:23,021: INFO: file_loader: Processing file]
[2025-05-24 16:29:23,068: INFO: file_loader: laboratory_order_8_20250523123301_decrypted.json previously failed to load]
[2025-05-24 16:29:23,068: INFO: file_loader: laboratory_order_8_20250523123301_decrypted.json attempting to reload]
[2025-05-24 16:29:23,163: INFO: file_loader: " " successfully replace with NA]
[2025-05-24 16:29:23,385: INFO: file_loader: laboratory_order_8_20250523123301_decrypted.json successfully ingested into stg_laboratory_order table]
[2025-05-24 16:29:23,406: INFO: file_loader: file ingestion_log successfully updated]
[2025-05-24 16:29:23,428: INFO: file_loader: Sync File log updated for 8567c5ca-1617-4993-b04e-70004c298e63 successfully]
[2025-05-24 16:29:23,439: INFO: file_loader: Processing file]
[2025-05-24 16:29:23,439: INFO: file_loader: ----------------------------s-------------------------------------------------]
[2025-05-24 16:29:23,439: INFO: file_loader: The file '/home/lamisplus/server/temp/sP8QEwb0SXo/hiv_patient_tracker_0_20250523131401_decrypted.json' exists.]
[2025-05-24 16:29:23,673: INFO: file_loader: successfully updated start_time, file_name and stg_table in sync_file]
[2025-05-24 16:29:23,673: INFO: file_loader: Processing file]
[2025-05-24 16:29:23,712: INFO: file_loader: hiv_patient_tracker_0_20250523131401_decrypted.json previously failed to load]
[2025-05-24 16:29:23,712: INFO: file_loader: hiv_patient_tracker_0_20250523131401_decrypted.json attempting to reload]
[2025-05-24 16:29:23,800: INFO: file_loader: " " successfully replace with NA]
[2025-05-24 16:29:23,874: INFO: file_loader: hiv_patient_tracker_0_20250523131401_decrypted.json successfully ingested into stg_hiv_patient_tracker table]
[2025-05-24 16:29:23,893: INFO: file_loader: file ingestion_log successfully updated]
[2025-05-24 16:29:23,921: INFO: file_loader: Sync File log updated for ea1abf30-842f-434a-a949-61de05655c63 successfully]
[2025-05-24 16:29:23,936: INFO: file_loader: Processing file]
[2025-05-24 16:29:23,937: INFO: file_loader: ----------------------------s-------------------------------------------------]
[2025-05-24 16:29:23,937: INFO: file_loader: The file '/home/lamisplus/server/temp/t03z3S4HMeX/laboratory_test_6_20250523113716_decrypted.json' exists.]
[2025-05-24 16:29:24,164: INFO: file_loader: successfully updated start_time, file_name and stg_table in sync_file]
[2025-05-24 16:29:24,165: INFO: file_loader: Processing file]
[2025-05-24 16:29:24,211: INFO: file_loader: laboratory_test_6_20250523113716_decrypted.json previously failed to load]
[2025-05-24 16:29:24,212: INFO: file_loader: laboratory_test_6_20250523113716_decrypted.json attempting to reload]
[2025-05-24 16:29:24,337: INFO: file_loader: " " successfully replace with NA]
[2025-05-24 16:29:24,657: INFO: file_loader: laboratory_test_6_20250523113716_decrypted.json successfully ingested into stg_laboratory_test table]
[2025-05-24 16:29:24,679: INFO: file_loader: file ingestion_log successfully updated]
[2025-05-24 16:29:24,707: INFO: file_loader: Sync File log updated for 15907870-263f-4ad0-862d-e1fc290e3588 successfully]
[2025-05-24 16:29:24,723: INFO: file_loader: Processing file]
[2025-05-24 16:29:24,723: INFO: file_loader: ----------------------------s-------------------------------------------------]
[2025-05-24 16:29:24,723: INFO: file_loader: The file '/home/lamisplus/server/temp/sMllNyKolZf/base_organisation_unit_1_20250523131209_decrypted.json' exists.]
[2025-05-24 16:29:24,972: INFO: file_loader: successfully updated start_time, file_name and stg_table in sync_file]
[2025-05-24 16:29:24,973: INFO: file_loader: Processing file]
[2025-05-24 16:29:25,008: INFO: file_loader: base_organisation_unit_1_20250523131209_decrypted.json previously failed to load]
[2025-05-24 16:29:25,008: INFO: file_loader: base_organisation_unit_1_20250523131209_decrypted.json attempting to reload]
[2025-05-24 16:29:25,076: INFO: file_loader: " " successfully replace with NA]
[2025-05-24 16:29:25,136: INFO: file_loader: base_organisation_unit_1_20250523131209_decrypted.json successfully ingested into stg_base_organisation_unit table]
[2025-05-24 16:29:25,155: INFO: file_loader: file ingestion_log successfully updated]
[2025-05-24 16:29:25,183: INFO: file_loader: Sync File log updated for de0687ba-7547-42b2-89ff-1f8f14761519 successfully]
[2025-05-24 16:29:25,194: INFO: file_loader: Processing file]
[2025-05-24 16:29:25,195: INFO: file_loader: ----------------------------s-------------------------------------------------]
[2025-05-24 16:29:25,195: INFO: file_loader: The file '/home/lamisplus/server/temp/DpZOtdkfW60/laboratory_labtestgroup_0_20250523131005_decrypted.json' exists.]
[2025-05-24 16:29:25,372: INFO: file_loader: successfully updated start_time, file_name and stg_table in sync_file]
[2025-05-24 16:29:25,372: INFO: file_loader: Processing file]
[2025-05-24 16:29:25,418: INFO: file_loader: laboratory_labtestgroup_0_20250523131005_decrypted.json previously failed to load]
[2025-05-24 16:29:25,418: INFO: file_loader: laboratory_labtestgroup_0_20250523131005_decrypted.json attempting to reload]
[2025-05-24 16:29:25,494: INFO: file_loader: " " successfully replace with NA]
[2025-05-24 16:29:25,545: INFO: file_loader: laboratory_labtestgroup_0_20250523131005_decrypted.json successfully ingested into stg_laboratory_labtestgroup table]
[2025-05-24 16:29:25,567: INFO: file_loader: file ingestion_log successfully updated]
[2025-05-24 16:29:25,593: INFO: file_loader: Sync File log updated for c69b6a80-babb-4892-81fb-801e3fa13b40 successfully]
[2025-05-24 16:29:25,607: INFO: file_loader: Processing file]
[2025-05-24 16:29:25,607: INFO: file_loader: ----------------------------s-------------------------------------------------]
[2025-05-24 16:29:25,607: INFO: file_loader: The file '/home/lamisplus/server/temp/sMllNyKolZf/hiv_regimen_0_20250523131209_decrypted.json' exists.]
[2025-05-24 16:29:25,818: INFO: file_loader: successfully updated start_time, file_name and stg_table in sync_file]
[2025-05-24 16:29:25,818: INFO: file_loader: Processing file]
[2025-05-24 16:29:25,857: INFO: file_loader: hiv_regimen_0_20250523131209_decrypted.json previously failed to load]
[2025-05-24 16:29:25,858: INFO: file_loader: hiv_regimen_0_20250523131209_decrypted.json attempting to reload]
[2025-05-24 16:29:25,938: INFO: file_loader: " " successfully replace with NA]
[2025-05-24 16:29:25,975: INFO: file_loader: hiv_regimen_0_20250523131209_decrypted.json successfully ingested into stg_hiv_regimen table]
[2025-05-24 16:29:25,991: INFO: file_loader: file ingestion_log successfully updated]
[2025-05-24 16:29:26,013: INFO: file_loader: Sync File log updated for f71beaa7-2989-404e-b071-8074061e798f successfully]
[2025-05-24 16:29:26,023: INFO: file_loader: Processing file]
[2025-05-24 16:29:26,024: INFO: file_loader: ----------------------------s-------------------------------------------------]
[2025-05-24 16:29:26,024: INFO: file_loader: The file '/home/lamisplus/server/temp/sP8QEwb0SXo/hiv_art_pharmacy_regimens_0_20250523131401_decrypted.json' exists.]
[2025-05-24 16:29:26,224: INFO: file_loader: successfully updated start_time, file_name and stg_table in sync_file]
[2025-05-24 16:29:26,224: INFO: file_loader: Processing file]
[2025-05-24 16:29:26,273: INFO: file_loader: hiv_art_pharmacy_regimens_0_20250523131401_decrypted.json previously failed to load]
[2025-05-24 16:29:26,273: INFO: file_loader: hiv_art_pharmacy_regimens_0_20250523131401_decrypted.json attempting to reload]
[2025-05-24 16:29:26,338: INFO: file_loader: " " successfully replace with NA]
[2025-05-24 16:29:26,487: INFO: file_loader: hiv_art_pharmacy_regimens_0_20250523131401_decrypted.json successfully ingested into stg_hiv_art_pharmacy_regimens table]
[2025-05-24 16:29:26,507: INFO: file_loader: file ingestion_log successfully updated]
[2025-05-24 16:29:26,528: INFO: file_loader: Sync File log updated for cafa049c-f34e-40f6-b63f-1694f3a8378b successfully]
[2025-05-24 16:29:26,544: INFO: file_loader: Processing file]
[2025-05-24 16:29:26,544: INFO: file_loader: ----------------------------s-------------------------------------------------]
[2025-05-24 16:29:26,544: INFO: file_loader: The file '/home/lamisplus/server/temp/DpZOtdkfW60/hts_family_index_0_20250523131005_decrypted.json' exists.]
[2025-05-24 16:29:26,805: INFO: file_loader: successfully updated start_time, file_name and stg_table in sync_file]
[2025-05-24 16:29:26,805: INFO: file_loader: Processing file]
[2025-05-24 16:29:26,850: INFO: file_loader: hts_family_index_0_20250523131005_decrypted.json previously failed to load]
[2025-05-24 16:29:26,850: INFO: file_loader: hts_family_index_0_20250523131005_decrypted.json attempting to reload]
[2025-05-24 16:29:26,925: INFO: file_loader: " " successfully replace with NA]
[2025-05-24 16:29:26,961: INFO: file_loader: hts_family_index_0_20250523131005_decrypted.json successfully ingested into stg_hts_family_index table]
[2025-05-24 16:29:26,984: INFO: file_loader: file ingestion_log successfully updated]
[2025-05-24 16:29:27,009: INFO: file_loader: Sync File log updated for 9ba31f4c-3627-49ba-94d3-dd41a324dbc9 successfully]
[2025-05-24 16:29:27,019: INFO: file_loader: Processing file]
[2025-05-24 16:29:27,019: INFO: file_loader: ----------------------------s-------------------------------------------------]
[2025-05-24 16:29:27,019: INFO: file_loader: The file '/home/lamisplus/server/temp/bxBIxJ7LJ4Q/patient_person_6_20250523105405_decrypted.json' exists.]
[2025-05-24 16:29:27,254: INFO: file_loader: successfully updated start_time, file_name and stg_table in sync_file]
[2025-05-24 16:29:27,255: INFO: file_loader: Processing file]
[2025-05-24 16:29:27,290: INFO: file_loader: patient_person_6_20250523105405_decrypted.json previously failed to load]
[2025-05-24 16:29:27,290: INFO: file_loader: patient_person_6_20250523105405_decrypted.json attempting to reload]
[2025-05-24 16:29:27,521: INFO: file_loader: " " successfully replace with NA]
[2025-05-24 16:29:28,076: INFO: file_loader: patient_person_6_20250523105405_decrypted.json successfully ingested into stg_patient_person table]
[2025-05-24 16:29:28,098: INFO: file_loader: file ingestion_log successfully updated]
[2025-05-24 16:29:28,124: INFO: file_loader: Sync File log updated for 130cf047-d03c-470f-a658-20bc6be19930 successfully]
[2025-05-24 16:29:28,207: INFO: file_loader: Central Partner Mapping updated for bxBIxJ7LJ4Q successfully]
[2025-05-24 16:29:28,208: INFO: file_loader: Processing file]
[2025-05-24 16:29:28,208: INFO: file_loader: ----------------------------s-------------------------------------------------]
[2025-05-24 16:29:28,208: INFO: file_loader: The file '/home/lamisplus/server/temp/DpZOtdkfW60/base_application_codeset_0_20250523131005_decrypted.json' exists.]
[2025-05-24 16:29:28,400: INFO: file_loader: successfully updated start_time, file_name and stg_table in sync_file]
[2025-05-24 16:29:28,401: INFO: file_loader: Processing file]
[2025-05-24 16:29:28,450: INFO: file_loader: base_application_codeset_0_20250523131005_decrypted.json previously failed to load]
[2025-05-24 16:29:28,450: INFO: file_loader: base_application_codeset_0_20250523131005_decrypted.json attempting to reload]
[2025-05-24 16:29:28,540: INFO: file_loader: " " successfully replace with NA]
[2025-05-24 16:29:28,709: INFO: file_loader: base_application_codeset_0_20250523131005_decrypted.json successfully ingested into stg_base_application_codeset table]
[2025-05-24 16:29:28,731: INFO: file_loader: file ingestion_log successfully updated]
[2025-05-24 16:29:28,751: INFO: file_loader: Sync File log updated for a4ac5aaa-e042-4e1d-9210-c21c26ec6e38 successfully]
[2025-05-24 16:29:28,765: INFO: file_loader: Processing file]
[2025-05-24 16:29:28,765: INFO: file_loader: ----------------------------s-------------------------------------------------]
[2025-05-24 16:29:28,766: INFO: file_loader: The file '/home/lamisplus/server/temp/sMllNyKolZf/hiv_observation_0_20250523131209_decrypted.json' exists.]
[2025-05-24 16:29:28,937: INFO: file_loader: successfully updated start_time, file_name and stg_table in sync_file]
[2025-05-24 16:29:28,937: INFO: file_loader: Processing file]
[2025-05-24 16:29:28,980: INFO: file_loader: hiv_observation_0_20250523131209_decrypted.json previously failed to load]
[2025-05-24 16:29:28,980: INFO: file_loader: hiv_observation_0_20250523131209_decrypted.json attempting to reload]
[2025-05-24 16:29:29,056: INFO: file_loader: " " successfully replace with NA]
[2025-05-24 16:29:29,111: INFO: file_loader: hiv_observation_0_20250523131209_decrypted.json successfully ingested into stg_hiv_observation table]
[2025-05-24 16:29:29,130: INFO: file_loader: file ingestion_log successfully updated]
[2025-05-24 16:29:29,157: INFO: file_loader: Sync File log updated for a811698c-fd92-4c0c-acbc-a753d6c936f8 successfully]
[2025-05-24 16:29:29,173: INFO: file_loader: Processing file]
[2025-05-24 16:29:29,173: INFO: file_loader: ----------------------------s-------------------------------------------------]
[2025-05-24 16:29:29,173: INFO: file_loader: The file '/home/lamisplus/server/temp/TeUPDYF4sGG/patient_visit_43_20250523080646_decrypted.json' exists.]
[2025-05-24 16:29:29,353: INFO: file_loader: successfully updated start_time, file_name and stg_table in sync_file]
[2025-05-24 16:29:29,354: INFO: file_loader: Processing file]
[2025-05-24 16:29:29,400: INFO: file_loader: patient_visit_43_20250523080646_decrypted.json previously failed to load]
[2025-05-24 16:29:29,400: INFO: file_loader: patient_visit_43_20250523080646_decrypted.json attempting to reload]
[2025-05-24 16:29:29,506: INFO: file_loader: " " successfully replace with NA]
[2025-05-24 16:29:29,737: INFO: file_loader: patient_visit_43_20250523080646_decrypted.json successfully ingested into stg_patient_visit table]
[2025-05-24 16:29:29,753: INFO: file_loader: file ingestion_log successfully updated]
[2025-05-24 16:29:29,777: INFO: file_loader: Sync File log updated for c001abf7-0d77-4056-af2d-ecbeaae13a7e successfully]
[2025-05-24 16:29:29,790: INFO: file_loader: Processing file]
[2025-05-24 16:29:29,790: INFO: file_loader: ----------------------------s-------------------------------------------------]
[2025-05-24 16:29:29,791: INFO: file_loader: The file '/home/lamisplus/server/temp/TeUPDYF4sGG/patient_visit_44_20250523080646_decrypted.json' exists.]
[2025-05-24 16:29:29,988: INFO: file_loader: successfully updated start_time, file_name and stg_table in sync_file]
[2025-05-24 16:29:29,988: INFO: file_loader: Processing file]
[2025-05-24 16:29:30,032: INFO: file_loader: patient_visit_44_20250523080646_decrypted.json previously failed to load]
[2025-05-24 16:29:30,033: INFO: file_loader: patient_visit_44_20250523080646_decrypted.json attempting to reload]
[2025-05-24 16:29:30,138: INFO: file_loader: " " successfully replace with NA]
[2025-05-24 16:29:30,355: INFO: file_loader: patient_visit_44_20250523080646_decrypted.json successfully ingested into stg_patient_visit table]
[2025-05-24 16:29:30,380: INFO: file_loader: file ingestion_log successfully updated]
[2025-05-24 16:29:30,404: INFO: file_loader: Sync File log updated for c796cac5-9535-4eae-ac78-27b530ada181 successfully]
[2025-05-24 16:29:30,416: INFO: file_loader: Processing file]
[2025-05-24 16:29:30,416: INFO: file_loader: ----------------------------s-------------------------------------------------]
[2025-05-24 16:29:30,416: INFO: file_loader: The file '/home/lamisplus/server/temp/t03z3S4HMeX/base_organisation_unit_0_20250523113716_decrypted.json' exists.]
[2025-05-24 16:29:30,634: INFO: file_loader: successfully updated start_time, file_name and stg_table in sync_file]
[2025-05-24 16:29:30,634: INFO: file_loader: Processing file]
[2025-05-24 16:29:30,676: INFO: file_loader: base_organisation_unit_0_20250523113716_decrypted.json previously failed to load]
[2025-05-24 16:29:30,677: INFO: file_loader: base_organisation_unit_0_20250523113716_decrypted.json attempting to reload]
[2025-05-24 16:29:30,777: INFO: file_loader: " " successfully replace with NA]
[2025-05-24 16:29:31,046: INFO: file_loader: base_organisation_unit_0_20250523113716_decrypted.json successfully ingested into stg_base_organisation_unit table]
[2025-05-24 16:29:31,076: INFO: file_loader: file ingestion_log successfully updated]
[2025-05-24 16:29:31,104: INFO: file_loader: Sync File log updated for d93e5294-963f-4923-b1fa-a07e1c399423 successfully]
[2025-05-24 16:29:31,117: INFO: file_loader: Processing file]
[2025-05-24 16:29:31,117: INFO: file_loader: ----------------------------s-------------------------------------------------]
[2025-05-24 16:29:31,117: INFO: file_loader: The file '/home/lamisplus/server/temp/TeUPDYF4sGG/patient_visit_46_20250523080646_decrypted.json' exists.]
[2025-05-24 16:29:31,377: INFO: file_loader: successfully updated start_time, file_name and stg_table in sync_file]
[2025-05-24 16:29:31,377: INFO: file_loader: Processing file]
[2025-05-24 16:29:31,416: INFO: file_loader: patient_visit_46_20250523080646_decrypted.json previously failed to load]
[2025-05-24 16:29:31,416: INFO: file_loader: patient_visit_46_20250523080646_decrypted.json attempting to reload]
[2025-05-24 16:29:31,538: INFO: file_loader: " " successfully replace with NA]
[2025-05-24 16:29:31,773: INFO: file_loader: patient_visit_46_20250523080646_decrypted.json successfully ingested into stg_patient_visit table]
[2025-05-24 16:29:31,796: INFO: file_loader: file ingestion_log successfully updated]
[2025-05-24 16:29:31,822: INFO: file_loader: Sync File log updated for 950f3476-7706-4f8d-b5d3-fe1e2818b982 successfully]
[2025-05-24 16:29:31,833: INFO: file_loader: Processing file]
[2025-05-24 16:29:31,833: INFO: file_loader: ----------------------------s-------------------------------------------------]
[2025-05-24 16:29:31,834: INFO: file_loader: The file '/home/lamisplus/server/temp/dpwdySv7O4A/biometric_71_20250523140218_decrypted.json' exists.]
[2025-05-24 16:29:32,000: INFO: file_loader: successfully updated start_time, file_name and stg_table in sync_file]
[2025-05-24 16:29:32,001: INFO: file_loader: Processing file]
[2025-05-24 16:29:32,044: INFO: file_loader: biometric_71_20250523140218_decrypted.json previously failed to load]
[2025-05-24 16:29:32,044: INFO: file_loader: biometric_71_20250523140218_decrypted.json attempting to reload]
[2025-05-24 16:29:32,207: INFO: file_loader: " " successfully replace with NA]
[2025-05-24 16:29:32,701: INFO: file_loader: biometric_71_20250523140218_decrypted.json successfully ingested into stg_biometric table]
[2025-05-24 16:29:32,717: INFO: file_loader: file ingestion_log successfully updated]
[2025-05-24 16:29:32,747: INFO: file_loader: Sync File log updated for 83a41fcc-0683-46cf-a6cb-59574f59de01 successfully]
[2025-05-24 16:29:32,766: INFO: file_loader: Processing file]
[2025-05-24 16:29:32,766: INFO: file_loader: ----------------------------s-------------------------------------------------]
[2025-05-24 16:29:32,766: INFO: file_loader: The file '/home/lamisplus/server/temp/dpwdySv7O4A/hiv_art_pharmacy_regimens_35_20250523140218_decrypted.json' exists.]
[2025-05-24 16:29:33,011: INFO: file_loader: successfully updated start_time, file_name and stg_table in sync_file]
[2025-05-24 16:29:33,012: INFO: file_loader: Processing file]
[2025-05-24 16:29:33,060: INFO: file_loader: hiv_art_pharmacy_regimens_35_20250523140218_decrypted.json previously failed to load]
[2025-05-24 16:29:33,060: INFO: file_loader: hiv_art_pharmacy_regimens_35_20250523140218_decrypted.json attempting to reload]
[2025-05-24 16:29:33,133: INFO: file_loader: " " successfully replace with NA]
[2025-05-24 16:29:33,276: INFO: file_loader: hiv_art_pharmacy_regimens_35_20250523140218_decrypted.json successfully ingested into stg_hiv_art_pharmacy_regimens table]
[2025-05-24 16:29:33,294: INFO: file_loader: file ingestion_log successfully updated]
[2025-05-24 16:29:33,322: INFO: file_loader: Sync File log updated for 881de8a7-fe84-4d89-a88d-336636e0de32 successfully]
[2025-05-24 16:29:33,331: INFO: file_loader: Processing file]
[2025-05-24 16:29:33,331: INFO: file_loader: ----------------------------s-------------------------------------------------]
[2025-05-24 16:29:33,331: INFO: file_loader: The file '/home/lamisplus/server/temp/TeUPDYF4sGG/patient_visit_47_20250523080646_decrypted.json' exists.]
[2025-05-24 16:29:33,577: INFO: file_loader: successfully updated start_time, file_name and stg_table in sync_file]
[2025-05-24 16:29:33,577: INFO: file_loader: Processing file]
[2025-05-24 16:29:33,616: INFO: file_loader: patient_visit_47_20250523080646_decrypted.json previously failed to load]
[2025-05-24 16:29:33,617: INFO: file_loader: patient_visit_47_20250523080646_decrypted.json attempting to reload]
[2025-05-24 16:29:33,734: INFO: file_loader: " " successfully replace with NA]
[2025-05-24 16:29:33,964: INFO: file_loader: patient_visit_47_20250523080646_decrypted.json successfully ingested into stg_patient_visit table]
[2025-05-24 16:29:33,990: INFO: file_loader: file ingestion_log successfully updated]
[2025-05-24 16:29:34,019: INFO: file_loader: Sync File log updated for 7b850a57-8d0c-4fce-91d8-231ec3b7a7f0 successfully]
[2025-05-24 16:29:34,031: INFO: file_loader: Processing file]
[2025-05-24 16:29:34,031: INFO: file_loader: ----------------------------s-------------------------------------------------]
[2025-05-24 16:29:34,031: INFO: file_loader: The file '/home/lamisplus/server/temp/GbtTSJLBKbI/triage_vital_sign_7_20250523135838_decrypted.json' exists.]
[2025-05-24 16:29:34,224: INFO: file_loader: successfully updated start_time, file_name and stg_table in sync_file]
[2025-05-24 16:29:34,225: INFO: file_loader: Processing file]
[2025-05-24 16:29:34,260: INFO: file_loader: triage_vital_sign_7_20250523135838_decrypted.json previously failed to load]
[2025-05-24 16:29:34,260: INFO: file_loader: triage_vital_sign_7_20250523135838_decrypted.json attempting to reload]
[2025-05-24 16:29:34,380: INFO: file_loader: " " successfully replace with NA]
[2025-05-24 16:29:34,680: INFO: file_loader: triage_vital_sign_7_20250523135838_decrypted.json successfully ingested into stg_triage_vital_sign table]
[2025-05-24 16:29:34,706: INFO: file_loader: file ingestion_log successfully updated]
[2025-05-24 16:29:34,735: INFO: file_loader: Sync File log updated for e7de3338-1c35-4a29-9ff9-96b6406e1c83 successfully]
[2025-05-24 16:29:34,748: INFO: file_loader: json files successfully processed]
[2025-05-24 16:31:29,453: INFO: file_loader: Processing file]
[2025-05-24 16:31:29,453: INFO: file_loader: ----------------------------s-------------------------------------------------]
[2025-05-24 16:31:29,454: INFO: file_loader: The file '/home/lamisplus/server/temp/dpwdySv7O4A/triage_vital_sign_20_20250523140218_decrypted.json' exists.]
[2025-05-24 16:31:30,078: INFO: file_loader: successfully updated start_time, file_name and stg_table in sync_file]
[2025-05-24 16:31:30,078: INFO: file_loader: Processing file]
[2025-05-24 16:31:30,130: INFO: file_loader: triage_vital_sign_20_20250523140218_decrypted.json previously failed to load]
[2025-05-24 16:31:30,131: INFO: file_loader: triage_vital_sign_20_20250523140218_decrypted.json attempting to reload]
[2025-05-24 16:31:30,293: INFO: file_loader: " " successfully replace with NA]
[2025-05-24 16:31:30,667: INFO: file_loader: triage_vital_sign_20_20250523140218_decrypted.json successfully ingested into stg_triage_vital_sign table]
[2025-05-24 16:31:30,693: INFO: file_loader: file ingestion_log successfully updated]
[2025-05-24 16:31:30,721: INFO: file_loader: Sync File log updated for a468a9b0-4b6e-45c0-be60-261d6b673fa2 successfully]
[2025-05-24 16:31:30,732: INFO: file_loader: Processing file]
[2025-05-24 16:31:30,732: INFO: file_loader: ----------------------------s-------------------------------------------------]
[2025-05-24 16:31:30,732: INFO: file_loader: The file '/home/lamisplus/server/temp/TeUPDYF4sGG/patient_visit_48_20250523080646_decrypted.json' exists.]
[2025-05-24 16:31:31,152: INFO: file_loader: successfully updated start_time, file_name and stg_table in sync_file]
[2025-05-24 16:31:31,153: INFO: file_loader: Processing file]
[2025-05-24 16:31:31,200: INFO: file_loader: patient_visit_48_20250523080646_decrypted.json previously failed to load]
[2025-05-24 16:31:31,200: INFO: file_loader: patient_visit_48_20250523080646_decrypted.json attempting to reload]
[2025-05-24 16:31:31,333: INFO: file_loader: " " successfully replace with NA]
[2025-05-24 16:31:31,571: INFO: file_loader: patient_visit_48_20250523080646_decrypted.json successfully ingested into stg_patient_visit table]
[2025-05-24 16:31:31,594: INFO: file_loader: file ingestion_log successfully updated]
[2025-05-24 16:31:31,624: INFO: file_loader: Sync File log updated for 305c27fc-a2a9-4619-aa0b-16aee786f945 successfully]
[2025-05-24 16:31:31,643: INFO: file_loader: Processing file]
[2025-05-24 16:31:31,643: INFO: file_loader: ----------------------------s-------------------------------------------------]
[2025-05-24 16:31:31,643: INFO: file_loader: The file '/home/lamisplus/server/temp/TeUPDYF4sGG/patient_visit_49_20250523080646_decrypted.json' exists.]
[2025-05-24 16:31:32,035: INFO: file_loader: successfully updated start_time, file_name and stg_table in sync_file]
[2025-05-24 16:31:32,035: INFO: file_loader: Processing file]
[2025-05-24 16:31:32,083: INFO: file_loader: patient_visit_49_20250523080646_decrypted.json previously failed to load]
[2025-05-24 16:31:32,083: INFO: file_loader: patient_visit_49_20250523080646_decrypted.json attempting to reload]
[2025-05-24 16:31:32,180: INFO: file_loader: " " successfully replace with NA]
[2025-05-24 16:31:32,408: INFO: file_loader: patient_visit_49_20250523080646_decrypted.json successfully ingested into stg_patient_visit table]
[2025-05-24 16:31:32,428: INFO: file_loader: file ingestion_log successfully updated]
[2025-05-24 16:31:32,459: INFO: file_loader: Sync File log updated for b9f23998-2174-4f05-923e-0c3714bfab7f successfully]
[2025-05-24 16:31:32,468: INFO: file_loader: Processing file]
[2025-05-24 16:31:32,469: INFO: file_loader: ----------------------------s-------------------------------------------------]
[2025-05-24 16:31:32,469: INFO: file_loader: The file '/home/lamisplus/server/temp/t03z3S4HMeX/biometric_0_20250523113716_decrypted.json' exists.]
[2025-05-24 16:31:32,816: INFO: file_loader: successfully updated start_time, file_name and stg_table in sync_file]
[2025-05-24 16:31:32,817: INFO: file_loader: Processing file]
[2025-05-24 16:31:32,867: INFO: file_loader: biometric_0_20250523113716_decrypted.json previously failed to load]
[2025-05-24 16:31:32,867: INFO: file_loader: biometric_0_20250523113716_decrypted.json attempting to reload]
[2025-05-24 16:31:33,038: INFO: file_loader: " " successfully replace with NA]
[2025-05-24 16:31:33,479: INFO: file_loader: biometric_0_20250523113716_decrypted.json successfully ingested into stg_biometric table]
[2025-05-24 16:31:33,496: INFO: file_loader: file ingestion_log successfully updated]
[2025-05-24 16:31:33,522: INFO: file_loader: Sync File log updated for 5c93120c-252e-4264-b578-9561fedb6d78 successfully]
[2025-05-24 16:31:33,542: INFO: file_loader: Processing file]
[2025-05-24 16:31:33,542: INFO: file_loader: ----------------------------s-------------------------------------------------]
[2025-05-24 16:31:33,542: INFO: file_loader: The file '/home/lamisplus/server/temp/DgTi7GSbUAE/biometric_1_20250523140954_decrypted.json' exists.]
[2025-05-24 16:31:33,894: INFO: file_loader: successfully updated start_time, file_name and stg_table in sync_file]
[2025-05-24 16:31:33,895: INFO: file_loader: Processing file]
[2025-05-24 16:31:33,932: INFO: file_loader: biometric_1_20250523140954_decrypted.json previously failed to load]
[2025-05-24 16:31:33,932: INFO: file_loader: biometric_1_20250523140954_decrypted.json attempting to reload]
[2025-05-24 16:31:34,082: INFO: file_loader: " " successfully replace with NA]
[2025-05-24 16:31:34,478: INFO: file_loader: biometric_1_20250523140954_decrypted.json successfully ingested into stg_biometric table]
[2025-05-24 16:31:34,502: INFO: file_loader: file ingestion_log successfully updated]
[2025-05-24 16:31:34,529: INFO: file_loader: Sync File log updated for c3ee1ecb-019d-478f-a1c9-53bfd2ccb050 successfully]
[2025-05-24 16:31:34,542: INFO: file_loader: Processing file]
[2025-05-24 16:31:34,542: INFO: file_loader: ----------------------------s-------------------------------------------------]
[2025-05-24 16:31:34,542: INFO: file_loader: The file '/home/lamisplus/server/temp/DgTi7GSbUAE/hiv_patient_tracker_0_20250523140954_decrypted.json' exists.]
[2025-05-24 16:31:34,879: INFO: file_loader: successfully updated start_time, file_name and stg_table in sync_file]
[2025-05-24 16:31:34,879: INFO: file_loader: Processing file]
[2025-05-24 16:31:34,918: INFO: file_loader: hiv_patient_tracker_0_20250523140954_decrypted.json previously failed to load]
[2025-05-24 16:31:34,918: INFO: file_loader: hiv_patient_tracker_0_20250523140954_decrypted.json attempting to reload]
[2025-05-24 16:31:35,006: INFO: file_loader: " " successfully replace with NA]
[2025-05-24 16:31:35,067: INFO: file_loader: hiv_patient_tracker_0_20250523140954_decrypted.json successfully ingested into stg_hiv_patient_tracker table]
[2025-05-24 16:31:35,086: INFO: file_loader: file ingestion_log successfully updated]
[2025-05-24 16:31:35,109: INFO: file_loader: Sync File log updated for 1760f2b5-d101-4ae1-80d7-7e000ef006b4 successfully]
[2025-05-24 16:31:35,123: INFO: file_loader: Processing file]
[2025-05-24 16:31:35,124: INFO: file_loader: ----------------------------s-------------------------------------------------]
[2025-05-24 16:31:35,124: INFO: file_loader: The file '/home/lamisplus/server/temp/TeUPDYF4sGG/patient_visit_50_20250523080646_decrypted.json' exists.]
[2025-05-24 16:31:35,395: INFO: file_loader: successfully updated start_time, file_name and stg_table in sync_file]
[2025-05-24 16:31:35,395: INFO: file_loader: Processing file]
[2025-05-24 16:31:35,434: INFO: file_loader: patient_visit_50_20250523080646_decrypted.json previously failed to load]
[2025-05-24 16:31:35,435: INFO: file_loader: patient_visit_50_20250523080646_decrypted.json attempting to reload]
[2025-05-24 16:31:35,562: INFO: file_loader: " " successfully replace with NA]
[2025-05-24 16:31:35,791: INFO: file_loader: patient_visit_50_20250523080646_decrypted.json successfully ingested into stg_patient_visit table]
[2025-05-24 16:31:35,814: INFO: file_loader: file ingestion_log successfully updated]
[2025-05-24 16:31:35,842: INFO: file_loader: Sync File log updated for 0a3f6a79-e0da-43ef-8563-ccd4262d5175 successfully]
[2025-05-24 16:31:35,860: INFO: file_loader: Processing file]
[2025-05-24 16:31:35,860: INFO: file_loader: ----------------------------s-------------------------------------------------]
[2025-05-24 16:31:35,860: INFO: file_loader: The file '/home/lamisplus/server/temp/DgTi7GSbUAE/patient_visit_4_20250523140954_decrypted.json' exists.]
[2025-05-24 16:31:36,058: INFO: file_loader: successfully updated start_time, file_name and stg_table in sync_file]
[2025-05-24 16:31:36,058: INFO: file_loader: Processing file]
[2025-05-24 16:31:36,105: INFO: file_loader: patient_visit_4_20250523140954_decrypted.json previously failed to load]
[2025-05-24 16:31:36,105: INFO: file_loader: patient_visit_4_20250523140954_decrypted.json attempting to reload]
[2025-05-24 16:31:36,232: INFO: file_loader: " " successfully replace with NA]
[2025-05-24 16:31:36,461: INFO: file_loader: patient_visit_4_20250523140954_decrypted.json successfully ingested into stg_patient_visit table]
[2025-05-24 16:31:36,479: INFO: file_loader: file ingestion_log successfully updated]
[2025-05-24 16:31:36,503: INFO: file_loader: Sync File log updated for b06afe30-cae8-4b24-ba12-6a2ba58472bf successfully]
[2025-05-24 16:31:36,514: INFO: file_loader: Processing file]
[2025-05-24 16:31:36,514: INFO: file_loader: ----------------------------s-------------------------------------------------]
[2025-05-24 16:31:36,515: INFO: file_loader: The file '/home/lamisplus/server/temp/dpwdySv7O4A/prep_enrollment_0_20250523140218_decrypted.json' exists.]
[2025-05-24 16:31:36,829: INFO: file_loader: successfully updated start_time, file_name and stg_table in sync_file]
[2025-05-24 16:31:36,830: INFO: file_loader: Processing file]
[2025-05-24 16:31:36,881: INFO: file_loader: prep_enrollment_0_20250523140218_decrypted.json previously failed to load]
[2025-05-24 16:31:36,881: INFO: file_loader: prep_enrollment_0_20250523140218_decrypted.json attempting to reload]
[2025-05-24 16:31:37,029: INFO: file_loader: " " successfully replace with NA]
[2025-05-24 16:31:37,388: INFO: file_loader: prep_enrollment_0_20250523140218_decrypted.json successfully ingested into stg_prep_enrollment table]
[2025-05-24 16:31:37,405: INFO: file_loader: file ingestion_log successfully updated]
[2025-05-24 16:31:37,435: INFO: file_loader: Sync File log updated for 8d73d7d7-4685-4531-b71a-382763ef3090 successfully]
[2025-05-24 16:31:37,454: INFO: file_loader: Processing file]
[2025-05-24 16:31:37,454: INFO: file_loader: ----------------------------s-------------------------------------------------]
[2025-05-24 16:31:37,454: INFO: file_loader: The file '/home/lamisplus/server/temp/E1PW0PYkvDx/laboratory_sample_6_20250523123301_decrypted.json' exists.]
[2025-05-24 16:31:37,864: INFO: file_loader: successfully updated start_time, file_name and stg_table in sync_file]
[2025-05-24 16:31:37,865: INFO: file_loader: Processing file]
[2025-05-24 16:31:37,914: INFO: file_loader: laboratory_sample_6_20250523123301_decrypted.json previously failed to load]
[2025-05-24 16:31:37,914: INFO: file_loader: laboratory_sample_6_20250523123301_decrypted.json attempting to reload]
[2025-05-24 16:31:38,055: INFO: file_loader: " " successfully replace with NA]
[2025-05-24 16:31:38,372: INFO: file_loader: laboratory_sample_6_20250523123301_decrypted.json successfully ingested into stg_laboratory_sample table]
[2025-05-24 16:31:38,388: INFO: file_loader: file ingestion_log successfully updated]
[2025-05-24 16:31:38,410: INFO: file_loader: Sync File log updated for 4cad0933-c58b-477d-ac96-e6dfe65064c3 successfully]
[2025-05-24 16:31:38,422: INFO: file_loader: Processing file]
[2025-05-24 16:31:38,422: INFO: file_loader: ----------------------------s-------------------------------------------------]
[2025-05-24 16:31:38,422: INFO: file_loader: The file '/home/lamisplus/server/temp/GbtTSJLBKbI/biometric_6_20250523135838_decrypted.json' exists.]
[2025-05-24 16:31:38,762: INFO: file_loader: successfully updated start_time, file_name and stg_table in sync_file]
[2025-05-24 16:31:38,762: INFO: file_loader: Processing file]
[2025-05-24 16:31:38,802: INFO: file_loader: biometric_6_20250523135838_decrypted.json previously failed to load]
[2025-05-24 16:31:38,802: INFO: file_loader: biometric_6_20250523135838_decrypted.json attempting to reload]
[2025-05-24 16:31:38,997: INFO: file_loader: " " successfully replace with NA]
[2025-05-24 16:31:39,373: INFO: file_loader: biometric_6_20250523135838_decrypted.json successfully ingested into stg_biometric table]
[2025-05-24 16:31:39,389: INFO: file_loader: file ingestion_log successfully updated]
[2025-05-24 16:31:39,415: INFO: file_loader: Sync File log updated for 50bf515c-c743-4bc1-9c3a-4b1f97f70860 successfully]
[2025-05-24 16:31:39,427: INFO: file_loader: Processing file]
[2025-05-24 16:31:39,428: INFO: file_loader: ----------------------------s-------------------------------------------------]
[2025-05-24 16:31:39,428: INFO: file_loader: The file '/home/lamisplus/server/temp/GbtTSJLBKbI/pmtct_infant_rapid_antibody_0_20250523135838_decrypted.json' exists.]
[2025-05-24 16:31:39,765: INFO: file_loader: successfully updated start_time, file_name and stg_table in sync_file]
[2025-05-24 16:31:39,766: INFO: file_loader: Processing file]
[2025-05-24 16:31:39,807: INFO: file_loader: pmtct_infant_rapid_antibody_0_20250523135838_decrypted.json previously failed to load]
[2025-05-24 16:31:39,807: INFO: file_loader: pmtct_infant_rapid_antibody_0_20250523135838_decrypted.json attempting to reload]
[2025-05-24 16:31:39,879: INFO: file_loader: " " successfully replace with NA]
[2025-05-24 16:31:39,926: INFO: file_loader: pmtct_infant_rapid_antibody_0_20250523135838_decrypted.json successfully ingested into stg_pmtct_infant_rapid_antibody table]
[2025-05-24 16:31:39,951: INFO: file_loader: file ingestion_log successfully updated]
[2025-05-24 16:31:39,972: INFO: file_loader: Sync File log updated for 2a7aef03-898d-417a-8a52-784d0d62c4f4 successfully]
[2025-05-24 16:31:39,986: INFO: file_loader: Processing file]
[2025-05-24 16:31:39,986: INFO: file_loader: ----------------------------s-------------------------------------------------]
[2025-05-24 16:31:39,986: INFO: file_loader: The file '/home/lamisplus/server/temp/GbtTSJLBKbI/pmtct_infant_mother_art_0_20250523135838_decrypted.json' exists.]
[2025-05-24 16:31:40,268: INFO: file_loader: successfully updated start_time, file_name and stg_table in sync_file]
[2025-05-24 16:31:40,268: INFO: file_loader: Processing file]
[2025-05-24 16:31:40,318: INFO: file_loader: pmtct_infant_mother_art_0_20250523135838_decrypted.json previously failed to load]
[2025-05-24 16:31:40,318: INFO: file_loader: pmtct_infant_mother_art_0_20250523135838_decrypted.json attempting to reload]
[2025-05-24 16:31:40,393: INFO: file_loader: " " successfully replace with NA]
[2025-05-24 16:31:40,425: INFO: file_loader: pmtct_infant_mother_art_0_20250523135838_decrypted.json successfully ingested into stg_pmtct_infant_mother_art table]
[2025-05-24 16:31:40,448: INFO: file_loader: file ingestion_log successfully updated]
[2025-05-24 16:31:40,476: INFO: file_loader: Sync File log updated for 8b6503ad-cc07-4543-ae7b-d84782bd0f2a successfully]
[2025-05-24 16:31:40,487: INFO: file_loader: Processing file]
[2025-05-24 16:31:40,488: INFO: file_loader: ----------------------------s-------------------------------------------------]
[2025-05-24 16:31:40,488: INFO: file_loader: The file '/home/lamisplus/server/temp/TeUPDYF4sGG/patient_visit_54_20250523080646_decrypted.json' exists.]
[2025-05-24 16:31:40,788: INFO: file_loader: successfully updated start_time, file_name and stg_table in sync_file]
[2025-05-24 16:31:40,788: INFO: file_loader: Processing file]
[2025-05-24 16:31:40,832: INFO: file_loader: patient_visit_54_20250523080646_decrypted.json previously failed to load]
[2025-05-24 16:31:40,832: INFO: file_loader: patient_visit_54_20250523080646_decrypted.json attempting to reload]
[2025-05-24 16:31:40,952: INFO: file_loader: " " successfully replace with NA]
[2025-05-24 16:31:41,266: INFO: file_loader: patient_visit_54_20250523080646_decrypted.json successfully ingested into stg_patient_visit table]
[2025-05-24 16:31:41,288: INFO: file_loader: file ingestion_log successfully updated]
[2025-05-24 16:31:41,316: INFO: file_loader: Sync File log updated for 4aad58ed-c75d-4cfb-9e4f-7119f590f3e3 successfully]
[2025-05-24 16:31:41,330: INFO: file_loader: Processing file]
[2025-05-24 16:31:41,330: INFO: file_loader: ----------------------------s-------------------------------------------------]
[2025-05-24 16:31:41,331: INFO: file_loader: The file '/home/lamisplus/server/temp/t03z3S4HMeX/biometric_100_20250523113716_decrypted.json' exists.]
[2025-05-24 16:31:41,688: INFO: file_loader: successfully updated start_time, file_name and stg_table in sync_file]
[2025-05-24 16:31:41,689: INFO: file_loader: Processing file]
[2025-05-24 16:31:41,741: INFO: file_loader: biometric_100_20250523113716_decrypted.json previously failed to load]
[2025-05-24 16:31:41,741: INFO: file_loader: biometric_100_20250523113716_decrypted.json attempting to reload]
[2025-05-24 16:31:41,906: INFO: file_loader: " " successfully replace with NA]
[2025-05-24 16:31:42,385: INFO: file_loader: biometric_100_20250523113716_decrypted.json successfully ingested into stg_biometric table]
[2025-05-24 16:31:42,407: INFO: file_loader: file ingestion_log successfully updated]
[2025-05-24 16:31:42,445: INFO: file_loader: Sync File log updated for b63054f9-1ccb-42a6-856e-b523eb3ddd07 successfully]
[2025-05-24 16:31:42,457: INFO: file_loader: Processing file]
[2025-05-24 16:31:42,457: INFO: file_loader: ----------------------------s-------------------------------------------------]
[2025-05-24 16:31:42,457: INFO: file_loader: The file '/home/lamisplus/server/temp/DgTi7GSbUAE/case_manager_0_20250523140954_decrypted.json' exists.]
[2025-05-24 16:31:42,806: INFO: file_loader: successfully updated start_time, file_name and stg_table in sync_file]
[2025-05-24 16:31:42,806: INFO: file_loader: Processing file]
[2025-05-24 16:31:42,859: INFO: file_loader: case_manager_0_20250523140954_decrypted.json previously failed to load]
[2025-05-24 16:31:42,860: INFO: file_loader: case_manager_0_20250523140954_decrypted.json attempting to reload]
[2025-05-24 16:31:42,943: INFO: file_loader: " " successfully replace with NA]
[2025-05-24 16:31:42,979: INFO: file_loader: case_manager_0_20250523140954_decrypted.json successfully ingested into stg_case_manager table]
[2025-05-24 16:31:43,000: INFO: file_loader: file ingestion_log successfully updated]
[2025-05-24 16:31:43,019: INFO: file_loader: Sync File log updated for bc68a0a5-8162-400d-9e4a-06d8d3aa184a successfully]
[2025-05-24 16:31:43,032: INFO: file_loader: Processing file]
[2025-05-24 16:31:43,033: INFO: file_loader: ----------------------------s-------------------------------------------------]
[2025-05-24 16:31:43,033: INFO: file_loader: The file '/home/lamisplus/server/temp/GbtTSJLBKbI/laboratory_result_5_20250523135838_decrypted.json' exists.]
[2025-05-24 16:31:43,379: INFO: file_loader: successfully updated start_time, file_name and stg_table in sync_file]
[2025-05-24 16:31:43,379: INFO: file_loader: Processing file]
[2025-05-24 16:31:43,426: INFO: file_loader: laboratory_result_5_20250523135838_decrypted.json previously failed to load]
[2025-05-24 16:31:43,426: INFO: file_loader: laboratory_result_5_20250523135838_decrypted.json attempting to reload]
[2025-05-24 16:31:43,584: INFO: file_loader: " " successfully replace with NA]
[2025-05-24 16:31:43,915: INFO: file_loader: laboratory_result_5_20250523135838_decrypted.json successfully ingested into stg_laboratory_result table]
[2025-05-24 16:31:43,933: INFO: file_loader: file ingestion_log successfully updated]
[2025-05-24 16:31:43,961: INFO: file_loader: Sync File log updated for 855aa306-cca3-480b-9073-1524e18151c3 successfully]
[2025-05-24 16:31:43,973: INFO: file_loader: Processing file]
[2025-05-24 16:31:43,973: INFO: file_loader: ----------------------------s-------------------------------------------------]
[2025-05-24 16:31:43,973: INFO: file_loader: The file '/home/lamisplus/server/temp/WyCV2IF8nVP/biometric_41_20250523141048_decrypted.json' exists.]
[2025-05-24 16:31:44,353: INFO: file_loader: successfully updated start_time, file_name and stg_table in sync_file]
[2025-05-24 16:31:44,353: INFO: file_loader: Processing file]
[2025-05-24 16:31:44,399: INFO: file_loader: biometric_41_20250523141048_decrypted.json previously failed to load]
[2025-05-24 16:31:44,399: INFO: file_loader: biometric_41_20250523141048_decrypted.json attempting to reload]
[2025-05-24 16:31:44,555: INFO: file_loader: " " successfully replace with NA]
[2025-05-24 16:31:44,959: INFO: file_loader: biometric_41_20250523141048_decrypted.json successfully ingested into stg_biometric table]
[2025-05-24 16:31:44,976: INFO: file_loader: file ingestion_log successfully updated]
[2025-05-24 16:31:45,000: INFO: file_loader: Sync File log updated for e93a41f2-4758-46af-be3c-be7ed94c9227 successfully]
[2025-05-24 16:31:45,017: INFO: file_loader: Processing file]
[2025-05-24 16:31:45,018: INFO: file_loader: ----------------------------s-------------------------------------------------]
[2025-05-24 16:31:45,018: INFO: file_loader: The file '/home/lamisplus/server/temp/DgTi7GSbUAE/laboratory_test_2_20250523140954_decrypted.json' exists.]
[2025-05-24 16:31:45,336: INFO: file_loader: successfully updated start_time, file_name and stg_table in sync_file]
[2025-05-24 16:31:45,336: INFO: file_loader: Processing file]
[2025-05-24 16:31:45,383: INFO: file_loader: laboratory_test_2_20250523140954_decrypted.json previously failed to load]
[2025-05-24 16:31:45,383: INFO: file_loader: laboratory_test_2_20250523140954_decrypted.json attempting to reload]
[2025-05-24 16:31:45,461: INFO: file_loader: " " successfully replace with NA]
[2025-05-24 16:31:45,540: INFO: file_loader: laboratory_test_2_20250523140954_decrypted.json successfully ingested into stg_laboratory_test table]
[2025-05-24 16:31:45,570: INFO: file_loader: file ingestion_log successfully updated]
[2025-05-24 16:31:45,599: INFO: file_loader: Sync File log updated for 90829e8f-8c72-41be-aae2-762b71ab70ca successfully]
[2025-05-24 16:31:45,613: INFO: file_loader: Processing file]
[2025-05-24 16:31:45,613: INFO: file_loader: ----------------------------s-------------------------------------------------]
[2025-05-24 16:31:45,613: INFO: file_loader: The file '/home/lamisplus/server/temp/GbtTSJLBKbI/hiv_art_pharmacy_regimens_3_20250523135838_decrypted.json' exists.]
[2025-05-24 16:31:45,963: INFO: file_loader: successfully updated start_time, file_name and stg_table in sync_file]
[2025-05-24 16:31:45,963: INFO: file_loader: Processing file]
[2025-05-24 16:31:46,016: INFO: file_loader: hiv_art_pharmacy_regimens_3_20250523135838_decrypted.json previously failed to load]
[2025-05-24 16:31:46,016: INFO: file_loader: hiv_art_pharmacy_regimens_3_20250523135838_decrypted.json attempting to reload]
[2025-05-24 16:31:46,100: INFO: file_loader: " " successfully replace with NA]
[2025-05-24 16:31:46,251: INFO: file_loader: hiv_art_pharmacy_regimens_3_20250523135838_decrypted.json successfully ingested into stg_hiv_art_pharmacy_regimens table]
[2025-05-24 16:31:46,276: INFO: file_loader: file ingestion_log successfully updated]
[2025-05-24 16:31:46,306: INFO: file_loader: Sync File log updated for 61400c43-a19e-4dac-8c81-3616c08a792b successfully]
[2025-05-24 16:31:46,321: INFO: file_loader: Processing file]
[2025-05-24 16:31:46,321: INFO: file_loader: ----------------------------s-------------------------------------------------]
[2025-05-24 16:31:46,321: INFO: file_loader: The file '/home/lamisplus/server/temp/dpwdySv7O4A/biometric_100_20250523140218_decrypted.json' exists.]
[2025-05-24 16:31:46,671: INFO: file_loader: successfully updated start_time, file_name and stg_table in sync_file]
[2025-05-24 16:31:46,672: INFO: file_loader: Processing file]
[2025-05-24 16:31:46,717: INFO: file_loader: biometric_100_20250523140218_decrypted.json previously failed to load]
[2025-05-24 16:31:46,717: INFO: file_loader: biometric_100_20250523140218_decrypted.json attempting to reload]
[2025-05-24 16:31:46,865: INFO: file_loader: " " successfully replace with NA]
[2025-05-24 16:31:47,262: INFO: file_loader: biometric_100_20250523140218_decrypted.json successfully ingested into stg_biometric table]
[2025-05-24 16:31:47,288: INFO: file_loader: file ingestion_log successfully updated]
[2025-05-24 16:31:47,319: INFO: file_loader: Sync File log updated for f0d8c8b7-c3ca-492c-ad8d-a787db04e90e successfully]
[2025-05-24 16:31:47,335: INFO: file_loader: Processing file]
[2025-05-24 16:31:47,336: INFO: file_loader: ----------------------------s-------------------------------------------------]
[2025-05-24 16:31:47,336: INFO: file_loader: The file '/home/lamisplus/server/temp/WyCV2IF8nVP/patient_encounter_6_20250523141048_decrypted.json' exists.]
[2025-05-24 16:31:47,707: INFO: file_loader: successfully updated start_time, file_name and stg_table in sync_file]
[2025-05-24 16:31:47,707: INFO: file_loader: Processing file]
[2025-05-24 16:31:47,761: INFO: file_loader: patient_encounter_6_20250523141048_decrypted.json previously failed to load]
[2025-05-24 16:31:47,761: INFO: file_loader: patient_encounter_6_20250523141048_decrypted.json attempting to reload]
[2025-05-24 16:31:47,876: INFO: file_loader: " " successfully replace with NA]
[2025-05-24 16:31:48,075: INFO: file_loader: patient_encounter_6_20250523141048_decrypted.json successfully ingested into stg_patient_encounter table]
[2025-05-24 16:31:48,102: INFO: file_loader: file ingestion_log successfully updated]
[2025-05-24 16:31:48,135: INFO: file_loader: Sync File log updated for fdbe5aa0-472e-47d9-9b01-2efa857010ce successfully]
[2025-05-24 16:31:48,150: INFO: file_loader: Processing file]
[2025-05-24 16:31:48,151: INFO: file_loader: ----------------------------s-------------------------------------------------]
[2025-05-24 16:31:48,151: INFO: file_loader: The file '/home/lamisplus/server/temp/WyCV2IF8nVP/hiv_art_pharmacy_regimens_3_20250523141048_decrypted.json' exists.]
[2025-05-24 16:31:48,378: INFO: file_loader: successfully updated start_time, file_name and stg_table in sync_file]
[2025-05-24 16:31:48,378: INFO: file_loader: Processing file]
[2025-05-24 16:31:48,432: INFO: file_loader: hiv_art_pharmacy_regimens_3_20250523141048_decrypted.json previously failed to load]
[2025-05-24 16:31:48,432: INFO: file_loader: hiv_art_pharmacy_regimens_3_20250523141048_decrypted.json attempting to reload]
[2025-05-24 16:31:48,524: INFO: file_loader: " " successfully replace with NA]
[2025-05-24 16:31:48,668: INFO: file_loader: hiv_art_pharmacy_regimens_3_20250523141048_decrypted.json successfully ingested into stg_hiv_art_pharmacy_regimens table]
[2025-05-24 16:31:48,691: INFO: file_loader: file ingestion_log successfully updated]
[2025-05-24 16:31:48,716: INFO: file_loader: Sync File log updated for 09ba1328-134b-46e8-a0f1-cbd56b740cf3 successfully]
[2025-05-24 16:31:48,732: INFO: file_loader: Processing file]
[2025-05-24 16:31:48,733: INFO: file_loader: ----------------------------s-------------------------------------------------]
[2025-05-24 16:31:48,733: INFO: file_loader: The file '/home/lamisplus/server/temp/E1PW0PYkvDx/biometric_46_20250523123301_decrypted.json' exists.]
[2025-05-24 16:31:49,077: INFO: file_loader: successfully updated start_time, file_name and stg_table in sync_file]
[2025-05-24 16:31:49,078: INFO: file_loader: Processing file]
[2025-05-24 16:31:49,130: INFO: file_loader: biometric_46_20250523123301_decrypted.json previously failed to load]
[2025-05-24 16:31:49,130: INFO: file_loader: biometric_46_20250523123301_decrypted.json attempting to reload]
[2025-05-24 16:31:49,346: INFO: file_loader: " " successfully replace with NA]
[2025-05-24 16:31:49,769: INFO: file_loader: biometric_46_20250523123301_decrypted.json successfully ingested into stg_biometric table]
[2025-05-24 16:31:49,793: INFO: file_loader: file ingestion_log successfully updated]
[2025-05-24 16:31:49,818: INFO: file_loader: Sync File log updated for f79f72d1-4f8a-4d89-92ed-892943a31166 successfully]
[2025-05-24 16:31:49,836: INFO: file_loader: Processing file]
[2025-05-24 16:31:49,836: INFO: file_loader: ----------------------------s-------------------------------------------------]
[2025-05-24 16:31:49,836: INFO: file_loader: The file '/home/lamisplus/server/temp/WyCV2IF8nVP/laboratory_sample_type_0_20250523141048_decrypted.json' exists.]
[2025-05-24 16:31:50,194: INFO: file_loader: successfully updated start_time, file_name and stg_table in sync_file]
[2025-05-24 16:31:50,194: INFO: file_loader: Processing file]
[2025-05-24 16:31:50,235: INFO: file_loader: laboratory_sample_type_0_20250523141048_decrypted.json previously failed to load]
[2025-05-24 16:31:50,235: INFO: file_loader: laboratory_sample_type_0_20250523141048_decrypted.json attempting to reload]
[2025-05-24 16:31:50,300: INFO: file_loader: " " successfully replace with NA]
[2025-05-24 16:31:50,335: INFO: file_loader: laboratory_sample_type_0_20250523141048_decrypted.json successfully ingested into stg_laboratory_sample_type table]
[2025-05-24 16:31:50,363: INFO: file_loader: file ingestion_log successfully updated]
[2025-05-24 16:31:50,393: INFO: file_loader: Sync File log updated for 9d21d160-dd71-41d8-aa7e-1b0022fa8f54 successfully]
[2025-05-24 16:31:50,408: INFO: file_loader: Processing file]
[2025-05-24 16:31:50,409: INFO: file_loader: ----------------------------s-------------------------------------------------]
[2025-05-24 16:31:50,409: INFO: file_loader: The file '/home/lamisplus/server/temp/GbtTSJLBKbI/hiv_art_pharmacy_3_20250523135838_decrypted.json' exists.]
[2025-05-24 16:31:50,805: INFO: file_loader: successfully updated start_time, file_name and stg_table in sync_file]
[2025-05-24 16:31:50,806: INFO: file_loader: Processing file]
[2025-05-24 16:31:50,844: INFO: file_loader: hiv_art_pharmacy_3_20250523135838_decrypted.json previously failed to load]
[2025-05-24 16:31:50,845: INFO: file_loader: hiv_art_pharmacy_3_20250523135838_decrypted.json attempting to reload]
[2025-05-24 16:31:50,996: INFO: file_loader: " " successfully replace with NA]
[2025-05-24 16:31:51,449: INFO: file_loader: hiv_art_pharmacy_3_20250523135838_decrypted.json successfully ingested into stg_hiv_art_pharmacy table]
[2025-05-24 16:31:51,472: INFO: file_loader: file ingestion_log successfully updated]
[2025-05-24 16:31:51,503: INFO: file_loader: Sync File log updated for e2f1a019-1806-443e-8439-e23c3dc80b92 successfully]
[2025-05-24 16:31:51,520: INFO: file_loader: Processing file]
[2025-05-24 16:31:51,520: INFO: file_loader: ----------------------------s-------------------------------------------------]
[2025-05-24 16:31:51,520: INFO: file_loader: The file '/home/lamisplus/server/temp/E1PW0PYkvDx/triage_vital_sign_15_20250523123301_decrypted.json' exists.]
[2025-05-24 16:31:51,830: INFO: file_loader: successfully updated start_time, file_name and stg_table in sync_file]
[2025-05-24 16:31:51,830: INFO: file_loader: Processing file]
[2025-05-24 16:31:51,866: INFO: file_loader: triage_vital_sign_15_20250523123301_decrypted.json previously failed to load]
[2025-05-24 16:31:51,866: INFO: file_loader: triage_vital_sign_15_20250523123301_decrypted.json attempting to reload]
[2025-05-24 16:31:51,970: INFO: file_loader: " " successfully replace with NA]
[2025-05-24 16:31:52,088: INFO: file_loader: triage_vital_sign_15_20250523123301_decrypted.json successfully ingested into stg_triage_vital_sign table]
[2025-05-24 16:31:52,112: INFO: file_loader: file ingestion_log successfully updated]
[2025-05-24 16:31:52,137: INFO: file_loader: Sync File log updated for 936d38f9-6f6b-48b7-816b-f41627334434 successfully]
[2025-05-24 16:31:52,154: INFO: file_loader: Processing file]
[2025-05-24 16:31:52,154: INFO: file_loader: ----------------------------s-------------------------------------------------]
[2025-05-24 16:31:52,154: INFO: file_loader: The file '/home/lamisplus/server/temp/TeUPDYF4sGG/patient_visit_5_20250523080646_decrypted.json' exists.]
[2025-05-24 16:31:52,350: INFO: file_loader: successfully updated start_time, file_name and stg_table in sync_file]
[2025-05-24 16:31:52,350: INFO: file_loader: Processing file]
[2025-05-24 16:31:52,394: INFO: file_loader: patient_visit_5_20250523080646_decrypted.json previously failed to load]
[2025-05-24 16:31:52,395: INFO: file_loader: patient_visit_5_20250523080646_decrypted.json attempting to reload]
[2025-05-24 16:31:52,523: INFO: file_loader: " " successfully replace with NA]
[2025-05-24 16:31:52,702: INFO: file_loader: patient_visit_5_20250523080646_decrypted.json successfully ingested into stg_patient_visit table]
[2025-05-24 16:31:52,723: INFO: file_loader: file ingestion_log successfully updated]
[2025-05-24 16:31:52,743: INFO: file_loader: Sync File log updated for 4c4777c0-8222-40c1-b466-a1efeaebe2b7 successfully]
[2025-05-24 16:31:52,756: INFO: file_loader: Processing file]
[2025-05-24 16:31:52,756: INFO: file_loader: ----------------------------s-------------------------------------------------]
[2025-05-24 16:31:52,756: INFO: file_loader: The file '/home/lamisplus/server/temp/GbtTSJLBKbI/hiv_art_pharmacy_regimens_21_20250523135838_decrypted.json' exists.]
[2025-05-24 16:31:53,034: INFO: file_loader: successfully updated start_time, file_name and stg_table in sync_file]
[2025-05-24 16:31:53,034: INFO: file_loader: Processing file]
[2025-05-24 16:31:53,078: INFO: file_loader: hiv_art_pharmacy_regimens_21_20250523135838_decrypted.json previously failed to load]
[2025-05-24 16:31:53,078: INFO: file_loader: hiv_art_pharmacy_regimens_21_20250523135838_decrypted.json attempting to reload]
[2025-05-24 16:31:53,153: INFO: file_loader: " " successfully replace with NA]
[2025-05-24 16:31:53,304: INFO: file_loader: hiv_art_pharmacy_regimens_21_20250523135838_decrypted.json successfully ingested into stg_hiv_art_pharmacy_regimens table]
[2025-05-24 16:31:53,323: INFO: file_loader: file ingestion_log successfully updated]
[2025-05-24 16:31:53,353: INFO: file_loader: Sync File log updated for 4d3550c2-585f-4050-b596-4c5041fecb84 successfully]
[2025-05-24 16:31:53,370: INFO: file_loader: Processing file]
[2025-05-24 16:31:53,371: INFO: file_loader: ----------------------------s-------------------------------------------------]
[2025-05-24 16:31:53,371: INFO: file_loader: The file '/home/lamisplus/server/temp/WyCV2IF8nVP/hiv_enrollment_0_20250523141048_decrypted.json' exists.]
[2025-05-24 16:31:53,694: INFO: file_loader: successfully updated start_time, file_name and stg_table in sync_file]
[2025-05-24 16:31:53,694: INFO: file_loader: Processing file]
[2025-05-24 16:31:53,736: INFO: file_loader: hiv_enrollment_0_20250523141048_decrypted.json previously failed to load]
[2025-05-24 16:31:53,737: INFO: file_loader: hiv_enrollment_0_20250523141048_decrypted.json attempting to reload]
[2025-05-24 16:31:53,937: INFO: file_loader: " " successfully replace with NA]
[2025-05-24 16:31:54,158: ERROR: file_loader: An unexpected error occurred: (psycopg2.errors.UndefinedColumn) column "target_group_id_original" of relation "stg_hiv_enrollment" does not exist
LINE 1: ...dified_by, status_at_registration_id, created_by, target_gro...
                                                             ^

[SQL: INSERT INTO stg_hiv_enrollment (date_referred_from_ovcpartner, person_uuid, latitude, last_modified_date, time_hiv_diagnosis, source, date_enrolled_pmtct, ovc_number, house_hold_number, uuid, pregnancy_status_id, lip_name, entry_point_id, tb_status_id, archived, date_confirmed_hiv, enrollment_setting_id, date_of_lpm, target_group_id, facility_id, id, source_of_referrer_id, date_referred_to_ovcpartner, send_message, pregnant, longitude, unique_id, referred_from_ovcpartner, last_modified_by, status_at_registration_id, created_by, target_group_id_original, facility_name, care_entry_point_other, created_date, breastfeeding, date_of_registration, visit_id, date_started, referred_to_ovcpartner, stg_batch_id, stg_load_time, stg_file_name, stg_datim_id) VALUES (%(date_referred_from_ovcpartner)s, %(person_uuid)s, %(latitude)s, %(last_modified_date)s, %(time_hiv_diagnosis)s, %(source)s, %(date_enrolled_pmtct)s, %(ovc_number)s, %(house_hold_number)s, %(uuid)s, %(pregnancy_status_id)s, %(lip_name)s, %(entry_point_id)s, %(tb_status_id)s, %(archived)s, %(date_confirmed_hiv)s, %(enrollment_setting_id)s, %(date_of_lpm)s, %(target_group_id)s, %(facility_id)s, %(id)s, %(source_of_referrer_id)s, %(date_referred_to_ovcpartner)s, %(send_message)s, %(pregnant)s, %(longitude)s, %(unique_id)s, %(referred_from_ovcpartner)s, %(last_modified_by)s, %(status_at_registration_id)s, %(created_by)s, %(target_group_id_original)s, %(facility_name)s, %(care_entry_point_other)s, %(created_date)s, %(breastfeeding)s, %(date_of_registration)s, %(visit_id)s, %(date_started)s, %(referred_to_ovcpartner)s, %(stg_batch_id)s, %(stg_load_time)s, %(stg_file_name)s, %(stg_datim_id)s)]
[parameters: ({'date_referred_from_ovcpartner': None, 'person_uuid': '22359d66-dea7-4d20-a6a6-243143c4fa99', 'latitude': None, 'last_modified_date': '2021-07-13 15:45:32.965', 'time_hiv_diagnosis': '2021-07-07 00:00:00.0', 'source': None, 'date_enrolled_pmtct': None, 'ovc_number': None, 'house_hold_number': None, 'uuid': '2edc0b9a-7a75-4d1a-96b9-49dae7c27807', 'pregnancy_status_id': 72.0, 'lip_name': None, 'entry_point_id': None, 'tb_status_id': 67.0, 'archived': 0, 'date_confirmed_hiv': '2021-07-07', 'enrollment_setting_id': 869, 'date_of_lpm': None, 'target_group_id': None, 'facility_id': 1441, 'id': 1, 'source_of_referrer_id': 43.0, 'date_referred_to_ovcpartner': None, 'send_message': None, 'pregnant': False, 'longitude': None, 'unique_id': 'HALG/25/11/511/001670', 'referred_from_ovcpartner': None, 'last_modified_by': 'ETL', 'status_at_registration_id': 444.0, 'created_by': 'ETL', 'target_group_id_original': 151, 'facility_name': 'Badagry KP One Stop Shop', 'care_entry_point_other': None, 'created_date': '2021-07-13 15:45:32.965', 'breastfeeding': False, 'date_of_registration': '2021-07-07', 'visit_id': 'b7f46e41-cb57-46b3-85f0-4de417a5b4d7', 'date_started': '2021-07-07', 'referred_to_ovcpartner': None, 'stg_batch_id': '20250523141048', 'stg_load_time': datetime.datetime(2025, 5, 24, 16, 31, 53, 804388), 'stg_file_name': 'hiv_enrollment_0_20250523141048_decrypted.json', 'stg_datim_id': 'WyCV2IF8nVP'}, {'date_referred_from_ovcpartner': None, 'person_uuid': '6b82d9c2-ac4a-4747-aefb-1e5b7fe092ae', 'latitude': None, 'last_modified_date': '2021-04-27 12:03:20.156', 'time_hiv_diagnosis': '2021-04-19 00:00:00.0', 'source': None, 'date_enrolled_pmtct': None, 'ovc_number': None, 'house_hold_number': None, 'uuid': '09980403-45f6-4826-a990-6129a4bb9bc3', 'pregnancy_status_id': 72.0, 'lip_name': None, 'entry_point_id': None, 'tb_status_id': 67.0, 'archived': 0, 'date_confirmed_hiv': '2021-04-19', 'enrollment_setting_id': 869, 'date_of_lpm': None, 'target_group_id': None, 'facility_id': 1441, 'id': 2, 'source_of_referrer_id': None, 'date_referred_to_ovcpartner': None, 'send_message': None, 'pregnant': False, 'longitude': None, 'unique_id': 'HALG/25/11/511/001415', 'referred_from_ovcpartner': None, 'last_modified_by': 'ETL', 'status_at_registration_id': 444.0, 'created_by': 'ETL', 'target_group_id_original': 151, 'facility_name': 'Badagry KP One Stop Shop', 'care_entry_point_other': None, 'created_date': '2021-04-27 12:03:20.156', 'breastfeeding': False, 'date_of_registration': '2021-04-19', 'visit_id': '01a61fc9-c655-432f-be90-995960a57224', 'date_started': '2021-04-19', 'referred_to_ovcpartner': None, 'stg_batch_id': '20250523141048', 'stg_load_time': datetime.datetime(2025, 5, 24, 16, 31, 53, 804388), 'stg_file_name': 'hiv_enrollment_0_20250523141048_decrypted.json', 'stg_datim_id': 'WyCV2IF8nVP'}, {'date_referred_from_ovcpartner': None, 'person_uuid': 'd87a2c52-6218-496b-8cc5-6754f2bc86a8', 'latitude': None, 'last_modified_date': '2022-04-05 12:26:30.02', 'time_hiv_diagnosis': '2022-03-15 00:00:00.0', 'source': None, 'date_enrolled_pmtct': '2022-03-15', 'ovc_number': None, 'house_hold_number': None, 'uuid': 'd907d6df-85f2-4779-8439-d54a1cfe8f60', 'pregnancy_status_id': 72.0, 'lip_name': None, 'entry_point_id': None, 'tb_status_id': 67.0, 'archived': 0, 'date_confirmed_hiv': '2022-03-15', 'enrollment_setting_id': 869, 'date_of_lpm': None, 'target_group_id': None, 'facility_id': 1441, 'id': 3, 'source_of_referrer_id': 43.0, 'date_referred_to_ovcpartner': None, 'send_message': None, 'pregnant': False, 'longitude': None, 'unique_id': 'HALG/25/11/511/002530', 'referred_from_ovcpartner': None, 'last_modified_by': 'ETL', 'status_at_registration_id': 444.0, 'created_by': 'ETL', 'target_group_id_original': 151, 'facility_name': 'Badagry KP One Stop Shop', 'care_entry_point_other': None, 'created_date': '2022-04-05 12:26:30.02', 'breastfeeding': False, 'date_of_registration': '2022-03-15', 'visit_id': '55858cec-b069-4e01-b6be-5fd6cfe465d8', 'date_started': '2022-03-15', 'referred_to_ovcpartner': None, 'stg_batch_id': '20250523141048', 'stg_load_time': datetime.datetime(2025, 5, 24, 16, 31, 53, 804388), 'stg_file_name': 'hiv_enrollment_0_20250523141048_decrypted.json', 'stg_datim_id': 'WyCV2IF8nVP'}, {'date_referred_from_ovcpartner': None, 'person_uuid': '3915ac89-ac5e-4080-a359-04f5716f594f', 'latitude': None, 'last_modified_date': '2021-03-02 13:21:40.753', 'time_hiv_diagnosis': '2020-08-25 00:00:00.0', 'source': None, 'date_enrolled_pmtct': None, 'ovc_number': None, 'house_hold_number': None, 'uuid': 'd90f055f-68fc-4b04-9b36-57102487188c', 'pregnancy_status_id': 72.0, 'lip_name': None, 'entry_point_id': None, 'tb_status_id': 67.0, 'archived': 0, 'date_confirmed_hiv': '2020-08-25', 'enrollment_setting_id': 869, 'date_of_lpm': None, 'target_group_id': None, 'facility_id': 1441, 'id': 4, 'source_of_referrer_id': 43.0, 'date_referred_to_ovcpartner': None, 'send_message': False, 'pregnant': False, 'longitude': None, 'unique_id': 'HALG/25/11/511/000882', 'referred_from_ovcpartner': None, 'last_modified_by': 'ETL', 'status_at_registration_id': 444.0, 'created_by': 'ETL', 'target_group_id_original': 150, 'facility_name': 'Badagry KP One Stop Shop', 'care_entry_point_other': None, 'created_date': '2021-03-02 13:21:40.753', 'breastfeeding': False, 'date_of_registration': '2020-08-25', 'visit_id': 'e4d403fe-47b5-49ad-b49a-474d78098acb', 'date_started': '2020-08-25', 'referred_to_ovcpartner': None, 'stg_batch_id': '20250523141048', 'stg_load_time': datetime.datetime(2025, 5, 24, 16, 31, 53, 804388), 'stg_file_name': 'hiv_enrollment_0_20250523141048_decrypted.json', 'stg_datim_id': 'WyCV2IF8nVP'}, {'date_referred_from_ovcpartner': None, 'person_uuid': '879ab07b-eac5-4e0a-af90-72775e6d2731', 'latitude': None, 'last_modified_date': '2021-04-20 14:05:06.494', 'time_hiv_diagnosis': '2021-04-06 00:00:00.0', 'source': None, 'date_enrolled_pmtct': None, 'ovc_number': None, 'house_hold_number': None, 'uuid': 'cb21652a-a12d-45a0-888f-ecb446d1bcbc', 'pregnancy_status_id': 72.0, 'lip_name': None, 'entry_point_id': 484.0, 'tb_status_id': 67.0, 'archived': 0, 'date_confirmed_hiv': '2021-04-06', 'enrollment_setting_id': 869, 'date_of_lpm': None, 'target_group_id': None, 'facility_id': 1441, 'id': 6, 'source_of_referrer_id': None, 'date_referred_to_ovcpartner': None, 'send_message': None, 'pregnant': False, 'longitude': None, 'unique_id': 'HALG/25/11/511/001359', 'referred_from_ovcpartner': None, 'last_modified_by': 'ETL', 'status_at_registration_id': 444.0, 'created_by': 'ETL', 'target_group_id_original': 153, 'facility_name': 'Badagry KP One Stop Shop', 'care_entry_point_other': None, 'created_date': '2021-04-20 14:05:06.494', 'breastfeeding': False, 'date_of_registration': '2021-04-06', 'visit_id': 'd6cf32bb-a69d-422a-bc86-402e311efbae', 'date_started': '2021-04-06', 'referred_to_ovcpartner': None, 'stg_batch_id': '20250523141048', 'stg_load_time': datetime.datetime(2025, 5, 24, 16, 31, 53, 804388), 'stg_file_name': 'hiv_enrollment_0_20250523141048_decrypted.json', 'stg_datim_id': 'WyCV2IF8nVP'}, {'date_referred_from_ovcpartner': None, 'person_uuid': 'df28e071-e7e1-4a45-8b8b-b8812987571f', 'latitude': None, 'last_modified_date': '2021-07-22 10:38:59.924', 'time_hiv_diagnosis': '2019-11-22 00:00:00.0', 'source': None, 'date_enrolled_pmtct': None, 'ovc_number': None, 'house_hold_number': None, 'uuid': 'ba36a714-7849-42e2-a8a8-4c76bef3dc97', 'pregnancy_status_id': 72.0, 'lip_name': None, 'entry_point_id': None, 'tb_status_id': 67.0, 'archived': 0, 'date_confirmed_hiv': '2019-11-22', 'enrollment_setting_id': 869, 'date_of_lpm': None, 'target_group_id': None, 'facility_id': 1441, 'id': 7, 'source_of_referrer_id': 1015.0, 'date_referred_to_ovcpartner': None, 'send_message': False, 'pregnant': False, 'longitude': None, 'unique_id': 'HALG/25/11/511/000240', 'referred_from_ovcpartner': None, 'last_modified_by': 'ETL', 'status_at_registration_id': 444.0, 'created_by': 'ETL', 'target_group_id_original': 150, 'facility_name': 'Badagry KP One Stop Shop', 'care_entry_point_other': None, 'created_date': '2021-07-22 10:38:59.924', 'breastfeeding': False, 'date_of_registration': '2019-11-22', 'visit_id': '1af20071-3491-4651-bb1e-7e048040520a', 'date_started': '2019-11-22', 'referred_to_ovcpartner': None, 'stg_batch_id': '20250523141048', 'stg_load_time': datetime.datetime(2025, 5, 24, 16, 31, 53, 804388), 'stg_file_name': 'hiv_enrollment_0_20250523141048_decrypted.json', 'stg_datim_id': 'WyCV2IF8nVP'}, {'date_referred_from_ovcpartner': None, 'person_uuid': '84a3bd49-7e86-4627-8f08-2f53eac62184', 'latitude': None, 'last_modified_date': '2023-03-02 10:39:20.394', 'time_hiv_diagnosis': '2023-02-06 00:00:00.0', 'source': None, 'date_enrolled_pmtct': None, 'ovc_number': None, 'house_hold_number': None, 'uuid': '4d53409a-702f-483d-83af-dc648262f1d7', 'pregnancy_status_id': 72.0, 'lip_name': None, 'entry_point_id': 484.0, 'tb_status_id': 67.0, 'archived': 0, 'date_confirmed_hiv': '2023-02-06', 'enrollment_setting_id': 869, 'date_of_lpm': None, 'target_group_id': None, 'facility_id': 1441, 'id': 8, 'source_of_referrer_id': 43.0, 'date_referred_to_ovcpartner': None, 'send_message': None, 'pregnant': False, 'longitude': None, 'unique_id': 'HALG/25/11/511/004519', 'referred_from_ovcpartner': None, 'last_modified_by': 'ETL', 'status_at_registration_id': 444.0, 'created_by': 'ETL', 'target_group_id_original': 153, 'facility_name': 'Badagry KP One Stop Shop', 'care_entry_point_other': None, 'created_date': '2023-03-02 10:39:20.394', 'breastfeeding': False, 'date_of_registration': '2023-02-06', 'visit_id': 'cb3cdebe-5d53-4dc1-9109-6173ecdb3593', 'date_started': '2023-02-06', 'referred_to_ovcpartner': None, 'stg_batch_id': '20250523141048', 'stg_load_time': datetime.datetime(2025, 5, 24, 16, 31, 53, 804388), 'stg_file_name': 'hiv_enrollment_0_20250523141048_decrypted.json', 'stg_datim_id': 'WyCV2IF8nVP'}, {'date_referred_from_ovcpartner': None, 'person_uuid': '801a9184-8345-41cd-b1fc-f77a6e80d9af', 'latitude': None, 'last_modified_date': '2021-06-11 14:24:08.935', 'time_hiv_diagnosis': '2021-06-07 00:00:00.0', 'source': None, 'date_enrolled_pmtct': None, 'ovc_number': None, 'house_hold_number': None, 'uuid': '7e9147e3-be2a-4f0a-829a-13959568d1be', 'pregnancy_status_id': 72.0, 'lip_name': None, 'entry_point_id': None, 'tb_status_id': 67.0, 'archived': 0, 'date_confirmed_hiv': '2021-06-07', 'enrollment_setting_id': 869, 'date_of_lpm': None, 'target_group_id': None, 'facility_id': 1441, 'id': 9, 'source_of_referrer_id': 43.0, 'date_referred_to_ovcpartner': None, 'send_message': None, 'pregnant': False, 'longitude': None, 'unique_id': 'HALG/25/11/511/001536', 'referred_from_ovcpartner': None, 'last_modified_by': 'ETL', 'status_at_registration_id': 444.0, 'created_by': 'ETL', 'target_group_id_original': 151, 'facility_name': 'Badagry KP One Stop Shop', 'care_entry_point_other': None, 'created_date': '2021-06-11 14:24:08.935', 'breastfeeding': False, 'date_of_registration': '2021-06-07', 'visit_id': '529c1bb7-0cfa-46c3-a2f9-a81e15f9bd91', 'date_started': '2021-06-07', 'referred_to_ovcpartner': None, 'stg_batch_id': '20250523141048', 'stg_load_time': datetime.datetime(2025, 5, 24, 16, 31, 53, 804388), 'stg_file_name': 'hiv_enrollment_0_20250523141048_decrypted.json', 'stg_datim_id': 'WyCV2IF8nVP'}  ... displaying 10 of 3000 total bound parameter sets ...  {'date_referred_from_ovcpartner': None, 'person_uuid': '95a3ee17-361d-41eb-b693-f4f5a6c0c23a', 'latitude': None, 'last_modified_date': '2024-08-21 14:40:51.25', 'time_hiv_diagnosis': '2022-05-16 00:00:00.0', 'source': None, 'date_enrolled_pmtct': None, 'ovc_number': None, 'house_hold_number': None, 'uuid': 'ca500242-c12b-4e66-b2b7-3e46306aca6c', 'pregnancy_status_id': 72.0, 'lip_name': None, 'entry_point_id': 17.0, 'tb_status_id': 67.0, 'archived': 0, 'date_confirmed_hiv': '2022-05-16', 'enrollment_setting_id': 52, 'date_of_lpm': None, 'target_group_id': None, 'facility_id': 1441, 'id': 5, 'source_of_referrer_id': 1015.0, 'date_referred_to_ovcpartner': None, 'send_message': None, 'pregnant': False, 'longitude': None, 'unique_id': 'HALG/25/11/511/003239', 'referred_from_ovcpartner': None, 'last_modified_by': 'obamidele@heartlandalliancenigeria.org', 'status_at_registration_id': 54.0, 'created_by': 'ETL', 'target_group_id_original': 151, 'facility_name': None, 'care_entry_point_other': None, 'created_date': '2022-05-19 12:13:37.62', 'breastfeeding': False, 'date_of_registration': '2022-05-16', 'visit_id': '9cd31acd-bec8-446c-826f-fb6a29cdd120', 'date_started': '2022-05-16', 'referred_to_ovcpartner': None, 'stg_batch_id': '20250523141048', 'stg_load_time': datetime.datetime(2025, 5, 24, 16, 31, 53, 804388), 'stg_file_name': 'hiv_enrollment_0_20250523141048_decrypted.json', 'stg_datim_id': 'WyCV2IF8nVP'}, {'date_referred_from_ovcpartner': None, 'person_uuid': '97b1f150-1412-4a12-b6ac-9415db4b949e', 'latitude': None, 'last_modified_date': '2024-08-21 14:48:13.364', 'time_hiv_diagnosis': '2023-04-17 00:00:00.0', 'source': None, 'date_enrolled_pmtct': None, 'ovc_number': None, 'house_hold_number': None, 'uuid': 'cf55af01-e06c-4494-8d8c-0c5d013a9cf5', 'pregnancy_status_id': 72.0, 'lip_name': None, 'entry_point_id': 17.0, 'tb_status_id': 67.0, 'archived': 0, 'date_confirmed_hiv': '2023-04-17', 'enrollment_setting_id': 52, 'date_of_lpm': None, 'target_group_id': None, 'facility_id': 1441, 'id': 501, 'source_of_referrer_id': 43.0, 'date_referred_to_ovcpartner': None, 'send_message': None, 'pregnant': False, 'longitude': None, 'unique_id': 'HALG/25/11/511/004705', 'referred_from_ovcpartner': None, 'last_modified_by': 'obamidele@heartlandalliancenigeria.org', 'status_at_registration_id': 54.0, 'created_by': 'ETL', 'target_group_id_original': 151, 'facility_name': None, 'care_entry_point_other': None, 'created_date': '2023-04-20 10:22:49.979', 'breastfeeding': False, 'date_of_registration': '2023-04-17', 'visit_id': '6ebe9a07-aa63-473c-97a1-b64064bf1285', 'date_started': '2023-04-17', 'referred_to_ovcpartner': None, 'stg_batch_id': '20250523141048', 'stg_load_time': datetime.datetime(2025, 5, 24, 16, 31, 53, 804388), 'stg_file_name': 'hiv_enrollment_0_20250523141048_decrypted.json', 'stg_datim_id': 'WyCV2IF8nVP'})]
(Background on this error at: https://sqlalche.me/e/14/f405)]
[2025-05-24 16:31:54,158: INFO: file_loader: Processing file]
[2025-05-24 16:31:54,158: INFO: file_loader: ----------------------------s-------------------------------------------------]
[2025-05-24 16:31:54,158: INFO: file_loader: The file '/home/lamisplus/server/temp/dpwdySv7O4A/biometric_105_20250523140218_decrypted.json' exists.]
[2025-05-24 16:31:54,385: INFO: file_loader: successfully updated start_time, file_name and stg_table in sync_file]
[2025-05-24 16:31:54,385: INFO: file_loader: Processing file]
[2025-05-24 16:31:54,437: INFO: file_loader: biometric_105_20250523140218_decrypted.json previously failed to load]
[2025-05-24 16:31:54,437: INFO: file_loader: biometric_105_20250523140218_decrypted.json attempting to reload]
[2025-05-24 16:31:54,598: INFO: file_loader: " " successfully replace with NA]
[2025-05-24 16:31:54,953: INFO: file_loader: biometric_105_20250523140218_decrypted.json successfully ingested into stg_biometric table]
[2025-05-24 16:31:54,968: INFO: file_loader: file ingestion_log successfully updated]
[2025-05-24 16:31:55,002: INFO: file_loader: Sync File log updated for c49f72b9-e091-4093-9775-27e565dcf420 successfully]
[2025-05-24 16:31:55,021: INFO: file_loader: Processing file]
[2025-05-24 16:31:55,021: INFO: file_loader: ----------------------------s-------------------------------------------------]
[2025-05-24 16:31:55,021: INFO: file_loader: The file '/home/lamisplus/server/temp/dpwdySv7O4A/triage_vital_sign_0_20250523140218_decrypted.json' exists.]
[2025-05-24 16:31:55,374: INFO: file_loader: successfully updated start_time, file_name and stg_table in sync_file]
[2025-05-24 16:31:55,374: INFO: file_loader: Processing file]
[2025-05-24 16:31:55,416: INFO: file_loader: triage_vital_sign_0_20250523140218_decrypted.json previously failed to load]
[2025-05-24 16:31:55,416: INFO: file_loader: triage_vital_sign_0_20250523140218_decrypted.json attempting to reload]
[2025-05-24 16:31:55,532: INFO: file_loader: " " successfully replace with NA]
[2025-05-24 16:31:55,901: INFO: file_loader: triage_vital_sign_0_20250523140218_decrypted.json successfully ingested into stg_triage_vital_sign table]
[2025-05-24 16:31:55,919: INFO: file_loader: file ingestion_log successfully updated]
[2025-05-24 16:31:55,946: INFO: file_loader: Sync File log updated for d2d88a83-d557-4444-9977-7de7c8074ab5 successfully]
[2025-05-24 16:31:55,958: INFO: file_loader: Processing file]
[2025-05-24 16:31:55,959: INFO: file_loader: ----------------------------s-------------------------------------------------]
[2025-05-24 16:31:55,959: INFO: file_loader: The file '/home/lamisplus/server/temp/dpwdySv7O4A/hiv_art_pharmacy_regimens_23_20250523140218_decrypted.json' exists.]
[2025-05-24 16:31:56,228: INFO: file_loader: successfully updated start_time, file_name and stg_table in sync_file]
[2025-05-24 16:31:56,229: INFO: file_loader: Processing file]
[2025-05-24 16:31:56,274: INFO: file_loader: hiv_art_pharmacy_regimens_23_20250523140218_decrypted.json previously failed to load]
[2025-05-24 16:31:56,274: INFO: file_loader: hiv_art_pharmacy_regimens_23_20250523140218_decrypted.json attempting to reload]
[2025-05-24 16:31:56,352: INFO: file_loader: " " successfully replace with NA]
[2025-05-24 16:31:56,498: INFO: file_loader: hiv_art_pharmacy_regimens_23_20250523140218_decrypted.json successfully ingested into stg_hiv_art_pharmacy_regimens table]
[2025-05-24 16:31:56,521: INFO: file_loader: file ingestion_log successfully updated]
[2025-05-24 16:31:56,546: INFO: file_loader: Sync File log updated for bda85488-e082-4f51-80de-8cc1afed713f successfully]
[2025-05-24 16:31:56,561: INFO: file_loader: Processing file]
[2025-05-24 16:31:56,561: INFO: file_loader: ----------------------------s-------------------------------------------------]
[2025-05-24 16:31:56,561: INFO: file_loader: The file '/home/lamisplus/server/temp/TeUPDYF4sGG/patient_visit_7_20250523080646_decrypted.json' exists.]
[2025-05-24 16:31:56,849: INFO: file_loader: successfully updated start_time, file_name and stg_table in sync_file]
[2025-05-24 16:31:56,850: INFO: file_loader: Processing file]
[2025-05-24 16:31:56,889: INFO: file_loader: patient_visit_7_20250523080646_decrypted.json previously failed to load]
[2025-05-24 16:31:56,889: INFO: file_loader: patient_visit_7_20250523080646_decrypted.json attempting to reload]
[2025-05-24 16:31:56,992: INFO: file_loader: " " successfully replace with NA]
[2025-05-24 16:31:57,209: INFO: file_loader: patient_visit_7_20250523080646_decrypted.json successfully ingested into stg_patient_visit table]
[2025-05-24 16:31:57,234: INFO: file_loader: file ingestion_log successfully updated]
[2025-05-24 16:31:57,265: INFO: file_loader: Sync File log updated for 2caefb08-6747-42a4-a27e-88af6e7717cb successfully]
[2025-05-24 16:31:57,280: INFO: file_loader: Processing file]
[2025-05-24 16:31:57,280: INFO: file_loader: ----------------------------s-------------------------------------------------]
[2025-05-24 16:31:57,280: INFO: file_loader: The file '/home/lamisplus/server/temp/GbtTSJLBKbI/hiv_art_pharmacy_0_20250523135838_decrypted.json' exists.]
[2025-05-24 16:31:57,516: INFO: file_loader: successfully updated start_time, file_name and stg_table in sync_file]
[2025-05-24 16:31:57,516: INFO: file_loader: Processing file]
[2025-05-24 16:31:57,554: INFO: file_loader: hiv_art_pharmacy_0_20250523135838_decrypted.json previously failed to load]
[2025-05-24 16:31:57,555: INFO: file_loader: hiv_art_pharmacy_0_20250523135838_decrypted.json attempting to reload]
[2025-05-24 16:31:57,741: INFO: file_loader: " " successfully replace with NA]
[2025-05-24 16:31:58,150: INFO: file_loader: hiv_art_pharmacy_0_20250523135838_decrypted.json successfully ingested into stg_hiv_art_pharmacy table]
[2025-05-24 16:31:58,174: INFO: file_loader: file ingestion_log successfully updated]
[2025-05-24 16:31:58,199: INFO: file_loader: Sync File log updated for 9250da7f-0fbe-4b09-8d9d-cf4b87bee04d successfully]
[2025-05-24 16:31:58,214: INFO: file_loader: Processing file]
[2025-05-24 16:31:58,214: INFO: file_loader: ----------------------------s-------------------------------------------------]
[2025-05-24 16:31:58,214: INFO: file_loader: The file '/home/lamisplus/server/temp/t03z3S4HMeX/biometric_101_20250523113716_decrypted.json' exists.]
[2025-05-24 16:31:58,402: INFO: file_loader: successfully updated start_time, file_name and stg_table in sync_file]
[2025-05-24 16:31:58,403: INFO: file_loader: Processing file]
[2025-05-24 16:31:58,442: INFO: file_loader: The file biometric_101_20250523113716_decrypted.json has been previously loaded successfully]
[2025-05-24 16:31:58,472: INFO: file_loader: Sync File log updated for e2d7dc8e-1919-4140-958b-e71410288586 successfully]
[2025-05-24 16:31:58,472: INFO: file_loader: Sync log has been updated successfully]
[2025-05-24 16:31:58,473: INFO: file_loader: Processing file]
[2025-05-24 16:31:58,473: INFO: file_loader: ----------------------------s-------------------------------------------------]
[2025-05-24 16:31:58,473: INFO: file_loader: The file '/home/lamisplus/server/temp/TeUPDYF4sGG/patient_visit_8_20250523080646_decrypted.json' exists.]
[2025-05-24 16:31:58,803: INFO: file_loader: successfully updated start_time, file_name and stg_table in sync_file]
[2025-05-24 16:31:58,803: INFO: file_loader: Processing file]
[2025-05-24 16:31:58,842: INFO: file_loader: patient_visit_8_20250523080646_decrypted.json previously failed to load]
[2025-05-24 16:31:58,842: INFO: file_loader: patient_visit_8_20250523080646_decrypted.json attempting to reload]
[2025-05-24 16:31:58,942: INFO: file_loader: " " successfully replace with NA]
[2025-05-24 16:31:59,185: INFO: file_loader: patient_visit_8_20250523080646_decrypted.json successfully ingested into stg_patient_visit table]
[2025-05-24 16:31:59,210: INFO: file_loader: file ingestion_log successfully updated]
[2025-05-24 16:31:59,236: INFO: file_loader: Sync File log updated for e6567a4b-9fd5-4eae-a41e-8065d20442c7 successfully]
[2025-05-24 16:31:59,246: INFO: file_loader: Processing file]
[2025-05-24 16:31:59,247: INFO: file_loader: ----------------------------s-------------------------------------------------]
[2025-05-24 16:31:59,247: INFO: file_loader: The file '/home/lamisplus/server/temp/DgTi7GSbUAE/biometric_8_20250523140954_decrypted.json' exists.]
[2025-05-24 16:31:59,494: INFO: file_loader: successfully updated start_time, file_name and stg_table in sync_file]
[2025-05-24 16:31:59,494: INFO: file_loader: Processing file]
[2025-05-24 16:31:59,543: INFO: file_loader: biometric_8_20250523140954_decrypted.json previously failed to load]
[2025-05-24 16:31:59,543: INFO: file_loader: biometric_8_20250523140954_decrypted.json attempting to reload]
[2025-05-24 16:31:59,706: INFO: file_loader: " " successfully replace with NA]
[2025-05-24 16:32:00,100: INFO: file_loader: biometric_8_20250523140954_decrypted.json successfully ingested into stg_biometric table]
[2025-05-24 16:32:00,121: INFO: file_loader: file ingestion_log successfully updated]
[2025-05-24 16:32:00,158: INFO: file_loader: Sync File log updated for 001defc4-31a4-424b-9d2a-e5f1ce3cc8fa successfully]
[2025-05-24 16:32:00,171: INFO: file_loader: Processing file]
[2025-05-24 16:32:00,172: INFO: file_loader: ----------------------------s-------------------------------------------------]
[2025-05-24 16:32:00,172: INFO: file_loader: The file '/home/lamisplus/server/temp/WyCV2IF8nVP/triage_vital_sign_5_20250523141048_decrypted.json' exists.]
[2025-05-24 16:32:00,422: INFO: file_loader: successfully updated start_time, file_name and stg_table in sync_file]
[2025-05-24 16:32:00,423: INFO: file_loader: Processing file]
[2025-05-24 16:32:00,476: INFO: file_loader: triage_vital_sign_5_20250523141048_decrypted.json previously failed to load]
[2025-05-24 16:32:00,476: INFO: file_loader: triage_vital_sign_5_20250523141048_decrypted.json attempting to reload]
[2025-05-24 16:32:00,597: INFO: file_loader: " " successfully replace with NA]
[2025-05-24 16:32:00,904: INFO: file_loader: triage_vital_sign_5_20250523141048_decrypted.json successfully ingested into stg_triage_vital_sign table]
[2025-05-24 16:32:00,925: INFO: file_loader: file ingestion_log successfully updated]
[2025-05-24 16:32:00,950: INFO: file_loader: Sync File log updated for c3132938-b177-4fd3-aa01-840957f26cd5 successfully]
[2025-05-24 16:32:00,962: INFO: file_loader: Processing file]
[2025-05-24 16:32:00,963: INFO: file_loader: ----------------------------s-------------------------------------------------]
[2025-05-24 16:32:00,963: INFO: file_loader: The file '/home/lamisplus/server/temp/JcYmXdOSndf/hiv_observation_0_20250523141242_decrypted.json' exists.]
[2025-05-24 16:32:01,227: INFO: file_loader: successfully updated start_time, file_name and stg_table in sync_file]
[2025-05-24 16:32:01,227: INFO: file_loader: Processing file]
[2025-05-24 16:32:01,281: INFO: file_loader: hiv_observation_0_20250523141242_decrypted.json previously failed to load]
[2025-05-24 16:32:01,282: INFO: file_loader: hiv_observation_0_20250523141242_decrypted.json attempting to reload]
[2025-05-24 16:32:01,447: INFO: file_loader: " " successfully replace with NA]
[2025-05-24 16:32:02,052: INFO: file_loader: hiv_observation_0_20250523141242_decrypted.json successfully ingested into stg_hiv_observation table]
[2025-05-24 16:32:02,073: INFO: file_loader: file ingestion_log successfully updated]
[2025-05-24 16:32:02,103: INFO: file_loader: Sync File log updated for aeed28ef-4fe8-43f5-b0eb-7c3e11e3c8eb successfully]
[2025-05-24 16:32:02,119: INFO: file_loader: Processing file]
[2025-05-24 16:32:02,120: INFO: file_loader: ----------------------------s-------------------------------------------------]
[2025-05-24 16:32:02,120: INFO: file_loader: The file '/home/lamisplus/server/temp/t03z3S4HMeX/biometric_106_20250523113716_decrypted.json' exists.]
[2025-05-24 16:32:02,341: INFO: file_loader: successfully updated start_time, file_name and stg_table in sync_file]
[2025-05-24 16:32:02,342: INFO: file_loader: Processing file]
[2025-05-24 16:32:02,374: INFO: file_loader: The file biometric_106_20250523113716_decrypted.json has been previously loaded successfully]
[2025-05-24 16:32:02,409: INFO: file_loader: Sync File log updated for 8c5a584b-f7ea-492b-a416-1b9ee6042b9a successfully]
[2025-05-24 16:32:02,409: INFO: file_loader: Sync log has been updated successfully]
[2025-05-24 16:32:02,410: INFO: file_loader: Processing file]
[2025-05-24 16:32:02,410: INFO: file_loader: ----------------------------s-------------------------------------------------]
[2025-05-24 16:32:02,410: INFO: file_loader: The file '/home/lamisplus/server/temp/FkAH7EayLSS/hiv_art_pharmacy_regimens_27_20250523152652_decrypted.json' exists.]
[2025-05-24 16:32:02,657: INFO: file_loader: successfully updated start_time, file_name and stg_table in sync_file]
[2025-05-24 16:32:02,658: INFO: file_loader: Processing file]
[2025-05-24 16:32:02,702: INFO: file_loader: hiv_art_pharmacy_regimens_27_20250523152652_decrypted.json previously failed to load]
[2025-05-24 16:32:02,702: INFO: file_loader: hiv_art_pharmacy_regimens_27_20250523152652_decrypted.json attempting to reload]
[2025-05-24 16:32:02,768: INFO: file_loader: " " successfully replace with NA]
[2025-05-24 16:32:02,950: INFO: file_loader: hiv_art_pharmacy_regimens_27_20250523152652_decrypted.json successfully ingested into stg_hiv_art_pharmacy_regimens table]
[2025-05-24 16:32:02,971: INFO: file_loader: file ingestion_log successfully updated]
[2025-05-24 16:32:03,007: INFO: file_loader: Sync File log updated for 9c0ef85f-814e-451f-8389-f9a93d29e7f8 successfully]
[2025-05-24 16:32:03,020: INFO: file_loader: Processing file]
[2025-05-24 16:32:03,020: INFO: file_loader: ----------------------------s-------------------------------------------------]
[2025-05-24 16:32:03,020: INFO: file_loader: The file '/home/lamisplus/server/temp/FkAH7EayLSS/hiv_art_pharmacy_0_20250523152652_decrypted.json' exists.]
[2025-05-24 16:32:03,387: INFO: file_loader: successfully updated start_time, file_name and stg_table in sync_file]
[2025-05-24 16:32:03,388: INFO: file_loader: Processing file]
[2025-05-24 16:32:03,428: INFO: file_loader: hiv_art_pharmacy_0_20250523152652_decrypted.json previously failed to load]
[2025-05-24 16:32:03,428: INFO: file_loader: hiv_art_pharmacy_0_20250523152652_decrypted.json attempting to reload]
[2025-05-24 16:32:03,638: INFO: file_loader: " " successfully replace with NA]
[2025-05-24 16:32:04,090: INFO: file_loader: hiv_art_pharmacy_0_20250523152652_decrypted.json successfully ingested into stg_hiv_art_pharmacy table]
[2025-05-24 16:32:04,112: INFO: file_loader: file ingestion_log successfully updated]
[2025-05-24 16:32:04,135: INFO: file_loader: Sync File log updated for 25cf3a93-8ba6-4ed8-80b3-644eaba2f85a successfully]
[2025-05-24 16:32:04,152: INFO: file_loader: Processing file]
[2025-05-24 16:32:04,152: INFO: file_loader: ----------------------------s-------------------------------------------------]
[2025-05-24 16:32:04,152: INFO: file_loader: The file '/home/lamisplus/server/temp/R2bNqBqJUIw/hiv_regimen_resolver_0_20250523142413_decrypted.json' exists.]
[2025-05-24 16:32:04,353: INFO: file_loader: successfully updated start_time, file_name and stg_table in sync_file]
[2025-05-24 16:32:04,353: INFO: file_loader: Processing file]
[2025-05-24 16:32:04,391: INFO: file_loader: hiv_regimen_resolver_0_20250523142413_decrypted.json previously failed to load]
[2025-05-24 16:32:04,391: INFO: file_loader: hiv_regimen_resolver_0_20250523142413_decrypted.json attempting to reload]
[2025-05-24 16:32:04,458: INFO: file_loader: " " successfully replace with NA]
[2025-05-24 16:32:04,509: INFO: file_loader: hiv_regimen_resolver_0_20250523142413_decrypted.json successfully ingested into stg_hiv_regimen_resolver table]
[2025-05-24 16:32:04,532: INFO: file_loader: file ingestion_log successfully updated]
[2025-05-24 16:32:04,559: INFO: file_loader: Sync File log updated for e8b8240a-e2fe-4d3f-963c-a6ac25316936 successfully]
[2025-05-24 16:32:04,574: INFO: file_loader: Processing file]
[2025-05-24 16:32:04,574: INFO: file_loader: ----------------------------s-------------------------------------------------]
[2025-05-24 16:32:04,574: INFO: file_loader: The file '/home/lamisplus/server/temp/NhvF5diSS13/hiv_art_pharmacy_regimens_0_20250523153520_decrypted.json' exists.]
[2025-05-24 16:32:04,856: INFO: file_loader: successfully updated start_time, file_name and stg_table in sync_file]
[2025-05-24 16:32:04,857: INFO: file_loader: Processing file]
[2025-05-24 16:32:04,898: INFO: file_loader: hiv_art_pharmacy_regimens_0_20250523153520_decrypted.json previously failed to load]
[2025-05-24 16:32:04,898: INFO: file_loader: hiv_art_pharmacy_regimens_0_20250523153520_decrypted.json attempting to reload]
[2025-05-24 16:32:04,980: INFO: file_loader: " " successfully replace with NA]
[2025-05-24 16:32:05,146: INFO: file_loader: hiv_art_pharmacy_regimens_0_20250523153520_decrypted.json successfully ingested into stg_hiv_art_pharmacy_regimens table]
[2025-05-24 16:32:05,174: INFO: file_loader: file ingestion_log successfully updated]
[2025-05-24 16:32:05,208: INFO: file_loader: Sync File log updated for 512bcd1a-fef3-4a9a-af53-a51155b2bab7 successfully]
[2025-05-24 16:32:05,220: INFO: file_loader: Processing file]
[2025-05-24 16:32:05,220: INFO: file_loader: ----------------------------s-------------------------------------------------]
[2025-05-24 16:32:05,220: INFO: file_loader: The file '/home/lamisplus/server/temp/dpwdySv7O4A/patient_visit_35_20250523152749_decrypted.json' exists.]
[2025-05-24 16:32:05,516: INFO: file_loader: successfully updated start_time, file_name and stg_table in sync_file]
[2025-05-24 16:32:05,516: INFO: file_loader: Processing file]
[2025-05-24 16:32:05,555: INFO: file_loader: patient_visit_35_20250523152749_decrypted.json previously failed to load]
[2025-05-24 16:32:05,556: INFO: file_loader: patient_visit_35_20250523152749_decrypted.json attempting to reload]
[2025-05-24 16:32:05,685: INFO: file_loader: " " successfully replace with NA]
[2025-05-24 16:32:05,934: INFO: file_loader: patient_visit_35_20250523152749_decrypted.json successfully ingested into stg_patient_visit table]
[2025-05-24 16:32:05,951: INFO: file_loader: file ingestion_log successfully updated]
[2025-05-24 16:32:05,976: INFO: file_loader: Sync File log updated for 032e7d90-82e6-492c-bcac-e80f0d3a2c2b successfully]
[2025-05-24 16:32:05,988: INFO: file_loader: Processing file]
[2025-05-24 16:32:05,989: INFO: file_loader: ----------------------------s-------------------------------------------------]
[2025-05-24 16:32:05,989: INFO: file_loader: The file '/home/lamisplus/server/temp/FWEjuDChsDH/biometric_11_20250523143907_decrypted.json' exists.]
[2025-05-24 16:32:06,235: INFO: file_loader: successfully updated start_time, file_name and stg_table in sync_file]
[2025-05-24 16:32:06,236: INFO: file_loader: Processing file]
[2025-05-24 16:32:06,279: INFO: file_loader: biometric_11_20250523143907_decrypted.json previously failed to load]
[2025-05-24 16:32:06,279: INFO: file_loader: biometric_11_20250523143907_decrypted.json attempting to reload]
[2025-05-24 16:32:06,449: INFO: file_loader: " " successfully replace with NA]
[2025-05-24 16:32:06,851: INFO: file_loader: biometric_11_20250523143907_decrypted.json successfully ingested into stg_biometric table]
[2025-05-24 16:32:06,870: INFO: file_loader: file ingestion_log successfully updated]
[2025-05-24 16:32:06,900: INFO: file_loader: Sync File log updated for f0416809-5eee-4bfc-9b01-95fc21b048b8 successfully]
[2025-05-24 16:32:06,914: INFO: file_loader: Processing file]
[2025-05-24 16:32:06,915: INFO: file_loader: ----------------------------s-------------------------------------------------]
[2025-05-24 16:32:06,915: INFO: file_loader: The file '/home/lamisplus/server/temp/NhvF5diSS13/base_organisation_unit_0_20250523153520_decrypted.json' exists.]
[2025-05-24 16:32:07,114: INFO: file_loader: successfully updated start_time, file_name and stg_table in sync_file]
[2025-05-24 16:32:07,114: INFO: file_loader: Processing file]
[2025-05-24 16:32:07,156: INFO: file_loader: base_organisation_unit_0_20250523153520_decrypted.json previously failed to load]
[2025-05-24 16:32:07,156: INFO: file_loader: base_organisation_unit_0_20250523153520_decrypted.json attempting to reload]
[2025-05-24 16:32:07,263: INFO: file_loader: " " successfully replace with NA]
[2025-05-24 16:32:07,493: INFO: file_loader: base_organisation_unit_0_20250523153520_decrypted.json successfully ingested into stg_base_organisation_unit table]
[2025-05-24 16:32:07,508: INFO: file_loader: file ingestion_log successfully updated]
[2025-05-24 16:32:07,531: INFO: file_loader: Sync File log updated for ba4f5904-3d06-445d-9640-1c803340a2f3 successfully]
[2025-05-24 16:32:07,546: INFO: file_loader: Processing file]
[2025-05-24 16:32:07,546: INFO: file_loader: ----------------------------s-------------------------------------------------]
[2025-05-24 16:32:07,546: INFO: file_loader: The file '/home/lamisplus/server/temp/bSGThj4mGr5/biometric_0_20250523140835_decrypted.json' exists.]
[2025-05-24 16:32:07,905: INFO: file_loader: successfully updated start_time, file_name and stg_table in sync_file]
[2025-05-24 16:32:07,906: INFO: file_loader: Processing file]
[2025-05-24 16:32:07,951: INFO: file_loader: biometric_0_20250523140835_decrypted.json yet to be loaded]
[2025-05-24 16:32:07,973: INFO: file_loader: (successfully inserted records into file_ingestion_log]
[2025-05-24 16:32:07,973: INFO: file_loader: biometric_0_20250523140835_decrypted.json logs inserted into file_ingestion_log]
[2025-05-24 16:32:07,973: INFO: file_loader: biometric_0_20250523140835_decrypted.json attempting to load]
[2025-05-24 16:32:08,130: INFO: file_loader: " " successfully replace with NA]
[2025-05-24 16:32:08,346: ERROR: file_loader: An unexpected error occurred: (psycopg2.errors.UndefinedColumn) column "biometric0_.match_person_uuid" of relation "stg_biometric" does not exist
LINE 1: ...version_iso_20, recapture, archived, device_name, "biometric...
                                                             ^

[SQL: INSERT INTO stg_biometric (template, reason, iso, person_uuid, last_modified_date, version_iso_20, recapture, archived, device_name, "biometric0_.match_person_uuid", extra, facility_id, template_type, id, recapture_message, count, hashed, last_modified_by, created_by, replace_date, image_quality, created_date, biometric_type, enrollment_date, stg_batch_id, stg_load_time, stg_file_name, stg_datim_id) VALUES (%(template)s, %(reason)s, %(iso)s, %(person_uuid)s, %(last_modified_date)s, %(version_iso_20)s, %(recapture)s, %(archived)s, %(device_name)s, %(biometric0_.match_person_uuid)s, %(extra)s, %(facility_id)s, %(template_type)s, %(id)s, %(recapture_message)s, %(count)s, %(hashed)s, %(last_modified_by)s, %(created_by)s, %(replace_date)s, %(image_quality)s, %(created_date)s, %(biometric_type)s, %(enrollment_date)s, %(stg_batch_id)s, %(stg_load_time)s, %(stg_file_name)s, %(stg_datim_id)s)]
[parameters: ({'template': 'Rk1SADAzMAAAAAePAAEAAAAHgP///////////wAAAAAAAVAAMYEBAAAAxQDFAAFAAeBgPkCMAE4INkCsAFeDP0CXAFgCOkCnAGSGYYBYAG6gNkCmAHuNYUDkAIHpV0EaAITlAUCpAIaNPEB8AI4VS ... (2282 characters truncated) ... 7//87//87//87//87PAE7MgM7MAQ7MwI8PAE8//88PQE8//88//88OAE8LwU8NwE9OgE9//89//89//89PQE9NQM9//89MAQ+//8+OwE+//8+NwM+PAE+//8+//8+//8AAgAQAkClANuxQIoBN1gA', 'reason': None, 'iso': True, 'person_uuid': '3f6623b4-d06a-4a04-bb87-4ba02689a565', 'last_modified_date': '2022-01-13 11:42:12.065', 'version_iso_20': False, 'recapture': 0, 'archived': 0, 'device_name': 'Neurotec', 'biometric0_.match_person_uuid': None, 'extra': 'null', 'facility_id': 1859, 'template_type': 'Left Middle Finger', 'id': '0a05768d-d248-4f8a-9def-449bef142fa5', 'recapture_message': None, 'count': 6, 'hashed': None, 'last_modified_by': 'ETL', 'created_by': 'ETL', 'replace_date': None, 'image_quality': None, 'created_date': '2022-01-13 11:42:12.065', 'biometric_type': 'FINGERPRINT', 'enrollment_date': '2022-01-13', 'stg_batch_id': '20250523140835', 'stg_load_time': datetime.datetime(2025, 5, 24, 16, 32, 8, 35754), 'stg_file_name': 'biometric_0_20250523140835_decrypted.json', 'stg_datim_id': 'bSGThj4mGr5'}, {'template': 'Rk1SADAzMAAAAAhoAAEAAAAIWf///////////wAAAAAAAVYAMYEBAAAAxQDFAAFAAeBgRUDCAC3pLIDkAD9qNoCnAEJxRUCRAE91P4A2AFD/AUBfAFF5M0A9AGOMKUDfAGfmR4A0AHMJIYBdAHSFV ... (2574 characters truncated) ... C//9C//9C//9CQwNCQAJDPQFD//9DOgNDQAFDQwFD//9DRAND//9E//9EQAFEMAdEQQNE//9E//9E//9ERAJF//9FPQRFQgNF//9FQwJF//9F//9F//8AAgAXAkDbAUd/QMABhwwBQI8BoPKSNw==', 'reason': None, 'iso': True, 'person_uuid': '0733bf36-7374-423e-873f-839654905ae4', 'last_modified_date': '2022-05-06 11:18:09.605', 'version_iso_20': False, 'recapture': 0, 'archived': 0, 'device_name': 'Neurotec', 'biometric0_.match_person_uuid': None, 'extra': 'null', 'facility_id': 1859, 'template_type': 'Right Thumb', 'id': '71f33c78-9c01-40a2-8b73-2828bc8b6235', 'recapture_message': None, 'count': 6, 'hashed': None, 'last_modified_by': 'ETL', 'created_by': 'ETL', 'replace_date': None, 'image_quality': None, 'created_date': '2022-05-06 11:18:09.605', 'biometric_type': 'FINGERPRINT', 'enrollment_date': '2022-05-06', 'stg_batch_id': '20250523140835', 'stg_load_time': datetime.datetime(2025, 5, 24, 16, 32, 8, 35754), 'stg_file_name': 'biometric_0_20250523140835_decrypted.json', 'stg_datim_id': 'bSGThj4mGr5'}, {'template': 'Rk1SACAyMAAAAAdUAAABQAHgAMUAxQEAAABGPYCaAFEAL0DBAFH9LECnAF2BLkC9AHT8MEBgAHUIH4CKAHb/MECpAHf9QEBYAIQEOUCnAJR4AUBgAJ2IL0BPAKAGI0AuAKuIJ0CuAMZ7T0D9AMxxH ... (2206 characters truncated) ... 5NQE6AAA6AAA6AAA6OwE6NgE6NQE6MwA6OQA7Pf87AAA7AAA7AAA7AAA7LAQ7NgE7OgE8NwE8NP88AAA8AAA8AAA8AAA8AAA8OAU9MwA9OAM9N/89AAA9AAA9AAA9AAA9OQAAAgALAUBkAYGwAA==', 'reason': None, 'iso': True, 'person_uuid': '95d5ec17-1570-4ad8-acd1-ab1ed0b4aea9', 'last_modified_date': '2022-12-12 01:08:40.317', 'version_iso_20': True, 'recapture': 0, 'archived': 0, 'device_name': 'Neurotec', 'biometric0_.match_person_uuid': None, 'extra': 'null', 'facility_id': 1859, 'template_type': 'Left Thumb', 'id': 'eab0de8d-5c1e-4763-8c35-458894b87d42', 'recapture_message': None, 'count': 10, 'hashed': None, 'last_modified_by': 'ETL', 'created_by': 'ETL', 'replace_date': None, 'image_quality': None, 'created_date': '2022-12-12 01:08:40.317', 'biometric_type': 'FINGERPRINT', 'enrollment_date': '2022-12-12', 'stg_batch_id': '20250523140835', 'stg_load_time': datetime.datetime(2025, 5, 24, 16, 32, 8, 35754), 'stg_file_name': 'biometric_0_20250523140835_decrypted.json', 'stg_datim_id': 'bSGThj4mGr5'}, {'template': 'Rk1SACAyMAAAAAFtAAABQAHgAMUAxQEAAAA7C4DxAJ1KUIENAJ9HSoDkAKNQVIDUAMbVSoEzAOBQQkD8ARrhZEDhAR/bVEDyAVJeUYEnAXxpGUEdAY/qAYEVAaTsFAENAAEBDQIBAAABAAABAwABB ... (190 characters truncated) ... HBAIHAAAHAAAHAAAHCAEIAAAIAAAIAAAICv8ICQAIAAAIBv8IBwEJAAAJAAAJCgEJAAAJAAAJAAAJBQoJCAAKAAAKAAAKCQEKCAIKAAAKAAAKCwEKAAALAAALAAALCgELCAMLAAALAAALAAALAAA=', 'reason': None, 'iso': True, 'person_uuid': '41fa8330-6281-42ff-8b27-8ac167932eba', 'last_modified_date': '2022-12-22 16:45:23.158', 'version_iso_20': True, 'recapture': 0, 'archived': 0, 'device_name': 'Neurotec', 'biometric0_.match_person_uuid': None, 'extra': 'null', 'facility_id': 1859, 'template_type': 'Left Index Finger', 'id': '1b0574f8-30c3-4324-a008-93a6dafdde17', 'recapture_message': None, 'count': 6, 'hashed': None, 'last_modified_by': 'ETL', 'created_by': 'ETL', 'replace_date': None, 'image_quality': None, 'created_date': '2022-12-22 16:45:23.158', 'biometric_type': 'FINGERPRINT', 'enrollment_date': '2022-12-22', 'stg_batch_id': '20250523140835', 'stg_load_time': datetime.datetime(2025, 5, 24, 16, 32, 8, 35754), 'stg_file_name': 'biometric_0_20250523140835_decrypted.json', 'stg_datim_id': 'bSGThj4mGr5'}, {'template': 'Rk1SACAyMAAAAAfMAAABQAHgAMUAxQEAAABbQUDKAIiWO4CVAJQcNUDfAKAJRICnAK0aU4CmALqkVoD1ALuMRUD1AML8OUBlANOtMEDeANicWECtAOgeNIBrAO0uQoD7APDuUoCqAPKxS4DJAPUcX ... (2366 characters truncated) ... 9NgA+NwA+PAE+AAA+AAA+AAA+QAM+PQI+Ov8/Nv8/OAI/PQE/QAA/AAA/AAA/QQE/OwBANv9APQFAPgNAAABAAABAAABAAABAPwBBOwBBOAVBPwFBAABBAABBAABBAABBOf8AAgALAUDbASezAA==', 'reason': None, 'iso': True, 'person_uuid': '5f61a864-b518-4f0c-9c6f-2a1e2da63426', 'last_modified_date': '2022-12-22 16:48:59.484', 'version_iso_20': True, 'recapture': 0, 'archived': 0, 'device_name': 'Neurotec', 'biometric0_.match_person_uuid': None, 'extra': 'null', 'facility_id': 1859, 'template_type': 'Right Middle Finger', 'id': 'a68a5dd8-ea01-4c36-bc14-c155b634bf11', 'recapture_message': None, 'count': 6, 'hashed': None, 'last_modified_by': 'ETL', 'created_by': 'ETL', 'replace_date': None, 'image_quality': None, 'created_date': '2022-12-22 16:48:59.484', 'biometric_type': 'FINGERPRINT', 'enrollment_date': '2022-12-22', 'stg_batch_id': '20250523140835', 'stg_load_time': datetime.datetime(2025, 5, 24, 16, 32, 8, 35754), 'stg_file_name': 'biometric_0_20250523140835_decrypted.json', 'stg_datim_id': 'bSGThj4mGr5'}, {'template': 'Rk1SACAyMAAAAAFtAAABQAHgAMUAxQEAAABYC4BYATVLSkBBAU/GLECEAVNEUoA7AVRKVkB5AVS/ZIBGAWZFMUA3AXVHAYBXAXk9Y0BlAYU6YYCEAZW0T4CTAbS4OwENAAEBDQIBAAABAAABAgMBB ... (190 characters truncated) ... HAAAHAAAHCAMHBgEHBAAIBP8IBgEIAAAIAAAIAAAICQEIA/8IBQMJAv8JCAEJAAAJAAAJAAAJCgMJAAAJBQEKCwEKAAAKAAAKAAAKAwAKCQMKAAAKAAALAAALAAALAAALAAALCgELCf8LAAALAAA=', 'reason': None, 'iso': True, 'person_uuid': '6a46c033-8d07-40b4-a143-d2d7637eee22', 'last_modified_date': '2022-12-22 16:54:48.825', 'version_iso_20': True, 'recapture': 0, 'archived': 0, 'device_name': 'Neurotec', 'biometric0_.match_person_uuid': None, 'extra': 'null', 'facility_id': 1859, 'template_type': 'Left Thumb', 'id': '1dd37e34-26e3-42a7-b899-61d74e0eae72', 'recapture_message': None, 'count': 6, 'hashed': None, 'last_modified_by': 'ETL', 'created_by': 'ETL', 'replace_date': None, 'image_quality': None, 'created_date': '2022-12-22 16:54:48.825', 'biometric_type': 'FINGERPRINT', 'enrollment_date': '2022-12-22', 'stg_batch_id': '20250523140835', 'stg_load_time': datetime.datetime(2025, 5, 24, 16, 32, 8, 35754), 'stg_file_name': 'biometric_0_20250523140835_decrypted.json', 'stg_datim_id': 'bSGThj4mGr5'}, {'template': 'Rk1SACAyMAAAAAFtAAABQAHgAMUAxQEAAABEC0B7AMgzLoDFAPq3NICLAScuSkC7AUQzVoCfAUukXYCoAVkxZIDXAWEzSEC3AWOiN4CcAYYiO0CGAZKkAUCPAbAdLQENAAEBDQIBAAABAAABAAABA ... (190 characters truncated) ... HCQEHAAAHAAAHAAAHAAAICQAIAAAIAAAIBwIIBAEIBf8IBgEICv8JCAAJAwYJAAAJCgAJCwEJAAAJAAAJB/8KAAAKCwIKAAAKCQAKBgEKAAAKAAAKAAALCf8LCgILAAALAAALAAALAAALAAALAAA=', 'reason': None, 'iso': True, 'person_uuid': 'cfc99524-01c6-48bf-b553-69b79e391772', 'last_modified_date': '2022-12-24 14:06:09.873', 'version_iso_20': True, 'recapture': 0, 'archived': 0, 'device_name': 'Neurotec', 'biometric0_.match_person_uuid': None, 'extra': 'null', 'facility_id': 1859, 'template_type': 'Left Index Finger', 'id': '80d77fa7-9376-47ce-a2f8-286cf475220e', 'recapture_message': None, 'count': 6, 'hashed': None, 'last_modified_by': 'ETL', 'created_by': 'ETL', 'replace_date': None, 'image_quality': None, 'created_date': '2022-12-24 14:06:09.873', 'biometric_type': 'FINGERPRINT', 'enrollment_date': '2022-12-24', 'stg_batch_id': '20250523140835', 'stg_load_time': datetime.datetime(2025, 5, 24, 16, 32, 8, 35754), 'stg_file_name': 'biometric_0_20250523140835_decrypted.json', 'stg_datim_id': 'bSGThj4mGr5'}, {'template': 'Rk1SACAyMAAAAApVAAABQAHgAMUAxQEAAAA+V4CcAAmnOUCmAA2uMUCGAA6pP0C7AA6nMkBtABCbOkBlABOcPUB4ABeoP4BAABwXKkDrABzeMYBuAB+qRkDHAB+2P4BaACKlPkECACbcJYDNACq+P ... (3230 characters truncated) ... TAABTAABTAABTV/9TVAFUTgNUTwJUR/9UUwFUAABUAABUVwJUVgFVAABVAABVAABVAABVAABVTAVVUgNVVgBWAABWAABWAABWVQBWAABWUgNWUARWVwJXUP9XTgZXVAJXU/9XAABXAABXAABXAAA=', 'reason': None, 'iso': True, 'person_uuid': 'a843f456-55df-48bb-a7fe-7e17175a0c9c', 'last_modified_date': '2023-02-16 12:19:01.004', 'version_iso_20': True, 'recapture': 0, 'archived': 0, 'device_name': 'Neurotec', 'biometric0_.match_person_uuid': None, 'extra': 'null', 'facility_id': 1859, 'template_type': 'Right Middle Finger', 'id': '02caf4fd-47bb-4b0b-8565-b8c920bc35cd', 'recapture_message': None, 'count': 6, 'hashed': None, 'last_modified_by': 'ETL', 'created_by': 'ETL', 'replace_date': None, 'image_quality': None, 'created_date': '2023-02-16 12:19:01.004', 'biometric_type': 'FINGERPRINT', 'enrollment_date': '2023-02-16', 'stg_batch_id': '20250523140835', 'stg_load_time': datetime.datetime(2025, 5, 24, 16, 32, 8, 35754), 'stg_file_name': 'biometric_0_20250523140835_decrypted.json', 'stg_datim_id': 'bSGThj4mGr5'}  ... displaying 10 of 3000 total bound parameter sets ...  {'template': 'Rk1SACAyMAAAAAEmAAABQAHgAMUAxQEAAABFLIChAFMQQUDbAFz6NECyAGYGTUB1AG4YRECvAIOTVEEMAIhqLUA0AJIhNoEDAKRyRED6ALJ+UYB6ALgZS0EHAMroSkA/ANIdRkCQAN4YS0BmAPsYT ... (94 characters truncated) ... RRkCZAWOgTUDEAWnHXkCpAXG2QkCkAXuyR0CvAXy+ToDeAYO8XIBwAYUlUoCzAY1CSYDsAZm1WEBoAaeYTUD2Aam5SID1AbmvNoEDAbnMLECjAb8lRUDYAcErSECVAcSTPIDGAcQqT4BuAcsQRAAA', 'reason': None, 'iso': True, 'person_uuid': '3ac49c01-b981-4f0a-a230-a24c1211fc87', 'last_modified_date': '2024-10-03 14:06:07.125', 'version_iso_20': True, 'recapture': 3, 'archived': 0, 'device_name': 'Futronic FS80H #1', 'biometric0_.match_person_uuid': None, 'extra': 'null', 'facility_id': 1859, 'template_type': 'Left Middle Finger', 'id': '092c4cd2-e005-479e-b3fb-197c750e049c', 'recapture_message': None, 'count': 8, 'hashed': '$2a$12$MklNDNgs4Agd50cSasj91O3mlfPJfQ1CDSSPaViELBVAn8TYxe6sO', 'last_modified_by': 'guest@lamisplus.org', 'created_by': 'guest@lamisplus.org', 'replace_date': None, 'image_quality': 69.0, 'created_date': '2024-10-03 14:06:07.125', 'biometric_type': 'FINGERPRINT', 'enrollment_date': '2024-10-03', 'stg_batch_id': '20250523140835', 'stg_load_time': datetime.datetime(2025, 5, 24, 16, 32, 8, 35754), 'stg_file_name': 'biometric_0_20250523140835_decrypted.json', 'stg_datim_id': 'bSGThj4mGr5'}, {'template': 'Rk1SACAyMAAAAAECAAABQAHgAMUAxQEAAAA9JkCSAJAjKUDGAKQXS4DSALYQVkDjALmTU0BZALwmKoDvAMAASUDKAMUTV0D3AMiIQUDeAM8LVoESANh/QEDqANwDV0ETAOH2PYBcAOmdNECXAOkfU ... (46 characters truncated) ... jL4CpAWYcVICKAXkhTkBDAXsnNEDgAYHzWUBpAYMfREE8AYnSSYBuAYsdTICyAY8cU0BSAZSgOIDjAZbNP4DbAaSqTUEGAa7BT0D4Aba5VkEjAb6+T0EGAb9FS4DNAcumPYDdAdCmToDFAdYoNQAA', 'reason': None, 'iso': True, 'person_uuid': '3ac49c01-b981-4f0a-a230-a24c1211fc87', 'last_modified_date': '2024-10-03 14:06:07.125', 'version_iso_20': True, 'recapture': 3, 'archived': 0, 'device_name': 'Futronic FS80H #1', 'biometric0_.match_person_uuid': None, 'extra': 'null', 'facility_id': 1859, 'template_type': 'Left Index Finger', 'id': 'd457f82f-b065-4aaf-9eab-711853eccf01', 'recapture_message': None, 'count': 8, 'hashed': '$2a$12$MklNDNgs4Agd50cSasj91OT9H5ZWkM72oSE..aVnnGDttmY/nXvge', 'last_modified_by': 'guest@lamisplus.org', 'created_by': 'guest@lamisplus.org', 'replace_date': None, 'image_quality': 61.0, 'created_date': '2024-10-03 14:06:07.125', 'biometric_type': 'FINGERPRINT', 'enrollment_date': '2024-10-03', 'stg_batch_id': '20250523140835', 'stg_load_time': datetime.datetime(2025, 5, 24, 16, 32, 8, 35754), 'stg_file_name': 'biometric_0_20250523140835_decrypted.json', 'stg_datim_id': 'bSGThj4mGr5'})]
(Background on this error at: https://sqlalche.me/e/14/f405)]
[2025-05-24 16:32:08,346: INFO: file_loader: Processing file]
[2025-05-24 16:32:08,346: INFO: file_loader: ----------------------------s-------------------------------------------------]
[2025-05-24 16:32:08,346: INFO: file_loader: The file '/home/lamisplus/server/temp/bSGThj4mGr5/biometric_1_20250523140835_decrypted.json' exists.]
[2025-05-24 16:32:08,686: INFO: file_loader: successfully updated start_time, file_name and stg_table in sync_file]
[2025-05-24 16:32:08,687: INFO: file_loader: Processing file]
[2025-05-24 16:32:08,736: INFO: file_loader: biometric_1_20250523140835_decrypted.json yet to be loaded]
[2025-05-24 16:32:08,770: INFO: file_loader: (successfully inserted records into file_ingestion_log]
[2025-05-24 16:32:08,770: INFO: file_loader: biometric_1_20250523140835_decrypted.json logs inserted into file_ingestion_log]
[2025-05-24 16:32:08,771: INFO: file_loader: biometric_1_20250523140835_decrypted.json attempting to load]
[2025-05-24 16:32:08,909: INFO: file_loader: " " successfully replace with NA]
[2025-05-24 16:32:09,077: ERROR: file_loader: An unexpected error occurred: (psycopg2.errors.UndefinedColumn) column "biometric0_.match_person_uuid" of relation "stg_biometric" does not exist
LINE 1: ...version_iso_20, recapture, archived, device_name, "biometric...
                                                             ^

[SQL: INSERT INTO stg_biometric (template, reason, iso, person_uuid, last_modified_date, version_iso_20, recapture, archived, device_name, "biometric0_.match_person_uuid", extra, facility_id, template_type, id, recapture_message, count, hashed, last_modified_by, created_by, replace_date, image_quality, created_date, biometric_type, enrollment_date, stg_batch_id, stg_load_time, stg_file_name, stg_datim_id) VALUES (%(template)s, %(reason)s, %(iso)s, %(person_uuid)s, %(last_modified_date)s, %(version_iso_20)s, %(recapture)s, %(archived)s, %(device_name)s, %(biometric0_.match_person_uuid)s, %(extra)s, %(facility_id)s, %(template_type)s, %(id)s, %(recapture_message)s, %(count)s, %(hashed)s, %(last_modified_by)s, %(created_by)s, %(replace_date)s, %(image_quality)s, %(created_date)s, %(biometric_type)s, %(enrollment_date)s, %(stg_batch_id)s, %(stg_load_time)s, %(stg_file_name)s, %(stg_datim_id)s)]
[parameters: ({'template': 'Rk1SACAyMAAAAADeAAABQAHgAMUAxQEAAABAIECKAIkYPUCcAJAKSEB3AJMeOUCCAJ6iSoDDAKH/SYCzAKKPUEDcAKWBNEDlAKV/KkDOALX+TEBXALilRkCOALsVTUBWANUmS0DlANWBPkB/ANwbU0A7AOwiNkA/APuhNIBpAPscUECnAP8LUUDnAP+CQUCZAQGWUEBhAR0fS4B3ASYYVYBrAU4aT0DJAVGJUIC/AV0DSEDcAWB+S0DNAXj6OIDdAXh9L4CrAXmcRkD1AX90K4C4AYGZNoCuAY0KOwAA', 'reason': None, 'iso': True, 'person_uuid': '3ac49c01-b981-4f0a-a230-a24c1211fc87', 'last_modified_date': '2024-10-03 14:06:07.125', 'version_iso_20': True, 'recapture': 3, 'archived': 0, 'device_name': 'Futronic FS80H #1', 'biometric0_.match_person_uuid': None, 'extra': 'null', 'facility_id': 1859, 'template_type': 'Right Little Finger', 'id': 'dad02e7c-039c-4ec9-8ccf-6235b2f41984', 'recapture_message': None, 'count': 8, 'hashed': '$2a$12$MklNDNgs4Agd50cSasj91Ocp2xZayjHWK/soynd5T.Irv8j2VT8au', 'last_modified_by': 'guest@lamisplus.org', 'created_by': 'guest@lamisplus.org', 'replace_date': None, 'image_quality': 64, 'created_date': '2024-10-03 14:06:07.125', 'biometric_type': 'FINGERPRINT', 'enrollment_date': '2024-10-03', 'stg_batch_id': '20250523140835', 'stg_load_time': datetime.datetime(2025, 5, 24, 16, 32, 8, 837935), 'stg_file_name': 'biometric_1_20250523140835_decrypted.json', 'stg_datim_id': 'bSGThj4mGr5'}, {'template': 'Rk1SACAyMAAAAAEaAAABQAHgAMUAxQEAAAA+KkB1AA2KOUA2AA6bJUDcAA73KoCqABP+OEDxAB7sMYBHACaeRYEOAExpN4AsAF0eNoBEAGGhOkAsAGYdOYBuAG0PU0BSAHCjQ0ArAHIdOkBYAH+oV ... (78 characters truncated) ... TQkAqANg1RUCpANvBSkC2AOHQVIDHAO3TT0DLAPxTSEDkAQ1PVoDwAS5BUEDWAS9XTYDgATBYR4CYATzjWkD7AUSXRkELAUaeMEECAVCSMYCJAVFYV0DvAVchPYBJAWbfMIB8AXhjO0BOAX5rJAAA', 'reason': None, 'iso': True, 'person_uuid': 'a50a77a1-1990-451b-9c30-005338e78fb4', 'last_modified_date': '2024-10-07 12:49:02.066', 'version_iso_20': True, 'recapture': 3, 'archived': 0, 'device_name': 'Futronic FS80H #1', 'biometric0_.match_person_uuid': None, 'extra': 'null', 'facility_id': 1859, 'template_type': 'Right Ring Finger', 'id': '6037e08b-cf0d-44cc-a565-2b1bf8ffdf9e', 'recapture_message': None, 'count': 8, 'hashed': '$2a$12$MklNDNgs4Agd50cSasj91OXdPklC4zmWgMbxC9Q9nKc0rbu6QL.nC', 'last_modified_by': 'guest@lamisplus.org', 'created_by': 'guest@lamisplus.org', 'replace_date': None, 'image_quality': 62, 'created_date': '2024-10-07 12:49:02.033', 'biometric_type': 'FINGERPRINT', 'enrollment_date': '2024-10-07', 'stg_batch_id': '20250523140835', 'stg_load_time': datetime.datetime(2025, 5, 24, 16, 32, 8, 837935), 'stg_file_name': 'biometric_1_20250523140835_decrypted.json', 'stg_datim_id': 'bSGThj4mGr5'}, {'template': 'Rk1SACAyMAAAAAEUAAABQAHgAMUAxQEAAABBKUBcAHkEIUDjAK5pMoC5AL3tToBkAMCJVYChAMF5VUBJAMsJUkBtANP+VkC9AO3oS0CBAPB8WYAWAPunI4BNAQMLUoDpAQZnToA0AQ0ZQ4ChAQ3gV ... (70 characters truncated) ... SRkCTAU1uSUBcAU+5S4B+AVHKSYBHAVS8RkBpAVUVSUDeAVvLV4AiAWBANEBXAWAxTEA2AWo7PUDvAYy5UEEBAZy2PoCkAZ4+RYC3AZ4tTUEIAbekLICjAb0MSoBCAb7gK4DAAcwUQEDXAdAXPgAA', 'reason': None, 'iso': True, 'person_uuid': 'a50a77a1-1990-451b-9c30-005338e78fb4', 'last_modified_date': '2024-10-07 12:49:02.066', 'version_iso_20': True, 'recapture': 3, 'archived': 0, 'device_name': 'Futronic FS80H #1', 'biometric0_.match_person_uuid': None, 'extra': 'null', 'facility_id': 1859, 'template_type': 'Left Index Finger', 'id': 'b7d432e6-6a1a-4c8a-a0bf-4f6d31b94652', 'recapture_message': None, 'count': 8, 'hashed': '$2a$12$MklNDNgs4Agd50cSasj91ODFHs3pURdSxyy6CU1d47xm5RTZqXK8G', 'last_modified_by': 'guest@lamisplus.org', 'created_by': 'guest@lamisplus.org', 'replace_date': None, 'image_quality': 65, 'created_date': '2024-10-07 12:49:02.049', 'biometric_type': 'FINGERPRINT', 'enrollment_date': '2024-10-07', 'stg_batch_id': '20250523140835', 'stg_load_time': datetime.datetime(2025, 5, 24, 16, 32, 8, 837935), 'stg_file_name': 'biometric_1_20250523140835_decrypted.json', 'stg_datim_id': 'bSGThj4mGr5'}, {'template': 'Rk1SACAyMAAAAAEmAAABQAHgAMUAxQEAAABOLECcAH4ISECLAIKRSkBfAIwUP0CyAJWKVkCWAKULUEEJAK1oKoBdAK8SVICJALqPVEDwAMBtRUEPAMZiJ4BSAN0WWoERAPDOVoBbAPUUXICkAQCDV ... (94 characters truncated) ... yREA4AWjeW0BeAW8IT4AdAX5TQUCtAYQhUkBTAYxnVYB1AY9+TEBEAZBmVUAdAZRkNYDoAZYiP0B1AZgLQECDAZwMSUCpAaMTRUDfAaUROYDOAakSN4DHAa0QNIBHAbHvL4C2AbIHOUCYAbn+PQAA', 'reason': None, 'iso': True, 'person_uuid': 'a50a77a1-1990-451b-9c30-005338e78fb4', 'last_modified_date': '2024-10-07 12:49:02.066', 'version_iso_20': True, 'recapture': 3, 'archived': 0, 'device_name': 'Futronic FS80H #1', 'biometric0_.match_person_uuid': None, 'extra': 'null', 'facility_id': 1859, 'template_type': 'Left Ring Finger', 'id': '51ab5328-60f8-4f72-9e07-87a2ab7fa03a', 'recapture_message': None, 'count': 8, 'hashed': '$2a$12$MklNDNgs4Agd50cSasj91OfReuRKN5MMGwgSACLAR2CsA39ji0Zvy', 'last_modified_by': 'guest@lamisplus.org', 'created_by': 'guest@lamisplus.org', 'replace_date': None, 'image_quality': 78, 'created_date': '2024-10-07 12:49:02.05', 'biometric_type': 'FINGERPRINT', 'enrollment_date': '2024-10-07', 'stg_batch_id': '20250523140835', 'stg_load_time': datetime.datetime(2025, 5, 24, 16, 32, 8, 837935), 'stg_file_name': 'biometric_1_20250523140835_decrypted.json', 'stg_datim_id': 'bSGThj4mGr5'}, {'template': 'Rk1SACAyMAAAAAFKAAABQAHgAMUAxQEAAABFMoClAGb+PYBcAHMUPUCqAHiCTYBQAIKaP4ByAIYNVIEFAJJmKUClAKWDVoBbALQWW0DaAMvcWYCHAN8EWUATAOErJ0BIAOKrVYBWAOghVYBhAO+tW ... (142 characters truncated) ... wUkDcAUKtSICVAUSiVkAxAUe6OYBXAUgRR4BBAVQYLEAxAV0jI0BIAWaNQ0CWAXAhTEAuAXISLECwAXshP4BDAX0HN0B7AX2MQEBGAY7zIEBaAZb5FoBqAZj/H0B4AZgDJEB4AaX4LUBkAahiLAAA', 'reason': None, 'iso': True, 'person_uuid': 'a50a77a1-1990-451b-9c30-005338e78fb4', 'last_modified_date': '2024-10-07 12:49:02.066', 'version_iso_20': True, 'recapture': 3, 'archived': 0, 'device_name': 'Futronic FS80H #1', 'biometric0_.match_person_uuid': None, 'extra': 'null', 'facility_id': 1859, 'template_type': 'Left Little Finger', 'id': '616aeb64-29d8-4d13-b862-d3e5e58c7fb7', 'recapture_message': None, 'count': 8, 'hashed': '$2a$12$MklNDNgs4Agd50cSasj91OxpstvOGFNemscJlKyTxtAWl.0dwG9KG', 'last_modified_by': 'guest@lamisplus.org', 'created_by': 'guest@lamisplus.org', 'replace_date': None, 'image_quality': 69, 'created_date': '2024-10-07 12:49:02.05', 'biometric_type': 'FINGERPRINT', 'enrollment_date': '2024-10-07', 'stg_batch_id': '20250523140835', 'stg_load_time': datetime.datetime(2025, 5, 24, 16, 32, 8, 837935), 'stg_file_name': 'biometric_1_20250523140835_decrypted.json', 'stg_datim_id': 'bSGThj4mGr5'}, {'template': 'Rk1SACAyMAAAAAEUAAABQAHgAMUAxQEAAABKKYCVALEITkDiALz3SoD6AL93RoDvANP2UUEJANd1R0C5AN37U0DSAN95TkDKAOt9U0CzAPT/PUBGAPatNICAARKxWUBbARe3U0DcASvdVUC5AS2+S ... (70 characters truncated) ... JQ0CpAWDbV0C/AWRUPEDyAW1aV0ClAXbfV4EWAXdSUkDvAX5fWIExAYBWOkEcAYhjSEDQAYpgTUC4AYtbV0EAAZhvSkBgAa3nOICKAbFmRoCrAbNoTUD0Abx3MkB0AcLsNEDxAcn7IEC5Acx0NAAA', 'reason': None, 'iso': True, 'person_uuid': 'a50a77a1-1990-451b-9c30-005338e78fb4', 'last_modified_date': '2024-10-07 12:49:02.066', 'version_iso_20': True, 'recapture': 3, 'archived': 0, 'device_name': 'Futronic FS80H #1', 'biometric0_.match_person_uuid': None, 'extra': 'null', 'facility_id': 1859, 'template_type': 'Right Little Finger', 'id': 'c0c9470c-0422-4eac-a564-34aa14c7f8ea', 'recapture_message': None, 'count': 8, 'hashed': '$2a$12$MklNDNgs4Agd50cSasj91O7kuo2s1Q8qVi8NYnezFghmrSYWr76/S', 'last_modified_by': 'guest@lamisplus.org', 'created_by': 'guest@lamisplus.org', 'replace_date': None, 'image_quality': 74, 'created_date': '2024-10-07 12:49:02.05', 'biometric_type': 'FINGERPRINT', 'enrollment_date': '2024-10-07', 'stg_batch_id': '20250523140835', 'stg_load_time': datetime.datetime(2025, 5, 24, 16, 32, 8, 837935), 'stg_file_name': 'biometric_1_20250523140835_decrypted.json', 'stg_datim_id': 'bSGThj4mGr5'}, {'template': 'Rk1SACAyMAAAAAEOAAABQAHgAMUAxQEAAABHKICDAHAaRkCCAJmiUkBdAJojT4CVAKAZWUA3AKMoNICsAL0PWUAmANgvNUAyAOKxQUEJAOPhQYD3AORuUEC3AOcJQkDMAOuQRUDrAP/ZVEEDAQPRS ... (62 characters truncated) ... YS0DfASVlTYDMASe+SUAsAS29MUCIAUpCV4DpAVM5VoDcAWhMVEDqAW04RoEvAXS5MUC4AXnlW0A8AYLUOkEVAY2YOoDqAZZ0WECTAapfVIBtAatbS4D/AbKPKEDRAbV3SUDqAbeCNICDAbptQQAA', 'reason': None, 'iso': True, 'person_uuid': 'a50a77a1-1990-451b-9c30-005338e78fb4', 'last_modified_date': '2024-10-07 12:49:02.066', 'version_iso_20': True, 'recapture': 3, 'archived': 0, 'device_name': 'Futronic FS80H #1', 'biometric0_.match_person_uuid': None, 'extra': 'null', 'facility_id': 1859, 'template_type': 'Left Middle Finger', 'id': 'd4d96a09-03bf-48c3-857a-7cd0ed694450', 'recapture_message': None, 'count': 8, 'hashed': '$2a$12$MklNDNgs4Agd50cSasj91O04NbUxPjp/6571KBam8S7BSIVEk0QuG', 'last_modified_by': 'guest@lamisplus.org', 'created_by': 'guest@lamisplus.org', 'replace_date': None, 'image_quality': 71, 'created_date': '2024-10-07 12:49:02.05', 'biometric_type': 'FINGERPRINT', 'enrollment_date': '2024-10-07', 'stg_batch_id': '20250523140835', 'stg_load_time': datetime.datetime(2025, 5, 24, 16, 32, 8, 837935), 'stg_file_name': 'biometric_1_20250523140835_decrypted.json', 'stg_datim_id': 'bSGThj4mGr5'}, {'template': 'Rk1SACAyMAAAAAFiAAABQAHgAMUAxQEAAABCNkDTAIuGNkC+AI4HPEEJAKP2KoDWAKaFLYDLAKcCLICWAMEKSUBuANCSPoDgANP3WYEqARHeNoDhARfwWIEJARdrVUEdAR7fPoCBASAPR0AYASMgJ ... (174 characters truncated) ... 0QUBeAZEpUUC4AZQ5QoEGAZuyWECmAZwzSYAkAZ00T0B3AaAuSUCSAaMvVYErAaW9NkCDAaYxUUEMAa2xR0BmAbPVVkD+AbYyRkEhAbe9LoCJAbksSYEBAcCrR4AoAcZLOoCFAdtmUEDTAd2cPQAA', 'reason': None, 'iso': True, 'person_uuid': 'a50a77a1-1990-451b-9c30-005338e78fb4', 'last_modified_date': '2024-10-07 12:49:02.066', 'version_iso_20': True, 'recapture': 3, 'archived': 0, 'device_name': 'Futronic FS80H #1', 'biometric0_.match_person_uuid': None, 'extra': 'null', 'facility_id': 1859, 'template_type': 'Left Thumb', 'id': 'a9a6c618-38e9-4b30-bd9c-ed98234a203b', 'recapture_message': None, 'count': 8, 'hashed': '$2a$12$MklNDNgs4Agd50cSasj91O03B6a0ZTaZVMhBdGKEg6alGEGAk/u0a', 'last_modified_by': 'guest@lamisplus.org', 'created_by': 'guest@lamisplus.org', 'replace_date': None, 'image_quality': 66, 'created_date': '2024-10-07 12:49:02.05', 'biometric_type': 'FINGERPRINT', 'enrollment_date': '2024-10-07', 'stg_batch_id': '20250523140835', 'stg_load_time': datetime.datetime(2025, 5, 24, 16, 32, 8, 837935), 'stg_file_name': 'biometric_1_20250523140835_decrypted.json', 'stg_datim_id': 'bSGThj4mGr5'}  ... displaying 10 of 1293 total bound parameter sets ...  {'template': 'Rk1SACAyMAAAAAGMAAABLAGQAMUAxQEAARBRPUBRABp4AIDFAC5rAEBbAEV9AIA8AEgAAECNAEhsAEBEAFGGAEDNAFLoAIDmAFNrAECnAHJnAEByAHZ4AECwAJNsAEDmAJTgAECzAJjoAEAPAKasA ... (770 characters truncated) ... AAAAAAAAAAAAAAAAAAAAAAAAAAAAAAAAAAAAAAAAAAAAAAAAAAAAAAAAAAAAAAAAAAAAAAAAAAAAAAAAAAAAAAAAAAAAAAAAAAAAAAAAAAAAAAAAAAAAAAAAAAAAAAAAAAAAAAAAAAAAAAAAAAAA=', 'reason': None, 'iso': True, 'person_uuid': 'ef5acdf7-0bba-4be0-84dd-bc92c54ea803', 'last_modified_date': '2025-01-16 18:22:25.627', 'version_iso_20': True, 'recapture': 4, 'archived': 0, 'device_name': 'Secugen Mobile', 'biometric0_.match_person_uuid': None, 'extra': 'null', 'facility_id': 1859, 'template_type': 'Right Thumb Finger', 'id': '5d6a3326-0d8f-4e4b-869b-f6c793906c48', 'recapture_message': None, 'count': 10, 'hashed': '$2a$12$MklNDNgs4Agd50cSasj91OUCfZm5cqDI.4520m0UUMJAwJTnZ5O7y', 'last_modified_by': 'guest@lamisplus.org', 'created_by': 'guest@lamisplus.org', 'replace_date': None, 'image_quality': 81, 'created_date': '2025-01-16 18:22:25.542', 'biometric_type': 'FINGERPRINT', 'enrollment_date': '2025-01-09', 'stg_batch_id': '20250523140835', 'stg_load_time': datetime.datetime(2025, 5, 24, 16, 32, 8, 837935), 'stg_file_name': 'biometric_1_20250523140835_decrypted.json', 'stg_datim_id': 'bSGThj4mGr5'}, {'template': 'Rk1SACAyMAAAAAFuAAABLAGQAMUAxQEAARBJOECUABiKAIB4ABoaAECDAB0NAIC1ACf4AICfACn4AECYADONAIC1AD57AICbAE8HAEBiAGqoAEByAG24AEBtAG6uAECWAHYVAIB7AHg1AIBIAHqoA ... (770 characters truncated) ... AAAAAAAAAAAAAAAAAAAAAAAAAAAAAAAAAAAAAAAAAAAAAAAAAAAAAAAAAAAAAAAAAAAAAAAAAAAAAAAAAAAAAAAAAAAAAAAAAAAAAAAAAAAAAAAAAAAAAAAAAAAAAAAAAAAAAAAAAAAAAAAAAAAA=', 'reason': None, 'iso': True, 'person_uuid': 'ef5acdf7-0bba-4be0-84dd-bc92c54ea803', 'last_modified_date': '2025-01-16 18:22:25.627', 'version_iso_20': True, 'recapture': 4, 'archived': 0, 'device_name': 'Secugen Mobile', 'biometric0_.match_person_uuid': None, 'extra': 'null', 'facility_id': 1859, 'template_type': 'Right Index Finger', 'id': '4d9d6195-96f3-4d8e-9ee3-624a4da5f931', 'recapture_message': None, 'count': 10, 'hashed': '$2a$12$MklNDNgs4Agd50cSasj91O5rPSVZCHivyT/s9uJSIMib5cXPiWLvG', 'last_modified_by': 'guest@lamisplus.org', 'created_by': 'guest@lamisplus.org', 'replace_date': None, 'image_quality': 73, 'created_date': '2025-01-16 18:22:25.543', 'biometric_type': 'FINGERPRINT', 'enrollment_date': '2025-01-09', 'stg_batch_id': '20250523140835', 'stg_load_time': datetime.datetime(2025, 5, 24, 16, 32, 8, 837935), 'stg_file_name': 'biometric_1_20250523140835_decrypted.json', 'stg_datim_id': 'bSGThj4mGr5'})]
(Background on this error at: https://sqlalche.me/e/14/f405)]
[2025-05-24 16:32:09,078: INFO: file_loader: json files successfully processed]
[2025-05-24 16:32:58,713: INFO: dsd_loader: Processing file]
[2025-05-24 16:32:58,713: INFO: dsd_loader: ----------------------------s-------------------------------------------------]
[2025-05-24 16:32:58,713: INFO: dsd_loader: The file '/home/lamisplus/server/temp/cYdxH1tF7Di/hiv_art_clinical_8_20250523103601_decrypted.json' exists.]
[2025-05-24 16:32:58,980: INFO: dsd_loader: successfully updated start_time, file_name and stg_table in sync_file]
[2025-05-24 16:32:58,980: INFO: dsd_loader: Processing file]
[2025-05-24 16:32:59,034: INFO: dsd_loader: hiv_art_clinical_8_20250523103601_decrypted.json yet to be loaded]
[2025-05-24 16:32:59,050: INFO: dsd_loader: (successfully inserted records into file_ingestion_log]
[2025-05-24 16:32:59,050: INFO: dsd_loader: hiv_art_clinical_8_20250523103601_decrypted.json logs inserted into file_ingestion_log]
[2025-05-24 16:32:59,244: INFO: dsd_loader: successfully updated start_time, file_name and stg_table in sync_file]
[2025-05-24 16:32:59,245: INFO: dsd_loader: hiv_art_clinical_8_20250523103601_decrypted.json logs updated into sync_file]
[2025-05-24 16:32:59,245: INFO: dsd_loader: hiv_art_clinical_8_20250523103601_decrypted.json attempting to load]
[2025-05-24 16:32:59,312: INFO: dsd_loader: ValueError - Expected object or value - Expected object or value]
[2025-05-24 16:32:59,312: INFO: dsd_loader: Error processing hiv_art_clinical file: hiv_art_clinical_8_20250523103601_decrypted.json - ValueError - Expected object or value - Expected object or value]
[2025-05-24 16:32:59,312: INFO: dsd_loader: Processing file]
[2025-05-24 16:32:59,312: INFO: dsd_loader: ----------------------------s-------------------------------------------------]
[2025-05-24 16:32:59,312: INFO: dsd_loader: The file '/home/lamisplus/server/temp/cYdxH1tF7Di/hiv_art_clinical_6_20250523103601_decrypted.json' exists.]
[2025-05-24 16:32:59,601: INFO: dsd_loader: successfully updated start_time, file_name and stg_table in sync_file]
[2025-05-24 16:32:59,601: INFO: dsd_loader: Processing file]
[2025-05-24 16:32:59,640: INFO: dsd_loader: hiv_art_clinical_6_20250523103601_decrypted.json yet to be loaded]
[2025-05-24 16:32:59,657: INFO: dsd_loader: (successfully inserted records into file_ingestion_log]
[2025-05-24 16:32:59,657: INFO: dsd_loader: hiv_art_clinical_6_20250523103601_decrypted.json logs inserted into file_ingestion_log]
[2025-05-24 16:32:59,829: INFO: dsd_loader: successfully updated start_time, file_name and stg_table in sync_file]
[2025-05-24 16:32:59,829: INFO: dsd_loader: hiv_art_clinical_6_20250523103601_decrypted.json logs updated into sync_file]
[2025-05-24 16:32:59,830: INFO: dsd_loader: hiv_art_clinical_6_20250523103601_decrypted.json attempting to load]
[2025-05-24 16:32:59,891: INFO: dsd_loader: ValueError - Expected object or value - Expected object or value]
[2025-05-24 16:32:59,891: INFO: dsd_loader: Error processing hiv_art_clinical file: hiv_art_clinical_6_20250523103601_decrypted.json - ValueError - Expected object or value - Expected object or value]
[2025-05-24 16:32:59,891: INFO: dsd_loader: Processing file]
[2025-05-24 16:32:59,892: INFO: dsd_loader: ----------------------------s-------------------------------------------------]
[2025-05-24 16:32:59,892: INFO: dsd_loader: The file '/home/lamisplus/server/temp/cYdxH1tF7Di/hiv_art_clinical_5_20250523103601_decrypted.json' exists.]
[2025-05-24 16:33:00,086: INFO: dsd_loader: successfully updated start_time, file_name and stg_table in sync_file]
[2025-05-24 16:33:00,087: INFO: dsd_loader: Processing file]
[2025-05-24 16:33:00,124: INFO: dsd_loader: hiv_art_clinical_5_20250523103601_decrypted.json yet to be loaded]
[2025-05-24 16:33:00,144: INFO: dsd_loader: (successfully inserted records into file_ingestion_log]
[2025-05-24 16:33:00,145: INFO: dsd_loader: hiv_art_clinical_5_20250523103601_decrypted.json logs inserted into file_ingestion_log]
[2025-05-24 16:33:00,332: INFO: dsd_loader: successfully updated start_time, file_name and stg_table in sync_file]
[2025-05-24 16:33:00,332: INFO: dsd_loader: hiv_art_clinical_5_20250523103601_decrypted.json logs updated into sync_file]
[2025-05-24 16:33:00,333: INFO: dsd_loader: hiv_art_clinical_5_20250523103601_decrypted.json attempting to load]
[2025-05-24 16:33:00,413: INFO: dsd_loader: ValueError - Expected object or value - Expected object or value]
[2025-05-24 16:33:00,413: INFO: dsd_loader: Error processing hiv_art_clinical file: hiv_art_clinical_5_20250523103601_decrypted.json - ValueError - Expected object or value - Expected object or value]
[2025-05-24 16:33:00,413: INFO: dsd_loader: Processing file]
[2025-05-24 16:33:00,413: INFO: dsd_loader: ----------------------------s-------------------------------------------------]
[2025-05-24 16:33:00,413: INFO: dsd_loader: The file '/home/lamisplus/server/temp/dpwdySv7O4A/prep_clinic_2_20250523140218_decrypted.json' exists.]
[2025-05-24 16:33:00,693: INFO: dsd_loader: successfully updated start_time, file_name and stg_table in sync_file]
[2025-05-24 16:33:00,693: INFO: dsd_loader: Processing file]
[2025-05-24 16:33:00,742: INFO: dsd_loader: prep_clinic_2_20250523140218_decrypted.json yet to be loaded]
[2025-05-24 16:33:00,764: INFO: dsd_loader: (successfully inserted records into file_ingestion_log]
[2025-05-24 16:33:00,764: INFO: dsd_loader: prep_clinic_2_20250523140218_decrypted.json logs inserted into file_ingestion_log]
[2025-05-24 16:33:00,939: INFO: dsd_loader: successfully updated start_time, file_name and stg_table in sync_file]
[2025-05-24 16:33:00,940: INFO: dsd_loader: prep_clinic_2_20250523140218_decrypted.json logs updated into sync_file]
[2025-05-24 16:33:00,940: INFO: dsd_loader: prep_clinic_2_20250523140218_decrypted.json attempting to load]
[2025-05-24 16:33:01,004: INFO: dsd_loader: ValueError - Expected object or value - Expected object or value]
[2025-05-24 16:33:01,004: INFO: dsd_loader: Error processing prep_clinic file: prep_clinic_2_20250523140218_decrypted.json - ValueError - Expected object or value - Expected object or value]
[2025-05-24 16:33:01,004: INFO: dsd_loader: Processing file]
[2025-05-24 16:33:01,004: INFO: dsd_loader: ----------------------------s-------------------------------------------------]
[2025-05-24 16:33:01,004: INFO: dsd_loader: The file '/home/lamisplus/server/temp/DpZOtdkfW60/prep_clinic_0_20250523131005_decrypted.json' exists.]
[2025-05-24 16:33:01,307: INFO: dsd_loader: successfully updated start_time, file_name and stg_table in sync_file]
[2025-05-24 16:33:01,307: INFO: dsd_loader: Processing file]
[2025-05-24 16:33:01,350: INFO: dsd_loader: prep_clinic_0_20250523131005_decrypted.json yet to be loaded]
[2025-05-24 16:33:01,370: INFO: dsd_loader: (successfully inserted records into file_ingestion_log]
[2025-05-24 16:33:01,370: INFO: dsd_loader: prep_clinic_0_20250523131005_decrypted.json logs inserted into file_ingestion_log]
[2025-05-24 16:33:01,547: INFO: dsd_loader: successfully updated start_time, file_name and stg_table in sync_file]
[2025-05-24 16:33:01,547: INFO: dsd_loader: prep_clinic_0_20250523131005_decrypted.json logs updated into sync_file]
[2025-05-24 16:33:01,548: INFO: dsd_loader: prep_clinic_0_20250523131005_decrypted.json attempting to load]
[2025-05-24 16:33:01,614: INFO: dsd_loader: ValueError - Expected object or value - Expected object or value]
[2025-05-24 16:33:01,615: INFO: dsd_loader: Error processing prep_clinic file: prep_clinic_0_20250523131005_decrypted.json - ValueError - Expected object or value - Expected object or value]
[2025-05-24 16:33:01,615: INFO: dsd_loader: json files successfully processed]
[2025-05-24 16:53:46,168: INFO: dsd_loader: Processing file]
[2025-05-24 16:53:46,169: INFO: dsd_loader: ----------------------------s-------------------------------------------------]
[2025-05-24 16:53:46,169: INFO: dsd_loader: The file '/home/lamisplus/server/temp/cYdxH1tF7Di/hiv_art_clinical_8_20250523103601_decrypted.json' exists.]
[2025-05-24 16:53:46,349: INFO: dsd_loader: successfully updated start_time, file_name and stg_table in sync_file]
[2025-05-24 16:53:46,350: INFO: dsd_loader: Processing file]
[2025-05-24 16:53:46,397: INFO: dsd_loader: hiv_art_clinical_8_20250523103601_decrypted.json yet to be loaded]
[2025-05-24 16:53:46,411: INFO: dsd_loader: (successfully inserted records into file_ingestion_log]
[2025-05-24 16:53:46,412: INFO: dsd_loader: hiv_art_clinical_8_20250523103601_decrypted.json logs inserted into file_ingestion_log]
[2025-05-24 16:53:46,602: INFO: dsd_loader: successfully updated start_time, file_name and stg_table in sync_file]
[2025-05-24 16:53:46,603: INFO: dsd_loader: hiv_art_clinical_8_20250523103601_decrypted.json logs updated into sync_file]
[2025-05-24 16:53:46,603: INFO: dsd_loader: hiv_art_clinical_8_20250523103601_decrypted.json attempting to load]
[2025-05-24 16:53:46,666: INFO: dsd_loader: ValueError - Expected object or value - Expected object or value]
[2025-05-24 16:53:46,667: INFO: dsd_loader: Error processing hiv_art_clinical file: hiv_art_clinical_8_20250523103601_decrypted.json - ValueError - Expected object or value - Expected object or value]
[2025-05-24 16:53:46,667: INFO: dsd_loader: Processing file]
[2025-05-24 16:53:46,667: INFO: dsd_loader: ----------------------------s-------------------------------------------------]
[2025-05-24 16:53:46,667: INFO: dsd_loader: The file '/home/lamisplus/server/temp/cYdxH1tF7Di/hiv_art_clinical_6_20250523103601_decrypted.json' exists.]
[2025-05-24 16:53:46,857: INFO: dsd_loader: successfully updated start_time, file_name and stg_table in sync_file]
[2025-05-24 16:53:46,858: INFO: dsd_loader: Processing file]
[2025-05-24 16:53:46,894: INFO: dsd_loader: hiv_art_clinical_6_20250523103601_decrypted.json yet to be loaded]
[2025-05-24 16:53:46,908: INFO: dsd_loader: (successfully inserted records into file_ingestion_log]
[2025-05-24 16:53:46,909: INFO: dsd_loader: hiv_art_clinical_6_20250523103601_decrypted.json logs inserted into file_ingestion_log]
[2025-05-24 16:53:47,078: INFO: dsd_loader: successfully updated start_time, file_name and stg_table in sync_file]
[2025-05-24 16:53:47,078: INFO: dsd_loader: hiv_art_clinical_6_20250523103601_decrypted.json logs updated into sync_file]
[2025-05-24 16:53:47,079: INFO: dsd_loader: hiv_art_clinical_6_20250523103601_decrypted.json attempting to load]
[2025-05-24 16:53:47,144: INFO: dsd_loader: ValueError - Expected object or value - Expected object or value]
[2025-05-24 16:53:47,144: INFO: dsd_loader: Error processing hiv_art_clinical file: hiv_art_clinical_6_20250523103601_decrypted.json - ValueError - Expected object or value - Expected object or value]
[2025-05-24 16:53:47,144: INFO: dsd_loader: Processing file]
[2025-05-24 16:53:47,144: INFO: dsd_loader: ----------------------------s-------------------------------------------------]
[2025-05-24 16:53:47,144: INFO: dsd_loader: The file '/home/lamisplus/server/temp/cYdxH1tF7Di/hiv_art_clinical_5_20250523103601_decrypted.json' exists.]
[2025-05-24 16:53:47,321: INFO: dsd_loader: successfully updated start_time, file_name and stg_table in sync_file]
[2025-05-24 16:53:47,321: INFO: dsd_loader: Processing file]
[2025-05-24 16:53:47,363: INFO: dsd_loader: hiv_art_clinical_5_20250523103601_decrypted.json yet to be loaded]
[2025-05-24 16:53:47,378: INFO: dsd_loader: (successfully inserted records into file_ingestion_log]
[2025-05-24 16:53:47,378: INFO: dsd_loader: hiv_art_clinical_5_20250523103601_decrypted.json logs inserted into file_ingestion_log]
[2025-05-24 16:53:47,541: INFO: dsd_loader: successfully updated start_time, file_name and stg_table in sync_file]
[2025-05-24 16:53:47,542: INFO: dsd_loader: hiv_art_clinical_5_20250523103601_decrypted.json logs updated into sync_file]
[2025-05-24 16:53:47,542: INFO: dsd_loader: hiv_art_clinical_5_20250523103601_decrypted.json attempting to load]
[2025-05-24 16:53:47,623: INFO: dsd_loader: ValueError - Expected object or value - Expected object or value]
[2025-05-24 16:53:47,624: INFO: dsd_loader: Error processing hiv_art_clinical file: hiv_art_clinical_5_20250523103601_decrypted.json - ValueError - Expected object or value - Expected object or value]
[2025-05-24 16:53:47,624: INFO: dsd_loader: Processing file]
[2025-05-24 16:53:47,624: INFO: dsd_loader: ----------------------------s-------------------------------------------------]
[2025-05-24 16:53:47,624: INFO: dsd_loader: The file '/home/lamisplus/server/temp/dpwdySv7O4A/prep_clinic_2_20250523140218_decrypted.json' exists.]
[2025-05-24 16:53:47,790: INFO: dsd_loader: successfully updated start_time, file_name and stg_table in sync_file]
[2025-05-24 16:53:47,790: INFO: dsd_loader: Processing file]
[2025-05-24 16:53:47,833: INFO: dsd_loader: prep_clinic_2_20250523140218_decrypted.json yet to be loaded]
[2025-05-24 16:53:47,847: INFO: dsd_loader: (successfully inserted records into file_ingestion_log]
[2025-05-24 16:53:47,847: INFO: dsd_loader: prep_clinic_2_20250523140218_decrypted.json logs inserted into file_ingestion_log]
[2025-05-24 16:53:48,018: INFO: dsd_loader: successfully updated start_time, file_name and stg_table in sync_file]
[2025-05-24 16:53:48,019: INFO: dsd_loader: prep_clinic_2_20250523140218_decrypted.json logs updated into sync_file]
[2025-05-24 16:53:48,019: INFO: dsd_loader: prep_clinic_2_20250523140218_decrypted.json attempting to load]
[2025-05-24 16:53:48,089: INFO: dsd_loader: ValueError - Expected object or value - Expected object or value]
[2025-05-24 16:53:48,090: INFO: dsd_loader: Error processing prep_clinic file: prep_clinic_2_20250523140218_decrypted.json - ValueError - Expected object or value - Expected object or value]
[2025-05-24 16:53:48,090: INFO: dsd_loader: Processing file]
[2025-05-24 16:53:48,090: INFO: dsd_loader: ----------------------------s-------------------------------------------------]
[2025-05-24 16:53:48,090: INFO: dsd_loader: The file '/home/lamisplus/server/temp/DpZOtdkfW60/prep_clinic_0_20250523131005_decrypted.json' exists.]
[2025-05-24 16:53:48,254: INFO: dsd_loader: successfully updated start_time, file_name and stg_table in sync_file]
[2025-05-24 16:53:48,255: INFO: dsd_loader: Processing file]
[2025-05-24 16:53:48,292: INFO: dsd_loader: prep_clinic_0_20250523131005_decrypted.json yet to be loaded]
[2025-05-24 16:53:48,304: INFO: dsd_loader: (successfully inserted records into file_ingestion_log]
[2025-05-24 16:53:48,305: INFO: dsd_loader: prep_clinic_0_20250523131005_decrypted.json logs inserted into file_ingestion_log]
[2025-05-24 16:53:48,476: INFO: dsd_loader: successfully updated start_time, file_name and stg_table in sync_file]
[2025-05-24 16:53:48,477: INFO: dsd_loader: prep_clinic_0_20250523131005_decrypted.json logs updated into sync_file]
[2025-05-24 16:53:48,477: INFO: dsd_loader: prep_clinic_0_20250523131005_decrypted.json attempting to load]
[2025-05-24 16:53:48,533: INFO: dsd_loader: ValueError - Expected object or value - Expected object or value]
[2025-05-24 16:53:48,533: INFO: dsd_loader: Error processing prep_clinic file: prep_clinic_0_20250523131005_decrypted.json - ValueError - Expected object or value - Expected object or value]
[2025-05-24 16:53:48,533: INFO: dsd_loader: Processing file]
[2025-05-24 16:53:48,534: INFO: dsd_loader: ----------------------------s-------------------------------------------------]
[2025-05-24 16:53:48,534: INFO: dsd_loader: The file '/home/lamisplus/server/temp/E1PW0PYkvDx/prep_eligibility_0_20250523123301_decrypted.json' exists.]
[2025-05-24 16:53:48,752: INFO: dsd_loader: successfully updated start_time, file_name and stg_table in sync_file]
[2025-05-24 16:53:48,753: INFO: dsd_loader: Processing file]
[2025-05-24 16:53:48,800: INFO: dsd_loader: prep_eligibility_0_20250523123301_decrypted.json yet to be loaded]
[2025-05-24 16:53:48,820: INFO: dsd_loader: (successfully inserted records into file_ingestion_log]
[2025-05-24 16:53:48,821: INFO: dsd_loader: prep_eligibility_0_20250523123301_decrypted.json logs inserted into file_ingestion_log]
[2025-05-24 16:53:49,017: INFO: dsd_loader: successfully updated start_time, file_name and stg_table in sync_file]
[2025-05-24 16:53:49,017: INFO: dsd_loader: prep_eligibility_0_20250523123301_decrypted.json logs updated into sync_file]
[2025-05-24 16:53:49,017: INFO: dsd_loader: prep_eligibility_0_20250523123301_decrypted.json attempting to load]
[2025-05-24 16:53:49,073: INFO: dsd_loader: ValueError - Expected object or value - Expected object or value]
[2025-05-24 16:53:49,073: INFO: dsd_loader: Error processing prep_eligibility file: prep_eligibility_0_20250523123301_decrypted.json - ValueError - Expected object or value - Expected object or value]
[2025-05-24 16:53:49,073: INFO: dsd_loader: Processing file]
[2025-05-24 16:53:49,073: INFO: dsd_loader: ----------------------------s-------------------------------------------------]
[2025-05-24 16:53:49,073: INFO: dsd_loader: The file '/home/lamisplus/server/temp/E1PW0PYkvDx/hiv_art_clinical_20_20250523123301_decrypted.json' exists.]
[2025-05-24 16:53:49,296: INFO: dsd_loader: successfully updated start_time, file_name and stg_table in sync_file]
[2025-05-24 16:53:49,296: INFO: dsd_loader: Processing file]
[2025-05-24 16:53:49,343: INFO: dsd_loader: hiv_art_clinical_20_20250523123301_decrypted.json yet to be loaded]
[2025-05-24 16:53:49,362: INFO: dsd_loader: (successfully inserted records into file_ingestion_log]
[2025-05-24 16:53:49,363: INFO: dsd_loader: hiv_art_clinical_20_20250523123301_decrypted.json logs inserted into file_ingestion_log]
[2025-05-24 16:53:49,529: INFO: dsd_loader: successfully updated start_time, file_name and stg_table in sync_file]
[2025-05-24 16:53:49,529: INFO: dsd_loader: hiv_art_clinical_20_20250523123301_decrypted.json logs updated into sync_file]
[2025-05-24 16:53:49,529: INFO: dsd_loader: hiv_art_clinical_20_20250523123301_decrypted.json attempting to load]
[2025-05-24 16:53:49,595: INFO: dsd_loader: ValueError - Expected object or value - Expected object or value]
[2025-05-24 16:53:49,595: INFO: dsd_loader: Error processing hiv_art_clinical file: hiv_art_clinical_20_20250523123301_decrypted.json - ValueError - Expected object or value - Expected object or value]
[2025-05-24 16:53:49,595: INFO: dsd_loader: Processing file]
[2025-05-24 16:53:49,596: INFO: dsd_loader: ----------------------------s-------------------------------------------------]
[2025-05-24 16:53:49,596: INFO: dsd_loader: The file '/home/lamisplus/server/temp/E1PW0PYkvDx/hiv_art_clinical_14_20250523123301_decrypted.json' exists.]
[2025-05-24 16:53:49,775: INFO: dsd_loader: successfully updated start_time, file_name and stg_table in sync_file]
[2025-05-24 16:53:49,775: INFO: dsd_loader: Processing file]
[2025-05-24 16:53:49,817: INFO: dsd_loader: hiv_art_clinical_14_20250523123301_decrypted.json yet to be loaded]
[2025-05-24 16:53:49,834: INFO: dsd_loader: (successfully inserted records into file_ingestion_log]
[2025-05-24 16:53:49,834: INFO: dsd_loader: hiv_art_clinical_14_20250523123301_decrypted.json logs inserted into file_ingestion_log]
[2025-05-24 16:53:49,991: INFO: dsd_loader: successfully updated start_time, file_name and stg_table in sync_file]
[2025-05-24 16:53:49,991: INFO: dsd_loader: hiv_art_clinical_14_20250523123301_decrypted.json logs updated into sync_file]
[2025-05-24 16:53:49,992: INFO: dsd_loader: hiv_art_clinical_14_20250523123301_decrypted.json attempting to load]
[2025-05-24 16:53:50,049: INFO: dsd_loader: ValueError - Expected object or value - Expected object or value]
[2025-05-24 16:53:50,049: INFO: dsd_loader: Error processing hiv_art_clinical file: hiv_art_clinical_14_20250523123301_decrypted.json - ValueError - Expected object or value - Expected object or value]
[2025-05-24 16:53:50,049: INFO: dsd_loader: Processing file]
[2025-05-24 16:53:50,050: INFO: dsd_loader: ----------------------------s-------------------------------------------------]
[2025-05-24 16:53:50,050: INFO: dsd_loader: The file '/home/lamisplus/server/temp/GbtTSJLBKbI/hiv_art_clinical_13_20250523135838_decrypted.json' exists.]
[2025-05-24 16:53:50,279: INFO: dsd_loader: successfully updated start_time, file_name and stg_table in sync_file]
[2025-05-24 16:53:50,279: INFO: dsd_loader: Processing file]
[2025-05-24 16:53:50,319: INFO: dsd_loader: hiv_art_clinical_13_20250523135838_decrypted.json yet to be loaded]
[2025-05-24 16:53:50,341: INFO: dsd_loader: (successfully inserted records into file_ingestion_log]
[2025-05-24 16:53:50,341: INFO: dsd_loader: hiv_art_clinical_13_20250523135838_decrypted.json logs inserted into file_ingestion_log]
[2025-05-24 16:53:50,501: INFO: dsd_loader: successfully updated start_time, file_name and stg_table in sync_file]
[2025-05-24 16:53:50,501: INFO: dsd_loader: hiv_art_clinical_13_20250523135838_decrypted.json logs updated into sync_file]
[2025-05-24 16:53:50,501: INFO: dsd_loader: hiv_art_clinical_13_20250523135838_decrypted.json attempting to load]
[2025-05-24 16:53:50,572: INFO: dsd_loader: ValueError - Expected object or value - Expected object or value]
[2025-05-24 16:53:50,572: INFO: dsd_loader: Error processing hiv_art_clinical file: hiv_art_clinical_13_20250523135838_decrypted.json - ValueError - Expected object or value - Expected object or value]
[2025-05-24 16:53:50,572: INFO: dsd_loader: Processing file]
[2025-05-24 16:53:50,572: INFO: dsd_loader: ----------------------------s-------------------------------------------------]
[2025-05-24 16:53:50,572: INFO: dsd_loader: The file '/home/lamisplus/server/temp/sP8QEwb0SXo/prep_clinic_0_20250523131401_decrypted.json' exists.]
[2025-05-24 16:53:50,768: INFO: dsd_loader: successfully updated start_time, file_name and stg_table in sync_file]
[2025-05-24 16:53:50,769: INFO: dsd_loader: Processing file]
[2025-05-24 16:53:50,812: INFO: dsd_loader: prep_clinic_0_20250523131401_decrypted.json yet to be loaded]
[2025-05-24 16:53:50,831: INFO: dsd_loader: (successfully inserted records into file_ingestion_log]
[2025-05-24 16:53:50,831: INFO: dsd_loader: prep_clinic_0_20250523131401_decrypted.json logs inserted into file_ingestion_log]
[2025-05-24 16:53:51,001: INFO: dsd_loader: successfully updated start_time, file_name and stg_table in sync_file]
[2025-05-24 16:53:51,002: INFO: dsd_loader: prep_clinic_0_20250523131401_decrypted.json logs updated into sync_file]
[2025-05-24 16:53:51,002: INFO: dsd_loader: prep_clinic_0_20250523131401_decrypted.json attempting to load]
[2025-05-24 16:53:51,066: INFO: dsd_loader: ValueError - Unmatched ''"' when when decoding 'string' - Unmatched ''"' when when decoding 'string']
[2025-05-24 16:53:51,066: INFO: dsd_loader: Error processing prep_clinic file: prep_clinic_0_20250523131401_decrypted.json - ValueError - Unmatched ''"' when when decoding 'string' - Unmatched ''"' when when decoding 'string']
[2025-05-24 16:53:51,066: INFO: dsd_loader: Processing file]
[2025-05-24 16:53:51,067: INFO: dsd_loader: ----------------------------s-------------------------------------------------]
[2025-05-24 16:53:51,067: INFO: dsd_loader: The file '/home/lamisplus/server/temp/sP8QEwb0SXo/dsd_devolvement_0_20250523131401_decrypted.json' exists.]
[2025-05-24 16:53:51,252: INFO: dsd_loader: successfully updated start_time, file_name and stg_table in sync_file]
[2025-05-24 16:53:51,253: INFO: dsd_loader: Processing file]
[2025-05-24 16:53:51,296: INFO: dsd_loader: dsd_devolvement_0_20250523131401_decrypted.json yet to be loaded]
[2025-05-24 16:53:51,315: INFO: dsd_loader: (successfully inserted records into file_ingestion_log]
[2025-05-24 16:53:51,315: INFO: dsd_loader: dsd_devolvement_0_20250523131401_decrypted.json logs inserted into file_ingestion_log]
[2025-05-24 16:53:51,489: INFO: dsd_loader: successfully updated start_time, file_name and stg_table in sync_file]
[2025-05-24 16:53:51,490: INFO: dsd_loader: dsd_devolvement_0_20250523131401_decrypted.json logs updated into sync_file]
[2025-05-24 16:53:51,490: INFO: dsd_loader: dsd_devolvement_0_20250523131401_decrypted.json attempting to load]
[2025-05-24 16:53:51,584: INFO: dsd_loader: ValueError - Unmatched ''"' when when decoding 'string' - Unmatched ''"' when when decoding 'string']
[2025-05-24 16:53:51,584: INFO: dsd_loader: Error processing dsd_devolvement file: dsd_devolvement_0_20250523131401_decrypted.json - ValueError - Unmatched ''"' when when decoding 'string' - Unmatched ''"' when when decoding 'string']
[2025-05-24 16:53:51,584: INFO: dsd_loader: Processing file]
[2025-05-24 16:53:51,584: INFO: dsd_loader: ----------------------------s-------------------------------------------------]
[2025-05-24 16:53:51,584: INFO: dsd_loader: The file '/home/lamisplus/server/temp/t0jgNrpHrZk/hiv_art_clinical_0_20250523130329_decrypted.json' exists.]
[2025-05-24 16:53:51,755: INFO: dsd_loader: successfully updated start_time, file_name and stg_table in sync_file]
[2025-05-24 16:53:51,755: INFO: dsd_loader: Processing file]
[2025-05-24 16:53:51,791: INFO: dsd_loader: hiv_art_clinical_0_20250523130329_decrypted.json yet to be loaded]
[2025-05-24 16:53:51,809: INFO: dsd_loader: (successfully inserted records into file_ingestion_log]
[2025-05-24 16:53:51,809: INFO: dsd_loader: hiv_art_clinical_0_20250523130329_decrypted.json logs inserted into file_ingestion_log]
[2025-05-24 16:53:51,972: INFO: dsd_loader: successfully updated start_time, file_name and stg_table in sync_file]
[2025-05-24 16:53:51,972: INFO: dsd_loader: hiv_art_clinical_0_20250523130329_decrypted.json logs updated into sync_file]
[2025-05-24 16:53:51,973: INFO: dsd_loader: hiv_art_clinical_0_20250523130329_decrypted.json attempting to load]
[2025-05-24 16:53:52,031: INFO: dsd_loader: ValueError - Expected object or value - Expected object or value]
[2025-05-24 16:53:52,031: INFO: dsd_loader: Error processing hiv_art_clinical file: hiv_art_clinical_0_20250523130329_decrypted.json - ValueError - Expected object or value - Expected object or value]
[2025-05-24 16:53:52,031: INFO: dsd_loader: Processing file]
[2025-05-24 16:53:52,032: INFO: dsd_loader: ----------------------------s-------------------------------------------------]
[2025-05-24 16:53:52,032: INFO: dsd_loader: The file '/home/lamisplus/server/temp/WyCV2IF8nVP/prep_clinic_1_20250523141048_decrypted.json' exists.]
[2025-05-24 16:53:52,240: INFO: dsd_loader: successfully updated start_time, file_name and stg_table in sync_file]
[2025-05-24 16:53:52,241: INFO: dsd_loader: Processing file]
[2025-05-24 16:53:52,292: INFO: dsd_loader: prep_clinic_1_20250523141048_decrypted.json yet to be loaded]
[2025-05-24 16:53:52,306: INFO: dsd_loader: (successfully inserted records into file_ingestion_log]
[2025-05-24 16:53:52,307: INFO: dsd_loader: prep_clinic_1_20250523141048_decrypted.json logs inserted into file_ingestion_log]
[2025-05-24 16:53:52,482: INFO: dsd_loader: successfully updated start_time, file_name and stg_table in sync_file]
[2025-05-24 16:53:52,483: INFO: dsd_loader: prep_clinic_1_20250523141048_decrypted.json logs updated into sync_file]
[2025-05-24 16:53:52,483: INFO: dsd_loader: prep_clinic_1_20250523141048_decrypted.json attempting to load]
[2025-05-24 16:53:52,546: INFO: dsd_loader: ValueError - Expected object or value - Expected object or value]
[2025-05-24 16:53:52,546: INFO: dsd_loader: Error processing prep_clinic file: prep_clinic_1_20250523141048_decrypted.json - ValueError - Expected object or value - Expected object or value]
[2025-05-24 16:53:52,546: INFO: dsd_loader: Processing file]
[2025-05-24 16:53:52,546: INFO: dsd_loader: ----------------------------s-------------------------------------------------]
[2025-05-24 16:53:52,547: INFO: dsd_loader: The file '/home/lamisplus/server/temp/YE1lCEtYmen/prep_eligibility_0_20250523121320_decrypted.json' exists.]
[2025-05-24 16:53:52,730: INFO: dsd_loader: successfully updated start_time, file_name and stg_table in sync_file]
[2025-05-24 16:53:52,730: INFO: dsd_loader: Processing file]
[2025-05-24 16:53:52,782: INFO: dsd_loader: prep_eligibility_0_20250523121320_decrypted.json yet to be loaded]
[2025-05-24 16:53:52,802: INFO: dsd_loader: (successfully inserted records into file_ingestion_log]
[2025-05-24 16:53:52,803: INFO: dsd_loader: prep_eligibility_0_20250523121320_decrypted.json logs inserted into file_ingestion_log]
[2025-05-24 16:53:52,976: INFO: dsd_loader: successfully updated start_time, file_name and stg_table in sync_file]
[2025-05-24 16:53:52,977: INFO: dsd_loader: prep_eligibility_0_20250523121320_decrypted.json logs updated into sync_file]
[2025-05-24 16:53:52,977: INFO: dsd_loader: prep_eligibility_0_20250523121320_decrypted.json attempting to load]
[2025-05-24 16:53:53,053: INFO: dsd_loader: ValueError - Expected object or value - Expected object or value]
[2025-05-24 16:53:53,053: INFO: dsd_loader: Error processing prep_eligibility file: prep_eligibility_0_20250523121320_decrypted.json - ValueError - Expected object or value - Expected object or value]
[2025-05-24 16:53:53,053: INFO: dsd_loader: json files successfully processed]
[2025-05-24 16:56:29,684: INFO: dsd_loader: Processing file]
[2025-05-24 16:56:29,684: INFO: dsd_loader: ----------------------------s-------------------------------------------------]
[2025-05-24 16:56:29,684: INFO: dsd_loader: The file '/home/lamisplus/server/temp/YE1lCEtYmen/prep_eligibility_0_20250523121320_decrypted.json' exists.]
[2025-05-24 16:56:29,884: INFO: dsd_loader: successfully updated start_time, file_name and stg_table in sync_file]
[2025-05-24 16:56:29,884: INFO: dsd_loader: Processing file]
[2025-05-24 16:56:29,929: INFO: dsd_loader: prep_eligibility_0_20250523121320_decrypted.json yet to be loaded]
[2025-05-24 16:56:29,941: INFO: dsd_loader: (successfully inserted records into file_ingestion_log]
[2025-05-24 16:56:29,941: INFO: dsd_loader: prep_eligibility_0_20250523121320_decrypted.json logs inserted into file_ingestion_log]
[2025-05-24 16:56:30,107: INFO: dsd_loader: successfully updated start_time, file_name and stg_table in sync_file]
[2025-05-24 16:56:30,107: INFO: dsd_loader: prep_eligibility_0_20250523121320_decrypted.json logs updated into sync_file]
[2025-05-24 16:56:30,108: INFO: dsd_loader: prep_eligibility_0_20250523121320_decrypted.json attempting to load]
[2025-05-24 16:56:30,443: INFO: dsd_loader: Number of records loaded: 260]
[2025-05-24 16:56:30,444: INFO: dsd_loader: prep_eligibility_0_20250523121320_decrypted.json successfully ingested into stg_prep_eligibility table]
[2025-05-24 16:56:30,462: INFO: dsd_loader: file ingestion_log successfully updated]
[2025-05-24 16:56:30,490: INFO: dsd_loader: Sync File log updated for 5e969a62-bf5a-47d2-a3ec-e97975428a4b successfully]
[2025-05-24 16:56:30,502: INFO: dsd_loader: -------------------------------------------]
[2025-05-24 16:56:30,504: INFO: dsd_loader: json files successfully processed]
[2025-05-24 16:57:42,880: INFO: dsd_loader: Processing file]
[2025-05-24 16:57:42,880: INFO: dsd_loader: ----------------------------s-------------------------------------------------]
[2025-05-24 16:57:42,881: INFO: dsd_loader: The file '/home/lamisplus/server/temp/cYdxH1tF7Di/hiv_art_clinical_8_20250523103601_decrypted.json' exists.]
[2025-05-24 16:57:43,055: INFO: dsd_loader: successfully updated start_time, file_name and stg_table in sync_file]
[2025-05-24 16:57:43,055: INFO: dsd_loader: Processing file]
[2025-05-24 16:57:43,105: INFO: dsd_loader: hiv_art_clinical_8_20250523103601_decrypted.json yet to be loaded]
[2025-05-24 16:57:43,122: INFO: dsd_loader: (successfully inserted records into file_ingestion_log]
[2025-05-24 16:57:43,122: INFO: dsd_loader: hiv_art_clinical_8_20250523103601_decrypted.json logs inserted into file_ingestion_log]
[2025-05-24 16:57:43,288: INFO: dsd_loader: successfully updated start_time, file_name and stg_table in sync_file]
[2025-05-24 16:57:43,289: INFO: dsd_loader: hiv_art_clinical_8_20250523103601_decrypted.json logs updated into sync_file]
[2025-05-24 16:57:43,289: INFO: dsd_loader: hiv_art_clinical_8_20250523103601_decrypted.json attempting to load]
[2025-05-24 16:57:45,972: INFO: dsd_loader: Number of records loaded: 3000]
[2025-05-24 16:57:45,981: INFO: dsd_loader: hiv_art_clinical_8_20250523103601_decrypted.json successfully ingested into stg_hiv_art_clinical table]
[2025-05-24 16:57:45,997: INFO: dsd_loader: file ingestion_log successfully updated]
[2025-05-24 16:57:46,035: INFO: dsd_loader: Sync File log updated for bff69205-7175-45b5-a575-c889ba47d181 successfully]
[2025-05-24 16:57:46,050: INFO: dsd_loader: -------------------------------------------]
[2025-05-24 16:57:46,067: INFO: dsd_loader: Processing file]
[2025-05-24 16:57:46,067: INFO: dsd_loader: ----------------------------s-------------------------------------------------]
[2025-05-24 16:57:46,067: INFO: dsd_loader: The file '/home/lamisplus/server/temp/cYdxH1tF7Di/hiv_art_clinical_6_20250523103601_decrypted.json' exists.]
[2025-05-24 16:57:46,233: INFO: dsd_loader: successfully updated start_time, file_name and stg_table in sync_file]
[2025-05-24 16:57:46,233: INFO: dsd_loader: Processing file]
[2025-05-24 16:57:46,284: INFO: dsd_loader: hiv_art_clinical_6_20250523103601_decrypted.json yet to be loaded]
[2025-05-24 16:57:46,307: INFO: dsd_loader: (successfully inserted records into file_ingestion_log]
[2025-05-24 16:57:46,307: INFO: dsd_loader: hiv_art_clinical_6_20250523103601_decrypted.json logs inserted into file_ingestion_log]
[2025-05-24 16:57:46,478: INFO: dsd_loader: successfully updated start_time, file_name and stg_table in sync_file]
[2025-05-24 16:57:46,478: INFO: dsd_loader: hiv_art_clinical_6_20250523103601_decrypted.json logs updated into sync_file]
[2025-05-24 16:57:46,479: INFO: dsd_loader: hiv_art_clinical_6_20250523103601_decrypted.json attempting to load]
[2025-05-24 16:57:48,997: INFO: dsd_loader: Number of records loaded: 3000]
[2025-05-24 16:57:49,006: INFO: dsd_loader: hiv_art_clinical_6_20250523103601_decrypted.json successfully ingested into stg_hiv_art_clinical table]
[2025-05-24 16:57:49,021: INFO: dsd_loader: file ingestion_log successfully updated]
[2025-05-24 16:57:49,040: INFO: dsd_loader: Sync File log updated for edda4406-9cfc-4325-b9b6-0480b9af0334 successfully]
[2025-05-24 16:57:49,053: INFO: dsd_loader: -------------------------------------------]
[2025-05-24 16:57:49,068: INFO: dsd_loader: Processing file]
[2025-05-24 16:57:49,068: INFO: dsd_loader: ----------------------------s-------------------------------------------------]
[2025-05-24 16:57:49,068: INFO: dsd_loader: The file '/home/lamisplus/server/temp/cYdxH1tF7Di/hiv_art_clinical_5_20250523103601_decrypted.json' exists.]
[2025-05-24 16:57:49,248: INFO: dsd_loader: successfully updated start_time, file_name and stg_table in sync_file]
[2025-05-24 16:57:49,249: INFO: dsd_loader: Processing file]
[2025-05-24 16:57:49,303: INFO: dsd_loader: hiv_art_clinical_5_20250523103601_decrypted.json yet to be loaded]
[2025-05-24 16:57:49,321: INFO: dsd_loader: (successfully inserted records into file_ingestion_log]
[2025-05-24 16:57:49,321: INFO: dsd_loader: hiv_art_clinical_5_20250523103601_decrypted.json logs inserted into file_ingestion_log]
[2025-05-24 16:57:49,492: INFO: dsd_loader: successfully updated start_time, file_name and stg_table in sync_file]
[2025-05-24 16:57:49,493: INFO: dsd_loader: hiv_art_clinical_5_20250523103601_decrypted.json logs updated into sync_file]
[2025-05-24 16:57:49,493: INFO: dsd_loader: hiv_art_clinical_5_20250523103601_decrypted.json attempting to load]
[2025-05-24 16:57:51,945: INFO: dsd_loader: Number of records loaded: 3000]
[2025-05-24 16:57:51,952: INFO: dsd_loader: hiv_art_clinical_5_20250523103601_decrypted.json successfully ingested into stg_hiv_art_clinical table]
[2025-05-24 16:57:51,973: INFO: dsd_loader: file ingestion_log successfully updated]
[2025-05-24 16:57:52,000: INFO: dsd_loader: Sync File log updated for 173c18cd-5255-49db-a515-615f021341e2 successfully]
[2025-05-24 16:57:52,013: INFO: dsd_loader: -------------------------------------------]
[2025-05-24 16:57:52,026: INFO: dsd_loader: Processing file]
[2025-05-24 16:57:52,027: INFO: dsd_loader: ----------------------------s-------------------------------------------------]
[2025-05-24 16:57:52,027: INFO: dsd_loader: The file '/home/lamisplus/server/temp/dpwdySv7O4A/prep_clinic_2_20250523140218_decrypted.json' exists.]
[2025-05-24 16:57:52,193: INFO: dsd_loader: successfully updated start_time, file_name and stg_table in sync_file]
[2025-05-24 16:57:52,194: INFO: dsd_loader: Processing file]
[2025-05-24 16:57:52,248: INFO: dsd_loader: prep_clinic_2_20250523140218_decrypted.json yet to be loaded]
[2025-05-24 16:57:52,271: INFO: dsd_loader: (successfully inserted records into file_ingestion_log]
[2025-05-24 16:57:52,272: INFO: dsd_loader: prep_clinic_2_20250523140218_decrypted.json logs inserted into file_ingestion_log]
[2025-05-24 16:57:52,448: INFO: dsd_loader: successfully updated start_time, file_name and stg_table in sync_file]
[2025-05-24 16:57:52,449: INFO: dsd_loader: prep_clinic_2_20250523140218_decrypted.json logs updated into sync_file]
[2025-05-24 16:57:52,449: INFO: dsd_loader: prep_clinic_2_20250523140218_decrypted.json attempting to load]
[2025-05-24 16:57:55,191: INFO: dsd_loader: Number of records loaded: 3000]
[2025-05-24 16:57:55,200: INFO: dsd_loader: prep_clinic_2_20250523140218_decrypted.json successfully ingested into stg_prep_clinic table]
[2025-05-24 16:57:55,221: INFO: dsd_loader: file ingestion_log successfully updated]
[2025-05-24 16:57:55,250: INFO: dsd_loader: Sync File log updated for f5146619-7dcf-41c5-a99b-fa2d2d4072ad successfully]
[2025-05-24 16:57:55,263: INFO: dsd_loader: -------------------------------------------]
[2025-05-24 16:57:55,275: INFO: dsd_loader: Processing file]
[2025-05-24 16:57:55,276: INFO: dsd_loader: ----------------------------s-------------------------------------------------]
[2025-05-24 16:57:55,276: INFO: dsd_loader: The file '/home/lamisplus/server/temp/DpZOtdkfW60/prep_clinic_0_20250523131005_decrypted.json' exists.]
[2025-05-24 16:57:55,446: INFO: dsd_loader: successfully updated start_time, file_name and stg_table in sync_file]
[2025-05-24 16:57:55,447: INFO: dsd_loader: Processing file]
[2025-05-24 16:57:55,484: INFO: dsd_loader: prep_clinic_0_20250523131005_decrypted.json yet to be loaded]
[2025-05-24 16:57:55,504: INFO: dsd_loader: (successfully inserted records into file_ingestion_log]
[2025-05-24 16:57:55,505: INFO: dsd_loader: prep_clinic_0_20250523131005_decrypted.json logs inserted into file_ingestion_log]
[2025-05-24 16:57:55,680: INFO: dsd_loader: successfully updated start_time, file_name and stg_table in sync_file]
[2025-05-24 16:57:55,680: INFO: dsd_loader: prep_clinic_0_20250523131005_decrypted.json logs updated into sync_file]
[2025-05-24 16:57:55,681: INFO: dsd_loader: prep_clinic_0_20250523131005_decrypted.json attempting to load]
[2025-05-24 16:57:55,855: INFO: dsd_loader: Number of records loaded: 64]
[2025-05-24 16:57:55,855: INFO: dsd_loader: prep_clinic_0_20250523131005_decrypted.json successfully ingested into stg_prep_clinic table]
[2025-05-24 16:57:55,873: INFO: dsd_loader: file ingestion_log successfully updated]
[2025-05-24 16:57:55,901: INFO: dsd_loader: Sync File log updated for 344e38ad-9164-434d-b4f3-d7537621ef4d successfully]
[2025-05-24 16:57:55,916: INFO: dsd_loader: -------------------------------------------]
[2025-05-24 16:57:55,917: INFO: dsd_loader: Processing file]
[2025-05-24 16:57:55,917: INFO: dsd_loader: ----------------------------s-------------------------------------------------]
[2025-05-24 16:57:55,917: INFO: dsd_loader: The file '/home/lamisplus/server/temp/E1PW0PYkvDx/prep_eligibility_0_20250523123301_decrypted.json' exists.]
[2025-05-24 16:57:56,095: INFO: dsd_loader: successfully updated start_time, file_name and stg_table in sync_file]
[2025-05-24 16:57:56,096: INFO: dsd_loader: Processing file]
[2025-05-24 16:57:56,138: INFO: dsd_loader: prep_eligibility_0_20250523123301_decrypted.json yet to be loaded]
[2025-05-24 16:57:56,163: INFO: dsd_loader: (successfully inserted records into file_ingestion_log]
[2025-05-24 16:57:56,164: INFO: dsd_loader: prep_eligibility_0_20250523123301_decrypted.json logs inserted into file_ingestion_log]
[2025-05-24 16:57:56,336: INFO: dsd_loader: successfully updated start_time, file_name and stg_table in sync_file]
[2025-05-24 16:57:56,337: INFO: dsd_loader: prep_eligibility_0_20250523123301_decrypted.json logs updated into sync_file]
[2025-05-24 16:57:56,337: INFO: dsd_loader: prep_eligibility_0_20250523123301_decrypted.json attempting to load]
[2025-05-24 16:57:58,628: INFO: dsd_loader: Number of records loaded: 3000]
[2025-05-24 16:57:58,639: INFO: dsd_loader: prep_eligibility_0_20250523123301_decrypted.json successfully ingested into stg_prep_eligibility table]
[2025-05-24 16:57:58,660: INFO: dsd_loader: file ingestion_log successfully updated]
[2025-05-24 16:57:58,690: INFO: dsd_loader: Sync File log updated for 59b04a3e-a175-4bdd-855b-445ce76cb6d6 successfully]
[2025-05-24 16:57:58,702: INFO: dsd_loader: -------------------------------------------]
[2025-05-24 16:57:58,721: INFO: dsd_loader: Processing file]
[2025-05-24 16:57:58,722: INFO: dsd_loader: ----------------------------s-------------------------------------------------]
[2025-05-24 16:57:58,722: INFO: dsd_loader: The file '/home/lamisplus/server/temp/E1PW0PYkvDx/hiv_art_clinical_20_20250523123301_decrypted.json' exists.]
[2025-05-24 16:57:58,888: INFO: dsd_loader: successfully updated start_time, file_name and stg_table in sync_file]
[2025-05-24 16:57:58,888: INFO: dsd_loader: Processing file]
[2025-05-24 16:57:58,938: INFO: dsd_loader: hiv_art_clinical_20_20250523123301_decrypted.json yet to be loaded]
[2025-05-24 16:57:58,954: INFO: dsd_loader: (successfully inserted records into file_ingestion_log]
[2025-05-24 16:57:58,954: INFO: dsd_loader: hiv_art_clinical_20_20250523123301_decrypted.json logs inserted into file_ingestion_log]
[2025-05-24 16:57:59,129: INFO: dsd_loader: successfully updated start_time, file_name and stg_table in sync_file]
[2025-05-24 16:57:59,130: INFO: dsd_loader: hiv_art_clinical_20_20250523123301_decrypted.json logs updated into sync_file]
[2025-05-24 16:57:59,130: INFO: dsd_loader: hiv_art_clinical_20_20250523123301_decrypted.json attempting to load]
[2025-05-24 16:57:59,318: INFO: dsd_loader: Number of records loaded: 65]
[2025-05-24 16:57:59,319: INFO: dsd_loader: hiv_art_clinical_20_20250523123301_decrypted.json successfully ingested into stg_hiv_art_clinical table]
[2025-05-24 16:57:59,337: INFO: dsd_loader: file ingestion_log successfully updated]
[2025-05-24 16:57:59,370: INFO: dsd_loader: Sync File log updated for 8ac85973-f755-4ab7-bdbe-e41d5125acf0 successfully]
[2025-05-24 16:57:59,384: INFO: dsd_loader: -------------------------------------------]
[2025-05-24 16:57:59,385: INFO: dsd_loader: Processing file]
[2025-05-24 16:57:59,385: INFO: dsd_loader: ----------------------------s-------------------------------------------------]
[2025-05-24 16:57:59,386: INFO: dsd_loader: The file '/home/lamisplus/server/temp/E1PW0PYkvDx/hiv_art_clinical_14_20250523123301_decrypted.json' exists.]
[2025-05-24 16:57:59,560: INFO: dsd_loader: successfully updated start_time, file_name and stg_table in sync_file]
[2025-05-24 16:57:59,560: INFO: dsd_loader: Processing file]
[2025-05-24 16:57:59,603: INFO: dsd_loader: hiv_art_clinical_14_20250523123301_decrypted.json yet to be loaded]
[2025-05-24 16:57:59,619: INFO: dsd_loader: (successfully inserted records into file_ingestion_log]
[2025-05-24 16:57:59,619: INFO: dsd_loader: hiv_art_clinical_14_20250523123301_decrypted.json logs inserted into file_ingestion_log]
[2025-05-24 16:57:59,786: INFO: dsd_loader: successfully updated start_time, file_name and stg_table in sync_file]
[2025-05-24 16:57:59,787: INFO: dsd_loader: hiv_art_clinical_14_20250523123301_decrypted.json logs updated into sync_file]
[2025-05-24 16:57:59,788: INFO: dsd_loader: hiv_art_clinical_14_20250523123301_decrypted.json attempting to load]
[2025-05-24 16:58:02,386: INFO: dsd_loader: Number of records loaded: 3000]
[2025-05-24 16:58:02,391: INFO: dsd_loader: hiv_art_clinical_14_20250523123301_decrypted.json successfully ingested into stg_hiv_art_clinical table]
[2025-05-24 16:58:02,410: INFO: dsd_loader: file ingestion_log successfully updated]
[2025-05-24 16:58:02,436: INFO: dsd_loader: Sync File log updated for f1873ef9-6ee8-4de5-877c-ff56fed5ae9f successfully]
[2025-05-24 16:58:02,450: INFO: dsd_loader: -------------------------------------------]
[2025-05-24 16:58:02,460: INFO: dsd_loader: Processing file]
[2025-05-24 16:58:02,461: INFO: dsd_loader: ----------------------------s-------------------------------------------------]
[2025-05-24 16:58:02,461: INFO: dsd_loader: The file '/home/lamisplus/server/temp/GbtTSJLBKbI/hiv_art_clinical_13_20250523135838_decrypted.json' exists.]
[2025-05-24 16:58:02,638: INFO: dsd_loader: successfully updated start_time, file_name and stg_table in sync_file]
[2025-05-24 16:58:02,639: INFO: dsd_loader: Processing file]
[2025-05-24 16:58:02,688: INFO: dsd_loader: hiv_art_clinical_13_20250523135838_decrypted.json yet to be loaded]
[2025-05-24 16:58:02,709: INFO: dsd_loader: (successfully inserted records into file_ingestion_log]
[2025-05-24 16:58:02,710: INFO: dsd_loader: hiv_art_clinical_13_20250523135838_decrypted.json logs inserted into file_ingestion_log]
[2025-05-24 16:58:02,887: INFO: dsd_loader: successfully updated start_time, file_name and stg_table in sync_file]
[2025-05-24 16:58:02,888: INFO: dsd_loader: hiv_art_clinical_13_20250523135838_decrypted.json logs updated into sync_file]
[2025-05-24 16:58:02,889: INFO: dsd_loader: hiv_art_clinical_13_20250523135838_decrypted.json attempting to load]
[2025-05-24 16:58:05,330: INFO: dsd_loader: Number of records loaded: 3000]
[2025-05-24 16:58:05,337: INFO: dsd_loader: hiv_art_clinical_13_20250523135838_decrypted.json successfully ingested into stg_hiv_art_clinical table]
[2025-05-24 16:58:05,357: INFO: dsd_loader: file ingestion_log successfully updated]
[2025-05-24 16:58:05,377: INFO: dsd_loader: Sync File log updated for 98be71e6-e12c-43a0-8598-a86b20736b11 successfully]
[2025-05-24 16:58:05,392: INFO: dsd_loader: -------------------------------------------]
[2025-05-24 16:58:05,403: INFO: dsd_loader: Processing file]
[2025-05-24 16:58:05,404: INFO: dsd_loader: ----------------------------s-------------------------------------------------]
[2025-05-24 16:58:05,404: INFO: dsd_loader: The file '/home/lamisplus/server/temp/sP8QEwb0SXo/prep_clinic_0_20250523131401_decrypted.json' exists.]
[2025-05-24 16:58:05,573: INFO: dsd_loader: successfully updated start_time, file_name and stg_table in sync_file]
[2025-05-24 16:58:05,574: INFO: dsd_loader: Processing file]
[2025-05-24 16:58:05,618: INFO: dsd_loader: prep_clinic_0_20250523131401_decrypted.json yet to be loaded]
[2025-05-24 16:58:05,637: INFO: dsd_loader: (successfully inserted records into file_ingestion_log]
[2025-05-24 16:58:05,638: INFO: dsd_loader: prep_clinic_0_20250523131401_decrypted.json logs inserted into file_ingestion_log]
[2025-05-24 16:58:05,819: INFO: dsd_loader: successfully updated start_time, file_name and stg_table in sync_file]
[2025-05-24 16:58:05,820: INFO: dsd_loader: prep_clinic_0_20250523131401_decrypted.json logs updated into sync_file]
[2025-05-24 16:58:05,821: INFO: dsd_loader: prep_clinic_0_20250523131401_decrypted.json attempting to load]
[2025-05-24 16:58:06,390: INFO: dsd_loader: Number of records loaded: 491]
[2025-05-24 16:58:06,391: INFO: dsd_loader: prep_clinic_0_20250523131401_decrypted.json successfully ingested into stg_prep_clinic table]
[2025-05-24 16:58:06,405: INFO: dsd_loader: file ingestion_log successfully updated]
[2025-05-24 16:58:06,434: INFO: dsd_loader: Sync File log updated for 75b18cc1-3a57-4590-8f53-cc1472166a0d successfully]
[2025-05-24 16:58:06,447: INFO: dsd_loader: -------------------------------------------]
[2025-05-24 16:58:06,449: INFO: dsd_loader: Processing file]
[2025-05-24 16:58:06,449: INFO: dsd_loader: ----------------------------s-------------------------------------------------]
[2025-05-24 16:58:06,450: INFO: dsd_loader: The file '/home/lamisplus/server/temp/sP8QEwb0SXo/dsd_devolvement_0_20250523131401_decrypted.json' exists.]
[2025-05-24 16:58:06,631: INFO: dsd_loader: successfully updated start_time, file_name and stg_table in sync_file]
[2025-05-24 16:58:06,632: INFO: dsd_loader: Processing file]
[2025-05-24 16:58:06,678: INFO: dsd_loader: dsd_devolvement_0_20250523131401_decrypted.json yet to be loaded]
[2025-05-24 16:58:06,693: INFO: dsd_loader: (successfully inserted records into file_ingestion_log]
[2025-05-24 16:58:06,693: INFO: dsd_loader: dsd_devolvement_0_20250523131401_decrypted.json logs inserted into file_ingestion_log]
[2025-05-24 16:58:06,865: INFO: dsd_loader: successfully updated start_time, file_name and stg_table in sync_file]
[2025-05-24 16:58:06,866: INFO: dsd_loader: dsd_devolvement_0_20250523131401_decrypted.json logs updated into sync_file]
[2025-05-24 16:58:06,866: INFO: dsd_loader: dsd_devolvement_0_20250523131401_decrypted.json attempting to load]
[2025-05-24 16:58:07,871: INFO: dsd_loader: Number of records loaded: 1252]
[2025-05-24 16:58:07,873: INFO: dsd_loader: dsd_devolvement_0_20250523131401_decrypted.json successfully ingested into stg_dsd_devolvement table]
[2025-05-24 16:58:07,888: INFO: dsd_loader: file ingestion_log successfully updated]
[2025-05-24 16:58:07,914: INFO: dsd_loader: Sync File log updated for 2ea5e228-ee4f-47a5-a10a-8647de44f2d5 successfully]
[2025-05-24 16:58:07,922: INFO: dsd_loader: -------------------------------------------]
[2025-05-24 16:58:07,925: INFO: dsd_loader: Processing file]
[2025-05-24 16:58:07,926: INFO: dsd_loader: ----------------------------s-------------------------------------------------]
[2025-05-24 16:58:07,926: INFO: dsd_loader: The file '/home/lamisplus/server/temp/t0jgNrpHrZk/hiv_art_clinical_0_20250523130329_decrypted.json' exists.]
[2025-05-24 16:58:08,091: INFO: dsd_loader: successfully updated start_time, file_name and stg_table in sync_file]
[2025-05-24 16:58:08,092: INFO: dsd_loader: Processing file]
[2025-05-24 16:58:08,133: INFO: dsd_loader: hiv_art_clinical_0_20250523130329_decrypted.json yet to be loaded]
[2025-05-24 16:58:08,149: INFO: dsd_loader: (successfully inserted records into file_ingestion_log]
[2025-05-24 16:58:08,150: INFO: dsd_loader: hiv_art_clinical_0_20250523130329_decrypted.json logs inserted into file_ingestion_log]
[2025-05-24 16:58:08,314: INFO: dsd_loader: successfully updated start_time, file_name and stg_table in sync_file]
[2025-05-24 16:58:08,315: INFO: dsd_loader: hiv_art_clinical_0_20250523130329_decrypted.json logs updated into sync_file]
[2025-05-24 16:58:08,315: INFO: dsd_loader: hiv_art_clinical_0_20250523130329_decrypted.json attempting to load]
[2025-05-24 16:58:08,410: INFO: dsd_loader: Number of records loaded: 5]
[2025-05-24 16:58:08,410: INFO: dsd_loader: hiv_art_clinical_0_20250523130329_decrypted.json successfully ingested into stg_hiv_art_clinical table]
[2025-05-24 16:58:08,429: INFO: dsd_loader: file ingestion_log successfully updated]
[2025-05-24 16:58:08,458: INFO: dsd_loader: Sync File log updated for 543eb463-8284-4656-bc04-7645c2f74c04 successfully]
[2025-05-24 16:58:08,472: INFO: dsd_loader: -------------------------------------------]
[2025-05-24 16:58:08,473: INFO: dsd_loader: Processing file]
[2025-05-24 16:58:08,473: INFO: dsd_loader: ----------------------------s-------------------------------------------------]
[2025-05-24 16:58:08,473: INFO: dsd_loader: The file '/home/lamisplus/server/temp/WyCV2IF8nVP/prep_clinic_1_20250523141048_decrypted.json' exists.]
[2025-05-24 16:58:08,653: INFO: dsd_loader: successfully updated start_time, file_name and stg_table in sync_file]
[2025-05-24 16:58:08,654: INFO: dsd_loader: Processing file]
[2025-05-24 16:58:08,697: INFO: dsd_loader: prep_clinic_1_20250523141048_decrypted.json yet to be loaded]
[2025-05-24 16:58:08,713: INFO: dsd_loader: (successfully inserted records into file_ingestion_log]
[2025-05-24 16:58:08,713: INFO: dsd_loader: prep_clinic_1_20250523141048_decrypted.json logs inserted into file_ingestion_log]
[2025-05-24 16:58:08,884: INFO: dsd_loader: successfully updated start_time, file_name and stg_table in sync_file]
[2025-05-24 16:58:08,885: INFO: dsd_loader: prep_clinic_1_20250523141048_decrypted.json logs updated into sync_file]
[2025-05-24 16:58:08,886: INFO: dsd_loader: prep_clinic_1_20250523141048_decrypted.json attempting to load]
[2025-05-24 16:58:11,816: INFO: dsd_loader: Number of records loaded: 3000]
[2025-05-24 16:58:11,821: INFO: dsd_loader: prep_clinic_1_20250523141048_decrypted.json successfully ingested into stg_prep_clinic table]
[2025-05-24 16:58:11,843: INFO: dsd_loader: file ingestion_log successfully updated]
[2025-05-24 16:58:11,867: INFO: dsd_loader: Sync File log updated for 41a4ef66-b2b9-43b8-85f6-416ae0c8a7d0 successfully]
[2025-05-24 16:58:11,880: INFO: dsd_loader: -------------------------------------------]
[2025-05-24 16:58:11,892: INFO: dsd_loader: json files successfully processed]
[2025-05-24 16:58:17,350: INFO: dsd_loader: json files successfully processed]
[2025-05-24 16:58:38,911: INFO: file_loader: Processing file]
[2025-05-24 16:58:38,911: INFO: file_loader: ----------------------------s-------------------------------------------------]
[2025-05-24 16:58:38,911: INFO: file_loader: The file '/home/lamisplus/server/temp/WyCV2IF8nVP/hiv_enrollment_0_20250523141048_decrypted.json' exists.]
[2025-05-24 16:58:39,087: INFO: file_loader: successfully updated start_time, file_name and stg_table in sync_file]
[2025-05-24 16:58:39,087: INFO: file_loader: Processing file]
[2025-05-24 16:58:39,138: INFO: file_loader: hiv_enrollment_0_20250523141048_decrypted.json previously failed to load]
[2025-05-24 16:58:39,138: INFO: file_loader: hiv_enrollment_0_20250523141048_decrypted.json attempting to reload]
[2025-05-24 16:58:39,331: INFO: file_loader: " " successfully replace with NA]
[2025-05-24 16:58:39,563: ERROR: file_loader: An unexpected error occurred: (psycopg2.errors.UndefinedColumn) column "target_group_id_original" of relation "stg_hiv_enrollment" does not exist
LINE 1: ...dified_by, status_at_registration_id, created_by, target_gro...
                                                             ^

[SQL: INSERT INTO stg_hiv_enrollment (date_referred_from_ovcpartner, person_uuid, latitude, last_modified_date, time_hiv_diagnosis, source, date_enrolled_pmtct, ovc_number, house_hold_number, uuid, pregnancy_status_id, lip_name, entry_point_id, tb_status_id, archived, date_confirmed_hiv, enrollment_setting_id, date_of_lpm, target_group_id, facility_id, id, source_of_referrer_id, date_referred_to_ovcpartner, send_message, pregnant, longitude, unique_id, referred_from_ovcpartner, last_modified_by, status_at_registration_id, created_by, target_group_id_original, facility_name, care_entry_point_other, created_date, breastfeeding, date_of_registration, visit_id, date_started, referred_to_ovcpartner, stg_batch_id, stg_load_time, stg_file_name, stg_datim_id) VALUES (%(date_referred_from_ovcpartner)s, %(person_uuid)s, %(latitude)s, %(last_modified_date)s, %(time_hiv_diagnosis)s, %(source)s, %(date_enrolled_pmtct)s, %(ovc_number)s, %(house_hold_number)s, %(uuid)s, %(pregnancy_status_id)s, %(lip_name)s, %(entry_point_id)s, %(tb_status_id)s, %(archived)s, %(date_confirmed_hiv)s, %(enrollment_setting_id)s, %(date_of_lpm)s, %(target_group_id)s, %(facility_id)s, %(id)s, %(source_of_referrer_id)s, %(date_referred_to_ovcpartner)s, %(send_message)s, %(pregnant)s, %(longitude)s, %(unique_id)s, %(referred_from_ovcpartner)s, %(last_modified_by)s, %(status_at_registration_id)s, %(created_by)s, %(target_group_id_original)s, %(facility_name)s, %(care_entry_point_other)s, %(created_date)s, %(breastfeeding)s, %(date_of_registration)s, %(visit_id)s, %(date_started)s, %(referred_to_ovcpartner)s, %(stg_batch_id)s, %(stg_load_time)s, %(stg_file_name)s, %(stg_datim_id)s)]
[parameters: ({'date_referred_from_ovcpartner': None, 'person_uuid': '22359d66-dea7-4d20-a6a6-243143c4fa99', 'latitude': None, 'last_modified_date': '2021-07-13 15:45:32.965', 'time_hiv_diagnosis': '2021-07-07 00:00:00.0', 'source': None, 'date_enrolled_pmtct': None, 'ovc_number': None, 'house_hold_number': None, 'uuid': '2edc0b9a-7a75-4d1a-96b9-49dae7c27807', 'pregnancy_status_id': 72.0, 'lip_name': None, 'entry_point_id': None, 'tb_status_id': 67.0, 'archived': 0, 'date_confirmed_hiv': '2021-07-07', 'enrollment_setting_id': 869, 'date_of_lpm': None, 'target_group_id': None, 'facility_id': 1441, 'id': 1, 'source_of_referrer_id': 43.0, 'date_referred_to_ovcpartner': None, 'send_message': None, 'pregnant': False, 'longitude': None, 'unique_id': 'HALG/25/11/511/001670', 'referred_from_ovcpartner': None, 'last_modified_by': 'ETL', 'status_at_registration_id': 444.0, 'created_by': 'ETL', 'target_group_id_original': 151, 'facility_name': 'Badagry KP One Stop Shop', 'care_entry_point_other': None, 'created_date': '2021-07-13 15:45:32.965', 'breastfeeding': False, 'date_of_registration': '2021-07-07', 'visit_id': 'b7f46e41-cb57-46b3-85f0-4de417a5b4d7', 'date_started': '2021-07-07', 'referred_to_ovcpartner': None, 'stg_batch_id': '20250523141048', 'stg_load_time': datetime.datetime(2025, 5, 24, 16, 58, 39, 210167), 'stg_file_name': 'hiv_enrollment_0_20250523141048_decrypted.json', 'stg_datim_id': 'WyCV2IF8nVP'}, {'date_referred_from_ovcpartner': None, 'person_uuid': '6b82d9c2-ac4a-4747-aefb-1e5b7fe092ae', 'latitude': None, 'last_modified_date': '2021-04-27 12:03:20.156', 'time_hiv_diagnosis': '2021-04-19 00:00:00.0', 'source': None, 'date_enrolled_pmtct': None, 'ovc_number': None, 'house_hold_number': None, 'uuid': '09980403-45f6-4826-a990-6129a4bb9bc3', 'pregnancy_status_id': 72.0, 'lip_name': None, 'entry_point_id': None, 'tb_status_id': 67.0, 'archived': 0, 'date_confirmed_hiv': '2021-04-19', 'enrollment_setting_id': 869, 'date_of_lpm': None, 'target_group_id': None, 'facility_id': 1441, 'id': 2, 'source_of_referrer_id': None, 'date_referred_to_ovcpartner': None, 'send_message': None, 'pregnant': False, 'longitude': None, 'unique_id': 'HALG/25/11/511/001415', 'referred_from_ovcpartner': None, 'last_modified_by': 'ETL', 'status_at_registration_id': 444.0, 'created_by': 'ETL', 'target_group_id_original': 151, 'facility_name': 'Badagry KP One Stop Shop', 'care_entry_point_other': None, 'created_date': '2021-04-27 12:03:20.156', 'breastfeeding': False, 'date_of_registration': '2021-04-19', 'visit_id': '01a61fc9-c655-432f-be90-995960a57224', 'date_started': '2021-04-19', 'referred_to_ovcpartner': None, 'stg_batch_id': '20250523141048', 'stg_load_time': datetime.datetime(2025, 5, 24, 16, 58, 39, 210167), 'stg_file_name': 'hiv_enrollment_0_20250523141048_decrypted.json', 'stg_datim_id': 'WyCV2IF8nVP'}, {'date_referred_from_ovcpartner': None, 'person_uuid': 'd87a2c52-6218-496b-8cc5-6754f2bc86a8', 'latitude': None, 'last_modified_date': '2022-04-05 12:26:30.02', 'time_hiv_diagnosis': '2022-03-15 00:00:00.0', 'source': None, 'date_enrolled_pmtct': '2022-03-15', 'ovc_number': None, 'house_hold_number': None, 'uuid': 'd907d6df-85f2-4779-8439-d54a1cfe8f60', 'pregnancy_status_id': 72.0, 'lip_name': None, 'entry_point_id': None, 'tb_status_id': 67.0, 'archived': 0, 'date_confirmed_hiv': '2022-03-15', 'enrollment_setting_id': 869, 'date_of_lpm': None, 'target_group_id': None, 'facility_id': 1441, 'id': 3, 'source_of_referrer_id': 43.0, 'date_referred_to_ovcpartner': None, 'send_message': None, 'pregnant': False, 'longitude': None, 'unique_id': 'HALG/25/11/511/002530', 'referred_from_ovcpartner': None, 'last_modified_by': 'ETL', 'status_at_registration_id': 444.0, 'created_by': 'ETL', 'target_group_id_original': 151, 'facility_name': 'Badagry KP One Stop Shop', 'care_entry_point_other': None, 'created_date': '2022-04-05 12:26:30.02', 'breastfeeding': False, 'date_of_registration': '2022-03-15', 'visit_id': '55858cec-b069-4e01-b6be-5fd6cfe465d8', 'date_started': '2022-03-15', 'referred_to_ovcpartner': None, 'stg_batch_id': '20250523141048', 'stg_load_time': datetime.datetime(2025, 5, 24, 16, 58, 39, 210167), 'stg_file_name': 'hiv_enrollment_0_20250523141048_decrypted.json', 'stg_datim_id': 'WyCV2IF8nVP'}, {'date_referred_from_ovcpartner': None, 'person_uuid': '3915ac89-ac5e-4080-a359-04f5716f594f', 'latitude': None, 'last_modified_date': '2021-03-02 13:21:40.753', 'time_hiv_diagnosis': '2020-08-25 00:00:00.0', 'source': None, 'date_enrolled_pmtct': None, 'ovc_number': None, 'house_hold_number': None, 'uuid': 'd90f055f-68fc-4b04-9b36-57102487188c', 'pregnancy_status_id': 72.0, 'lip_name': None, 'entry_point_id': None, 'tb_status_id': 67.0, 'archived': 0, 'date_confirmed_hiv': '2020-08-25', 'enrollment_setting_id': 869, 'date_of_lpm': None, 'target_group_id': None, 'facility_id': 1441, 'id': 4, 'source_of_referrer_id': 43.0, 'date_referred_to_ovcpartner': None, 'send_message': False, 'pregnant': False, 'longitude': None, 'unique_id': 'HALG/25/11/511/000882', 'referred_from_ovcpartner': None, 'last_modified_by': 'ETL', 'status_at_registration_id': 444.0, 'created_by': 'ETL', 'target_group_id_original': 150, 'facility_name': 'Badagry KP One Stop Shop', 'care_entry_point_other': None, 'created_date': '2021-03-02 13:21:40.753', 'breastfeeding': False, 'date_of_registration': '2020-08-25', 'visit_id': 'e4d403fe-47b5-49ad-b49a-474d78098acb', 'date_started': '2020-08-25', 'referred_to_ovcpartner': None, 'stg_batch_id': '20250523141048', 'stg_load_time': datetime.datetime(2025, 5, 24, 16, 58, 39, 210167), 'stg_file_name': 'hiv_enrollment_0_20250523141048_decrypted.json', 'stg_datim_id': 'WyCV2IF8nVP'}, {'date_referred_from_ovcpartner': None, 'person_uuid': '879ab07b-eac5-4e0a-af90-72775e6d2731', 'latitude': None, 'last_modified_date': '2021-04-20 14:05:06.494', 'time_hiv_diagnosis': '2021-04-06 00:00:00.0', 'source': None, 'date_enrolled_pmtct': None, 'ovc_number': None, 'house_hold_number': None, 'uuid': 'cb21652a-a12d-45a0-888f-ecb446d1bcbc', 'pregnancy_status_id': 72.0, 'lip_name': None, 'entry_point_id': 484.0, 'tb_status_id': 67.0, 'archived': 0, 'date_confirmed_hiv': '2021-04-06', 'enrollment_setting_id': 869, 'date_of_lpm': None, 'target_group_id': None, 'facility_id': 1441, 'id': 6, 'source_of_referrer_id': None, 'date_referred_to_ovcpartner': None, 'send_message': None, 'pregnant': False, 'longitude': None, 'unique_id': 'HALG/25/11/511/001359', 'referred_from_ovcpartner': None, 'last_modified_by': 'ETL', 'status_at_registration_id': 444.0, 'created_by': 'ETL', 'target_group_id_original': 153, 'facility_name': 'Badagry KP One Stop Shop', 'care_entry_point_other': None, 'created_date': '2021-04-20 14:05:06.494', 'breastfeeding': False, 'date_of_registration': '2021-04-06', 'visit_id': 'd6cf32bb-a69d-422a-bc86-402e311efbae', 'date_started': '2021-04-06', 'referred_to_ovcpartner': None, 'stg_batch_id': '20250523141048', 'stg_load_time': datetime.datetime(2025, 5, 24, 16, 58, 39, 210167), 'stg_file_name': 'hiv_enrollment_0_20250523141048_decrypted.json', 'stg_datim_id': 'WyCV2IF8nVP'}, {'date_referred_from_ovcpartner': None, 'person_uuid': 'df28e071-e7e1-4a45-8b8b-b8812987571f', 'latitude': None, 'last_modified_date': '2021-07-22 10:38:59.924', 'time_hiv_diagnosis': '2019-11-22 00:00:00.0', 'source': None, 'date_enrolled_pmtct': None, 'ovc_number': None, 'house_hold_number': None, 'uuid': 'ba36a714-7849-42e2-a8a8-4c76bef3dc97', 'pregnancy_status_id': 72.0, 'lip_name': None, 'entry_point_id': None, 'tb_status_id': 67.0, 'archived': 0, 'date_confirmed_hiv': '2019-11-22', 'enrollment_setting_id': 869, 'date_of_lpm': None, 'target_group_id': None, 'facility_id': 1441, 'id': 7, 'source_of_referrer_id': 1015.0, 'date_referred_to_ovcpartner': None, 'send_message': False, 'pregnant': False, 'longitude': None, 'unique_id': 'HALG/25/11/511/000240', 'referred_from_ovcpartner': None, 'last_modified_by': 'ETL', 'status_at_registration_id': 444.0, 'created_by': 'ETL', 'target_group_id_original': 150, 'facility_name': 'Badagry KP One Stop Shop', 'care_entry_point_other': None, 'created_date': '2021-07-22 10:38:59.924', 'breastfeeding': False, 'date_of_registration': '2019-11-22', 'visit_id': '1af20071-3491-4651-bb1e-7e048040520a', 'date_started': '2019-11-22', 'referred_to_ovcpartner': None, 'stg_batch_id': '20250523141048', 'stg_load_time': datetime.datetime(2025, 5, 24, 16, 58, 39, 210167), 'stg_file_name': 'hiv_enrollment_0_20250523141048_decrypted.json', 'stg_datim_id': 'WyCV2IF8nVP'}, {'date_referred_from_ovcpartner': None, 'person_uuid': '84a3bd49-7e86-4627-8f08-2f53eac62184', 'latitude': None, 'last_modified_date': '2023-03-02 10:39:20.394', 'time_hiv_diagnosis': '2023-02-06 00:00:00.0', 'source': None, 'date_enrolled_pmtct': None, 'ovc_number': None, 'house_hold_number': None, 'uuid': '4d53409a-702f-483d-83af-dc648262f1d7', 'pregnancy_status_id': 72.0, 'lip_name': None, 'entry_point_id': 484.0, 'tb_status_id': 67.0, 'archived': 0, 'date_confirmed_hiv': '2023-02-06', 'enrollment_setting_id': 869, 'date_of_lpm': None, 'target_group_id': None, 'facility_id': 1441, 'id': 8, 'source_of_referrer_id': 43.0, 'date_referred_to_ovcpartner': None, 'send_message': None, 'pregnant': False, 'longitude': None, 'unique_id': 'HALG/25/11/511/004519', 'referred_from_ovcpartner': None, 'last_modified_by': 'ETL', 'status_at_registration_id': 444.0, 'created_by': 'ETL', 'target_group_id_original': 153, 'facility_name': 'Badagry KP One Stop Shop', 'care_entry_point_other': None, 'created_date': '2023-03-02 10:39:20.394', 'breastfeeding': False, 'date_of_registration': '2023-02-06', 'visit_id': 'cb3cdebe-5d53-4dc1-9109-6173ecdb3593', 'date_started': '2023-02-06', 'referred_to_ovcpartner': None, 'stg_batch_id': '20250523141048', 'stg_load_time': datetime.datetime(2025, 5, 24, 16, 58, 39, 210167), 'stg_file_name': 'hiv_enrollment_0_20250523141048_decrypted.json', 'stg_datim_id': 'WyCV2IF8nVP'}, {'date_referred_from_ovcpartner': None, 'person_uuid': '801a9184-8345-41cd-b1fc-f77a6e80d9af', 'latitude': None, 'last_modified_date': '2021-06-11 14:24:08.935', 'time_hiv_diagnosis': '2021-06-07 00:00:00.0', 'source': None, 'date_enrolled_pmtct': None, 'ovc_number': None, 'house_hold_number': None, 'uuid': '7e9147e3-be2a-4f0a-829a-13959568d1be', 'pregnancy_status_id': 72.0, 'lip_name': None, 'entry_point_id': None, 'tb_status_id': 67.0, 'archived': 0, 'date_confirmed_hiv': '2021-06-07', 'enrollment_setting_id': 869, 'date_of_lpm': None, 'target_group_id': None, 'facility_id': 1441, 'id': 9, 'source_of_referrer_id': 43.0, 'date_referred_to_ovcpartner': None, 'send_message': None, 'pregnant': False, 'longitude': None, 'unique_id': 'HALG/25/11/511/001536', 'referred_from_ovcpartner': None, 'last_modified_by': 'ETL', 'status_at_registration_id': 444.0, 'created_by': 'ETL', 'target_group_id_original': 151, 'facility_name': 'Badagry KP One Stop Shop', 'care_entry_point_other': None, 'created_date': '2021-06-11 14:24:08.935', 'breastfeeding': False, 'date_of_registration': '2021-06-07', 'visit_id': '529c1bb7-0cfa-46c3-a2f9-a81e15f9bd91', 'date_started': '2021-06-07', 'referred_to_ovcpartner': None, 'stg_batch_id': '20250523141048', 'stg_load_time': datetime.datetime(2025, 5, 24, 16, 58, 39, 210167), 'stg_file_name': 'hiv_enrollment_0_20250523141048_decrypted.json', 'stg_datim_id': 'WyCV2IF8nVP'}  ... displaying 10 of 3000 total bound parameter sets ...  {'date_referred_from_ovcpartner': None, 'person_uuid': '95a3ee17-361d-41eb-b693-f4f5a6c0c23a', 'latitude': None, 'last_modified_date': '2024-08-21 14:40:51.25', 'time_hiv_diagnosis': '2022-05-16 00:00:00.0', 'source': None, 'date_enrolled_pmtct': None, 'ovc_number': None, 'house_hold_number': None, 'uuid': 'ca500242-c12b-4e66-b2b7-3e46306aca6c', 'pregnancy_status_id': 72.0, 'lip_name': None, 'entry_point_id': 17.0, 'tb_status_id': 67.0, 'archived': 0, 'date_confirmed_hiv': '2022-05-16', 'enrollment_setting_id': 52, 'date_of_lpm': None, 'target_group_id': None, 'facility_id': 1441, 'id': 5, 'source_of_referrer_id': 1015.0, 'date_referred_to_ovcpartner': None, 'send_message': None, 'pregnant': False, 'longitude': None, 'unique_id': 'HALG/25/11/511/003239', 'referred_from_ovcpartner': None, 'last_modified_by': 'obamidele@heartlandalliancenigeria.org', 'status_at_registration_id': 54.0, 'created_by': 'ETL', 'target_group_id_original': 151, 'facility_name': None, 'care_entry_point_other': None, 'created_date': '2022-05-19 12:13:37.62', 'breastfeeding': False, 'date_of_registration': '2022-05-16', 'visit_id': '9cd31acd-bec8-446c-826f-fb6a29cdd120', 'date_started': '2022-05-16', 'referred_to_ovcpartner': None, 'stg_batch_id': '20250523141048', 'stg_load_time': datetime.datetime(2025, 5, 24, 16, 58, 39, 210167), 'stg_file_name': 'hiv_enrollment_0_20250523141048_decrypted.json', 'stg_datim_id': 'WyCV2IF8nVP'}, {'date_referred_from_ovcpartner': None, 'person_uuid': '97b1f150-1412-4a12-b6ac-9415db4b949e', 'latitude': None, 'last_modified_date': '2024-08-21 14:48:13.364', 'time_hiv_diagnosis': '2023-04-17 00:00:00.0', 'source': None, 'date_enrolled_pmtct': None, 'ovc_number': None, 'house_hold_number': None, 'uuid': 'cf55af01-e06c-4494-8d8c-0c5d013a9cf5', 'pregnancy_status_id': 72.0, 'lip_name': None, 'entry_point_id': 17.0, 'tb_status_id': 67.0, 'archived': 0, 'date_confirmed_hiv': '2023-04-17', 'enrollment_setting_id': 52, 'date_of_lpm': None, 'target_group_id': None, 'facility_id': 1441, 'id': 501, 'source_of_referrer_id': 43.0, 'date_referred_to_ovcpartner': None, 'send_message': None, 'pregnant': False, 'longitude': None, 'unique_id': 'HALG/25/11/511/004705', 'referred_from_ovcpartner': None, 'last_modified_by': 'obamidele@heartlandalliancenigeria.org', 'status_at_registration_id': 54.0, 'created_by': 'ETL', 'target_group_id_original': 151, 'facility_name': None, 'care_entry_point_other': None, 'created_date': '2023-04-20 10:22:49.979', 'breastfeeding': False, 'date_of_registration': '2023-04-17', 'visit_id': '6ebe9a07-aa63-473c-97a1-b64064bf1285', 'date_started': '2023-04-17', 'referred_to_ovcpartner': None, 'stg_batch_id': '20250523141048', 'stg_load_time': datetime.datetime(2025, 5, 24, 16, 58, 39, 210167), 'stg_file_name': 'hiv_enrollment_0_20250523141048_decrypted.json', 'stg_datim_id': 'WyCV2IF8nVP'})]
(Background on this error at: https://sqlalche.me/e/14/f405)]
[2025-05-24 16:58:39,564: INFO: file_loader: Processing file]
[2025-05-24 16:58:39,564: INFO: file_loader: ----------------------------s-------------------------------------------------]
[2025-05-24 16:58:39,564: INFO: file_loader: The file '/home/lamisplus/server/temp/bSGThj4mGr5/biometric_0_20250523140835_decrypted.json' exists.]
[2025-05-24 16:58:39,757: INFO: file_loader: successfully updated start_time, file_name and stg_table in sync_file]
[2025-05-24 16:58:39,757: INFO: file_loader: Processing file]
[2025-05-24 16:58:39,810: INFO: file_loader: biometric_0_20250523140835_decrypted.json yet to be loaded]
[2025-05-24 16:58:39,831: INFO: file_loader: (successfully inserted records into file_ingestion_log]
[2025-05-24 16:58:39,831: INFO: file_loader: biometric_0_20250523140835_decrypted.json logs inserted into file_ingestion_log]
[2025-05-24 16:58:39,831: INFO: file_loader: biometric_0_20250523140835_decrypted.json attempting to load]
[2025-05-24 16:58:39,991: INFO: file_loader: " " successfully replace with NA]
[2025-05-24 16:58:40,169: ERROR: file_loader: An unexpected error occurred: (psycopg2.errors.UndefinedColumn) column "biometric0_.match_person_uuid" of relation "stg_biometric" does not exist
LINE 1: ...version_iso_20, recapture, archived, device_name, "biometric...
                                                             ^

[SQL: INSERT INTO stg_biometric (template, reason, iso, person_uuid, last_modified_date, version_iso_20, recapture, archived, device_name, "biometric0_.match_person_uuid", extra, facility_id, template_type, id, recapture_message, count, hashed, last_modified_by, created_by, replace_date, image_quality, created_date, biometric_type, enrollment_date, stg_batch_id, stg_load_time, stg_file_name, stg_datim_id) VALUES (%(template)s, %(reason)s, %(iso)s, %(person_uuid)s, %(last_modified_date)s, %(version_iso_20)s, %(recapture)s, %(archived)s, %(device_name)s, %(biometric0_.match_person_uuid)s, %(extra)s, %(facility_id)s, %(template_type)s, %(id)s, %(recapture_message)s, %(count)s, %(hashed)s, %(last_modified_by)s, %(created_by)s, %(replace_date)s, %(image_quality)s, %(created_date)s, %(biometric_type)s, %(enrollment_date)s, %(stg_batch_id)s, %(stg_load_time)s, %(stg_file_name)s, %(stg_datim_id)s)]
[parameters: ({'template': 'Rk1SADAzMAAAAAePAAEAAAAHgP///////////wAAAAAAAVAAMYEBAAAAxQDFAAFAAeBgPkCMAE4INkCsAFeDP0CXAFgCOkCnAGSGYYBYAG6gNkCmAHuNYUDkAIHpV0EaAITlAUCpAIaNPEB8AI4VS ... (2282 characters truncated) ... 7//87//87//87//87PAE7MgM7MAQ7MwI8PAE8//88PQE8//88//88OAE8LwU8NwE9OgE9//89//89//89PQE9NQM9//89MAQ+//8+OwE+//8+NwM+PAE+//8+//8+//8AAgAQAkClANuxQIoBN1gA', 'reason': None, 'iso': True, 'person_uuid': '3f6623b4-d06a-4a04-bb87-4ba02689a565', 'last_modified_date': '2022-01-13 11:42:12.065', 'version_iso_20': False, 'recapture': 0, 'archived': 0, 'device_name': 'Neurotec', 'biometric0_.match_person_uuid': None, 'extra': 'null', 'facility_id': 1859, 'template_type': 'Left Middle Finger', 'id': '0a05768d-d248-4f8a-9def-449bef142fa5', 'recapture_message': None, 'count': 6, 'hashed': None, 'last_modified_by': 'ETL', 'created_by': 'ETL', 'replace_date': None, 'image_quality': None, 'created_date': '2022-01-13 11:42:12.065', 'biometric_type': 'FINGERPRINT', 'enrollment_date': '2022-01-13', 'stg_batch_id': '20250523140835', 'stg_load_time': datetime.datetime(2025, 5, 24, 16, 58, 39, 900758), 'stg_file_name': 'biometric_0_20250523140835_decrypted.json', 'stg_datim_id': 'bSGThj4mGr5'}, {'template': 'Rk1SADAzMAAAAAhoAAEAAAAIWf///////////wAAAAAAAVYAMYEBAAAAxQDFAAFAAeBgRUDCAC3pLIDkAD9qNoCnAEJxRUCRAE91P4A2AFD/AUBfAFF5M0A9AGOMKUDfAGfmR4A0AHMJIYBdAHSFV ... (2574 characters truncated) ... C//9C//9C//9CQwNCQAJDPQFD//9DOgNDQAFDQwFD//9DRAND//9E//9EQAFEMAdEQQNE//9E//9E//9ERAJF//9FPQRFQgNF//9FQwJF//9F//9F//8AAgAXAkDbAUd/QMABhwwBQI8BoPKSNw==', 'reason': None, 'iso': True, 'person_uuid': '0733bf36-7374-423e-873f-839654905ae4', 'last_modified_date': '2022-05-06 11:18:09.605', 'version_iso_20': False, 'recapture': 0, 'archived': 0, 'device_name': 'Neurotec', 'biometric0_.match_person_uuid': None, 'extra': 'null', 'facility_id': 1859, 'template_type': 'Right Thumb', 'id': '71f33c78-9c01-40a2-8b73-2828bc8b6235', 'recapture_message': None, 'count': 6, 'hashed': None, 'last_modified_by': 'ETL', 'created_by': 'ETL', 'replace_date': None, 'image_quality': None, 'created_date': '2022-05-06 11:18:09.605', 'biometric_type': 'FINGERPRINT', 'enrollment_date': '2022-05-06', 'stg_batch_id': '20250523140835', 'stg_load_time': datetime.datetime(2025, 5, 24, 16, 58, 39, 900758), 'stg_file_name': 'biometric_0_20250523140835_decrypted.json', 'stg_datim_id': 'bSGThj4mGr5'}, {'template': 'Rk1SACAyMAAAAAdUAAABQAHgAMUAxQEAAABGPYCaAFEAL0DBAFH9LECnAF2BLkC9AHT8MEBgAHUIH4CKAHb/MECpAHf9QEBYAIQEOUCnAJR4AUBgAJ2IL0BPAKAGI0AuAKuIJ0CuAMZ7T0D9AMxxH ... (2206 characters truncated) ... 5NQE6AAA6AAA6AAA6OwE6NgE6NQE6MwA6OQA7Pf87AAA7AAA7AAA7AAA7LAQ7NgE7OgE8NwE8NP88AAA8AAA8AAA8AAA8AAA8OAU9MwA9OAM9N/89AAA9AAA9AAA9AAA9OQAAAgALAUBkAYGwAA==', 'reason': None, 'iso': True, 'person_uuid': '95d5ec17-1570-4ad8-acd1-ab1ed0b4aea9', 'last_modified_date': '2022-12-12 01:08:40.317', 'version_iso_20': True, 'recapture': 0, 'archived': 0, 'device_name': 'Neurotec', 'biometric0_.match_person_uuid': None, 'extra': 'null', 'facility_id': 1859, 'template_type': 'Left Thumb', 'id': 'eab0de8d-5c1e-4763-8c35-458894b87d42', 'recapture_message': None, 'count': 10, 'hashed': None, 'last_modified_by': 'ETL', 'created_by': 'ETL', 'replace_date': None, 'image_quality': None, 'created_date': '2022-12-12 01:08:40.317', 'biometric_type': 'FINGERPRINT', 'enrollment_date': '2022-12-12', 'stg_batch_id': '20250523140835', 'stg_load_time': datetime.datetime(2025, 5, 24, 16, 58, 39, 900758), 'stg_file_name': 'biometric_0_20250523140835_decrypted.json', 'stg_datim_id': 'bSGThj4mGr5'}, {'template': 'Rk1SACAyMAAAAAFtAAABQAHgAMUAxQEAAAA7C4DxAJ1KUIENAJ9HSoDkAKNQVIDUAMbVSoEzAOBQQkD8ARrhZEDhAR/bVEDyAVJeUYEnAXxpGUEdAY/qAYEVAaTsFAENAAEBDQIBAAABAAABAwABB ... (190 characters truncated) ... HBAIHAAAHAAAHAAAHCAEIAAAIAAAIAAAICv8ICQAIAAAIBv8IBwEJAAAJAAAJCgEJAAAJAAAJAAAJBQoJCAAKAAAKAAAKCQEKCAIKAAAKAAAKCwEKAAALAAALAAALCgELCAMLAAALAAALAAALAAA=', 'reason': None, 'iso': True, 'person_uuid': '41fa8330-6281-42ff-8b27-8ac167932eba', 'last_modified_date': '2022-12-22 16:45:23.158', 'version_iso_20': True, 'recapture': 0, 'archived': 0, 'device_name': 'Neurotec', 'biometric0_.match_person_uuid': None, 'extra': 'null', 'facility_id': 1859, 'template_type': 'Left Index Finger', 'id': '1b0574f8-30c3-4324-a008-93a6dafdde17', 'recapture_message': None, 'count': 6, 'hashed': None, 'last_modified_by': 'ETL', 'created_by': 'ETL', 'replace_date': None, 'image_quality': None, 'created_date': '2022-12-22 16:45:23.158', 'biometric_type': 'FINGERPRINT', 'enrollment_date': '2022-12-22', 'stg_batch_id': '20250523140835', 'stg_load_time': datetime.datetime(2025, 5, 24, 16, 58, 39, 900758), 'stg_file_name': 'biometric_0_20250523140835_decrypted.json', 'stg_datim_id': 'bSGThj4mGr5'}, {'template': 'Rk1SACAyMAAAAAfMAAABQAHgAMUAxQEAAABbQUDKAIiWO4CVAJQcNUDfAKAJRICnAK0aU4CmALqkVoD1ALuMRUD1AML8OUBlANOtMEDeANicWECtAOgeNIBrAO0uQoD7APDuUoCqAPKxS4DJAPUcX ... (2366 characters truncated) ... 9NgA+NwA+PAE+AAA+AAA+AAA+QAM+PQI+Ov8/Nv8/OAI/PQE/QAA/AAA/AAA/QQE/OwBANv9APQFAPgNAAABAAABAAABAAABAPwBBOwBBOAVBPwFBAABBAABBAABBAABBOf8AAgALAUDbASezAA==', 'reason': None, 'iso': True, 'person_uuid': '5f61a864-b518-4f0c-9c6f-2a1e2da63426', 'last_modified_date': '2022-12-22 16:48:59.484', 'version_iso_20': True, 'recapture': 0, 'archived': 0, 'device_name': 'Neurotec', 'biometric0_.match_person_uuid': None, 'extra': 'null', 'facility_id': 1859, 'template_type': 'Right Middle Finger', 'id': 'a68a5dd8-ea01-4c36-bc14-c155b634bf11', 'recapture_message': None, 'count': 6, 'hashed': None, 'last_modified_by': 'ETL', 'created_by': 'ETL', 'replace_date': None, 'image_quality': None, 'created_date': '2022-12-22 16:48:59.484', 'biometric_type': 'FINGERPRINT', 'enrollment_date': '2022-12-22', 'stg_batch_id': '20250523140835', 'stg_load_time': datetime.datetime(2025, 5, 24, 16, 58, 39, 900758), 'stg_file_name': 'biometric_0_20250523140835_decrypted.json', 'stg_datim_id': 'bSGThj4mGr5'}, {'template': 'Rk1SACAyMAAAAAFtAAABQAHgAMUAxQEAAABYC4BYATVLSkBBAU/GLECEAVNEUoA7AVRKVkB5AVS/ZIBGAWZFMUA3AXVHAYBXAXk9Y0BlAYU6YYCEAZW0T4CTAbS4OwENAAEBDQIBAAABAAABAgMBB ... (190 characters truncated) ... HAAAHAAAHCAMHBgEHBAAIBP8IBgEIAAAIAAAIAAAICQEIA/8IBQMJAv8JCAEJAAAJAAAJAAAJCgMJAAAJBQEKCwEKAAAKAAAKAAAKAwAKCQMKAAAKAAALAAALAAALAAALAAALCgELCf8LAAALAAA=', 'reason': None, 'iso': True, 'person_uuid': '6a46c033-8d07-40b4-a143-d2d7637eee22', 'last_modified_date': '2022-12-22 16:54:48.825', 'version_iso_20': True, 'recapture': 0, 'archived': 0, 'device_name': 'Neurotec', 'biometric0_.match_person_uuid': None, 'extra': 'null', 'facility_id': 1859, 'template_type': 'Left Thumb', 'id': '1dd37e34-26e3-42a7-b899-61d74e0eae72', 'recapture_message': None, 'count': 6, 'hashed': None, 'last_modified_by': 'ETL', 'created_by': 'ETL', 'replace_date': None, 'image_quality': None, 'created_date': '2022-12-22 16:54:48.825', 'biometric_type': 'FINGERPRINT', 'enrollment_date': '2022-12-22', 'stg_batch_id': '20250523140835', 'stg_load_time': datetime.datetime(2025, 5, 24, 16, 58, 39, 900758), 'stg_file_name': 'biometric_0_20250523140835_decrypted.json', 'stg_datim_id': 'bSGThj4mGr5'}, {'template': 'Rk1SACAyMAAAAAFtAAABQAHgAMUAxQEAAABEC0B7AMgzLoDFAPq3NICLAScuSkC7AUQzVoCfAUukXYCoAVkxZIDXAWEzSEC3AWOiN4CcAYYiO0CGAZKkAUCPAbAdLQENAAEBDQIBAAABAAABAAABA ... (190 characters truncated) ... HCQEHAAAHAAAHAAAHAAAICQAIAAAIAAAIBwIIBAEIBf8IBgEICv8JCAAJAwYJAAAJCgAJCwEJAAAJAAAJB/8KAAAKCwIKAAAKCQAKBgEKAAAKAAAKAAALCf8LCgILAAALAAALAAALAAALAAALAAA=', 'reason': None, 'iso': True, 'person_uuid': 'cfc99524-01c6-48bf-b553-69b79e391772', 'last_modified_date': '2022-12-24 14:06:09.873', 'version_iso_20': True, 'recapture': 0, 'archived': 0, 'device_name': 'Neurotec', 'biometric0_.match_person_uuid': None, 'extra': 'null', 'facility_id': 1859, 'template_type': 'Left Index Finger', 'id': '80d77fa7-9376-47ce-a2f8-286cf475220e', 'recapture_message': None, 'count': 6, 'hashed': None, 'last_modified_by': 'ETL', 'created_by': 'ETL', 'replace_date': None, 'image_quality': None, 'created_date': '2022-12-24 14:06:09.873', 'biometric_type': 'FINGERPRINT', 'enrollment_date': '2022-12-24', 'stg_batch_id': '20250523140835', 'stg_load_time': datetime.datetime(2025, 5, 24, 16, 58, 39, 900758), 'stg_file_name': 'biometric_0_20250523140835_decrypted.json', 'stg_datim_id': 'bSGThj4mGr5'}, {'template': 'Rk1SACAyMAAAAApVAAABQAHgAMUAxQEAAAA+V4CcAAmnOUCmAA2uMUCGAA6pP0C7AA6nMkBtABCbOkBlABOcPUB4ABeoP4BAABwXKkDrABzeMYBuAB+qRkDHAB+2P4BaACKlPkECACbcJYDNACq+P ... (3230 characters truncated) ... TAABTAABTAABTV/9TVAFUTgNUTwJUR/9UUwFUAABUAABUVwJUVgFVAABVAABVAABVAABVAABVTAVVUgNVVgBWAABWAABWAABWVQBWAABWUgNWUARWVwJXUP9XTgZXVAJXU/9XAABXAABXAABXAAA=', 'reason': None, 'iso': True, 'person_uuid': 'a843f456-55df-48bb-a7fe-7e17175a0c9c', 'last_modified_date': '2023-02-16 12:19:01.004', 'version_iso_20': True, 'recapture': 0, 'archived': 0, 'device_name': 'Neurotec', 'biometric0_.match_person_uuid': None, 'extra': 'null', 'facility_id': 1859, 'template_type': 'Right Middle Finger', 'id': '02caf4fd-47bb-4b0b-8565-b8c920bc35cd', 'recapture_message': None, 'count': 6, 'hashed': None, 'last_modified_by': 'ETL', 'created_by': 'ETL', 'replace_date': None, 'image_quality': None, 'created_date': '2023-02-16 12:19:01.004', 'biometric_type': 'FINGERPRINT', 'enrollment_date': '2023-02-16', 'stg_batch_id': '20250523140835', 'stg_load_time': datetime.datetime(2025, 5, 24, 16, 58, 39, 900758), 'stg_file_name': 'biometric_0_20250523140835_decrypted.json', 'stg_datim_id': 'bSGThj4mGr5'}  ... displaying 10 of 3000 total bound parameter sets ...  {'template': 'Rk1SACAyMAAAAAEmAAABQAHgAMUAxQEAAABFLIChAFMQQUDbAFz6NECyAGYGTUB1AG4YRECvAIOTVEEMAIhqLUA0AJIhNoEDAKRyRED6ALJ+UYB6ALgZS0EHAMroSkA/ANIdRkCQAN4YS0BmAPsYT ... (94 characters truncated) ... RRkCZAWOgTUDEAWnHXkCpAXG2QkCkAXuyR0CvAXy+ToDeAYO8XIBwAYUlUoCzAY1CSYDsAZm1WEBoAaeYTUD2Aam5SID1AbmvNoEDAbnMLECjAb8lRUDYAcErSECVAcSTPIDGAcQqT4BuAcsQRAAA', 'reason': None, 'iso': True, 'person_uuid': '3ac49c01-b981-4f0a-a230-a24c1211fc87', 'last_modified_date': '2024-10-03 14:06:07.125', 'version_iso_20': True, 'recapture': 3, 'archived': 0, 'device_name': 'Futronic FS80H #1', 'biometric0_.match_person_uuid': None, 'extra': 'null', 'facility_id': 1859, 'template_type': 'Left Middle Finger', 'id': '092c4cd2-e005-479e-b3fb-197c750e049c', 'recapture_message': None, 'count': 8, 'hashed': '$2a$12$MklNDNgs4Agd50cSasj91O3mlfPJfQ1CDSSPaViELBVAn8TYxe6sO', 'last_modified_by': 'guest@lamisplus.org', 'created_by': 'guest@lamisplus.org', 'replace_date': None, 'image_quality': 69.0, 'created_date': '2024-10-03 14:06:07.125', 'biometric_type': 'FINGERPRINT', 'enrollment_date': '2024-10-03', 'stg_batch_id': '20250523140835', 'stg_load_time': datetime.datetime(2025, 5, 24, 16, 58, 39, 900758), 'stg_file_name': 'biometric_0_20250523140835_decrypted.json', 'stg_datim_id': 'bSGThj4mGr5'}, {'template': 'Rk1SACAyMAAAAAECAAABQAHgAMUAxQEAAAA9JkCSAJAjKUDGAKQXS4DSALYQVkDjALmTU0BZALwmKoDvAMAASUDKAMUTV0D3AMiIQUDeAM8LVoESANh/QEDqANwDV0ETAOH2PYBcAOmdNECXAOkfU ... (46 characters truncated) ... jL4CpAWYcVICKAXkhTkBDAXsnNEDgAYHzWUBpAYMfREE8AYnSSYBuAYsdTICyAY8cU0BSAZSgOIDjAZbNP4DbAaSqTUEGAa7BT0D4Aba5VkEjAb6+T0EGAb9FS4DNAcumPYDdAdCmToDFAdYoNQAA', 'reason': None, 'iso': True, 'person_uuid': '3ac49c01-b981-4f0a-a230-a24c1211fc87', 'last_modified_date': '2024-10-03 14:06:07.125', 'version_iso_20': True, 'recapture': 3, 'archived': 0, 'device_name': 'Futronic FS80H #1', 'biometric0_.match_person_uuid': None, 'extra': 'null', 'facility_id': 1859, 'template_type': 'Left Index Finger', 'id': 'd457f82f-b065-4aaf-9eab-711853eccf01', 'recapture_message': None, 'count': 8, 'hashed': '$2a$12$MklNDNgs4Agd50cSasj91OT9H5ZWkM72oSE..aVnnGDttmY/nXvge', 'last_modified_by': 'guest@lamisplus.org', 'created_by': 'guest@lamisplus.org', 'replace_date': None, 'image_quality': 61.0, 'created_date': '2024-10-03 14:06:07.125', 'biometric_type': 'FINGERPRINT', 'enrollment_date': '2024-10-03', 'stg_batch_id': '20250523140835', 'stg_load_time': datetime.datetime(2025, 5, 24, 16, 58, 39, 900758), 'stg_file_name': 'biometric_0_20250523140835_decrypted.json', 'stg_datim_id': 'bSGThj4mGr5'})]
(Background on this error at: https://sqlalche.me/e/14/f405)]
[2025-05-24 16:58:40,170: INFO: file_loader: Processing file]
[2025-05-24 16:58:40,170: INFO: file_loader: ----------------------------s-------------------------------------------------]
[2025-05-24 16:58:40,170: INFO: file_loader: The file '/home/lamisplus/server/temp/bSGThj4mGr5/biometric_1_20250523140835_decrypted.json' exists.]
[2025-05-24 16:58:40,341: INFO: file_loader: successfully updated start_time, file_name and stg_table in sync_file]
[2025-05-24 16:58:40,342: INFO: file_loader: Processing file]
[2025-05-24 16:58:40,384: INFO: file_loader: biometric_1_20250523140835_decrypted.json yet to be loaded]
[2025-05-24 16:58:40,407: INFO: file_loader: (successfully inserted records into file_ingestion_log]
[2025-05-24 16:58:40,408: INFO: file_loader: biometric_1_20250523140835_decrypted.json logs inserted into file_ingestion_log]
[2025-05-24 16:58:40,408: INFO: file_loader: biometric_1_20250523140835_decrypted.json attempting to load]
[2025-05-24 16:58:40,518: INFO: file_loader: " " successfully replace with NA]
[2025-05-24 16:58:40,646: ERROR: file_loader: An unexpected error occurred: (psycopg2.errors.UndefinedColumn) column "biometric0_.match_person_uuid" of relation "stg_biometric" does not exist
LINE 1: ...version_iso_20, recapture, archived, device_name, "biometric...
                                                             ^

[SQL: INSERT INTO stg_biometric (template, reason, iso, person_uuid, last_modified_date, version_iso_20, recapture, archived, device_name, "biometric0_.match_person_uuid", extra, facility_id, template_type, id, recapture_message, count, hashed, last_modified_by, created_by, replace_date, image_quality, created_date, biometric_type, enrollment_date, stg_batch_id, stg_load_time, stg_file_name, stg_datim_id) VALUES (%(template)s, %(reason)s, %(iso)s, %(person_uuid)s, %(last_modified_date)s, %(version_iso_20)s, %(recapture)s, %(archived)s, %(device_name)s, %(biometric0_.match_person_uuid)s, %(extra)s, %(facility_id)s, %(template_type)s, %(id)s, %(recapture_message)s, %(count)s, %(hashed)s, %(last_modified_by)s, %(created_by)s, %(replace_date)s, %(image_quality)s, %(created_date)s, %(biometric_type)s, %(enrollment_date)s, %(stg_batch_id)s, %(stg_load_time)s, %(stg_file_name)s, %(stg_datim_id)s)]
[parameters: ({'template': 'Rk1SACAyMAAAAADeAAABQAHgAMUAxQEAAABAIECKAIkYPUCcAJAKSEB3AJMeOUCCAJ6iSoDDAKH/SYCzAKKPUEDcAKWBNEDlAKV/KkDOALX+TEBXALilRkCOALsVTUBWANUmS0DlANWBPkB/ANwbU0A7AOwiNkA/APuhNIBpAPscUECnAP8LUUDnAP+CQUCZAQGWUEBhAR0fS4B3ASYYVYBrAU4aT0DJAVGJUIC/AV0DSEDcAWB+S0DNAXj6OIDdAXh9L4CrAXmcRkD1AX90K4C4AYGZNoCuAY0KOwAA', 'reason': None, 'iso': True, 'person_uuid': '3ac49c01-b981-4f0a-a230-a24c1211fc87', 'last_modified_date': '2024-10-03 14:06:07.125', 'version_iso_20': True, 'recapture': 3, 'archived': 0, 'device_name': 'Futronic FS80H #1', 'biometric0_.match_person_uuid': None, 'extra': 'null', 'facility_id': 1859, 'template_type': 'Right Little Finger', 'id': 'dad02e7c-039c-4ec9-8ccf-6235b2f41984', 'recapture_message': None, 'count': 8, 'hashed': '$2a$12$MklNDNgs4Agd50cSasj91Ocp2xZayjHWK/soynd5T.Irv8j2VT8au', 'last_modified_by': 'guest@lamisplus.org', 'created_by': 'guest@lamisplus.org', 'replace_date': None, 'image_quality': 64, 'created_date': '2024-10-03 14:06:07.125', 'biometric_type': 'FINGERPRINT', 'enrollment_date': '2024-10-03', 'stg_batch_id': '20250523140835', 'stg_load_time': datetime.datetime(2025, 5, 24, 16, 58, 40, 475696), 'stg_file_name': 'biometric_1_20250523140835_decrypted.json', 'stg_datim_id': 'bSGThj4mGr5'}, {'template': 'Rk1SACAyMAAAAAEaAAABQAHgAMUAxQEAAAA+KkB1AA2KOUA2AA6bJUDcAA73KoCqABP+OEDxAB7sMYBHACaeRYEOAExpN4AsAF0eNoBEAGGhOkAsAGYdOYBuAG0PU0BSAHCjQ0ArAHIdOkBYAH+oV ... (78 characters truncated) ... TQkAqANg1RUCpANvBSkC2AOHQVIDHAO3TT0DLAPxTSEDkAQ1PVoDwAS5BUEDWAS9XTYDgATBYR4CYATzjWkD7AUSXRkELAUaeMEECAVCSMYCJAVFYV0DvAVchPYBJAWbfMIB8AXhjO0BOAX5rJAAA', 'reason': None, 'iso': True, 'person_uuid': 'a50a77a1-1990-451b-9c30-005338e78fb4', 'last_modified_date': '2024-10-07 12:49:02.066', 'version_iso_20': True, 'recapture': 3, 'archived': 0, 'device_name': 'Futronic FS80H #1', 'biometric0_.match_person_uuid': None, 'extra': 'null', 'facility_id': 1859, 'template_type': 'Right Ring Finger', 'id': '6037e08b-cf0d-44cc-a565-2b1bf8ffdf9e', 'recapture_message': None, 'count': 8, 'hashed': '$2a$12$MklNDNgs4Agd50cSasj91OXdPklC4zmWgMbxC9Q9nKc0rbu6QL.nC', 'last_modified_by': 'guest@lamisplus.org', 'created_by': 'guest@lamisplus.org', 'replace_date': None, 'image_quality': 62, 'created_date': '2024-10-07 12:49:02.033', 'biometric_type': 'FINGERPRINT', 'enrollment_date': '2024-10-07', 'stg_batch_id': '20250523140835', 'stg_load_time': datetime.datetime(2025, 5, 24, 16, 58, 40, 475696), 'stg_file_name': 'biometric_1_20250523140835_decrypted.json', 'stg_datim_id': 'bSGThj4mGr5'}, {'template': 'Rk1SACAyMAAAAAEUAAABQAHgAMUAxQEAAABBKUBcAHkEIUDjAK5pMoC5AL3tToBkAMCJVYChAMF5VUBJAMsJUkBtANP+VkC9AO3oS0CBAPB8WYAWAPunI4BNAQMLUoDpAQZnToA0AQ0ZQ4ChAQ3gV ... (70 characters truncated) ... SRkCTAU1uSUBcAU+5S4B+AVHKSYBHAVS8RkBpAVUVSUDeAVvLV4AiAWBANEBXAWAxTEA2AWo7PUDvAYy5UEEBAZy2PoCkAZ4+RYC3AZ4tTUEIAbekLICjAb0MSoBCAb7gK4DAAcwUQEDXAdAXPgAA', 'reason': None, 'iso': True, 'person_uuid': 'a50a77a1-1990-451b-9c30-005338e78fb4', 'last_modified_date': '2024-10-07 12:49:02.066', 'version_iso_20': True, 'recapture': 3, 'archived': 0, 'device_name': 'Futronic FS80H #1', 'biometric0_.match_person_uuid': None, 'extra': 'null', 'facility_id': 1859, 'template_type': 'Left Index Finger', 'id': 'b7d432e6-6a1a-4c8a-a0bf-4f6d31b94652', 'recapture_message': None, 'count': 8, 'hashed': '$2a$12$MklNDNgs4Agd50cSasj91ODFHs3pURdSxyy6CU1d47xm5RTZqXK8G', 'last_modified_by': 'guest@lamisplus.org', 'created_by': 'guest@lamisplus.org', 'replace_date': None, 'image_quality': 65, 'created_date': '2024-10-07 12:49:02.049', 'biometric_type': 'FINGERPRINT', 'enrollment_date': '2024-10-07', 'stg_batch_id': '20250523140835', 'stg_load_time': datetime.datetime(2025, 5, 24, 16, 58, 40, 475696), 'stg_file_name': 'biometric_1_20250523140835_decrypted.json', 'stg_datim_id': 'bSGThj4mGr5'}, {'template': 'Rk1SACAyMAAAAAEmAAABQAHgAMUAxQEAAABOLECcAH4ISECLAIKRSkBfAIwUP0CyAJWKVkCWAKULUEEJAK1oKoBdAK8SVICJALqPVEDwAMBtRUEPAMZiJ4BSAN0WWoERAPDOVoBbAPUUXICkAQCDV ... (94 characters truncated) ... yREA4AWjeW0BeAW8IT4AdAX5TQUCtAYQhUkBTAYxnVYB1AY9+TEBEAZBmVUAdAZRkNYDoAZYiP0B1AZgLQECDAZwMSUCpAaMTRUDfAaUROYDOAakSN4DHAa0QNIBHAbHvL4C2AbIHOUCYAbn+PQAA', 'reason': None, 'iso': True, 'person_uuid': 'a50a77a1-1990-451b-9c30-005338e78fb4', 'last_modified_date': '2024-10-07 12:49:02.066', 'version_iso_20': True, 'recapture': 3, 'archived': 0, 'device_name': 'Futronic FS80H #1', 'biometric0_.match_person_uuid': None, 'extra': 'null', 'facility_id': 1859, 'template_type': 'Left Ring Finger', 'id': '51ab5328-60f8-4f72-9e07-87a2ab7fa03a', 'recapture_message': None, 'count': 8, 'hashed': '$2a$12$MklNDNgs4Agd50cSasj91OfReuRKN5MMGwgSACLAR2CsA39ji0Zvy', 'last_modified_by': 'guest@lamisplus.org', 'created_by': 'guest@lamisplus.org', 'replace_date': None, 'image_quality': 78, 'created_date': '2024-10-07 12:49:02.05', 'biometric_type': 'FINGERPRINT', 'enrollment_date': '2024-10-07', 'stg_batch_id': '20250523140835', 'stg_load_time': datetime.datetime(2025, 5, 24, 16, 58, 40, 475696), 'stg_file_name': 'biometric_1_20250523140835_decrypted.json', 'stg_datim_id': 'bSGThj4mGr5'}, {'template': 'Rk1SACAyMAAAAAFKAAABQAHgAMUAxQEAAABFMoClAGb+PYBcAHMUPUCqAHiCTYBQAIKaP4ByAIYNVIEFAJJmKUClAKWDVoBbALQWW0DaAMvcWYCHAN8EWUATAOErJ0BIAOKrVYBWAOghVYBhAO+tW ... (142 characters truncated) ... wUkDcAUKtSICVAUSiVkAxAUe6OYBXAUgRR4BBAVQYLEAxAV0jI0BIAWaNQ0CWAXAhTEAuAXISLECwAXshP4BDAX0HN0B7AX2MQEBGAY7zIEBaAZb5FoBqAZj/H0B4AZgDJEB4AaX4LUBkAahiLAAA', 'reason': None, 'iso': True, 'person_uuid': 'a50a77a1-1990-451b-9c30-005338e78fb4', 'last_modified_date': '2024-10-07 12:49:02.066', 'version_iso_20': True, 'recapture': 3, 'archived': 0, 'device_name': 'Futronic FS80H #1', 'biometric0_.match_person_uuid': None, 'extra': 'null', 'facility_id': 1859, 'template_type': 'Left Little Finger', 'id': '616aeb64-29d8-4d13-b862-d3e5e58c7fb7', 'recapture_message': None, 'count': 8, 'hashed': '$2a$12$MklNDNgs4Agd50cSasj91OxpstvOGFNemscJlKyTxtAWl.0dwG9KG', 'last_modified_by': 'guest@lamisplus.org', 'created_by': 'guest@lamisplus.org', 'replace_date': None, 'image_quality': 69, 'created_date': '2024-10-07 12:49:02.05', 'biometric_type': 'FINGERPRINT', 'enrollment_date': '2024-10-07', 'stg_batch_id': '20250523140835', 'stg_load_time': datetime.datetime(2025, 5, 24, 16, 58, 40, 475696), 'stg_file_name': 'biometric_1_20250523140835_decrypted.json', 'stg_datim_id': 'bSGThj4mGr5'}, {'template': 'Rk1SACAyMAAAAAEUAAABQAHgAMUAxQEAAABKKYCVALEITkDiALz3SoD6AL93RoDvANP2UUEJANd1R0C5AN37U0DSAN95TkDKAOt9U0CzAPT/PUBGAPatNICAARKxWUBbARe3U0DcASvdVUC5AS2+S ... (70 characters truncated) ... JQ0CpAWDbV0C/AWRUPEDyAW1aV0ClAXbfV4EWAXdSUkDvAX5fWIExAYBWOkEcAYhjSEDQAYpgTUC4AYtbV0EAAZhvSkBgAa3nOICKAbFmRoCrAbNoTUD0Abx3MkB0AcLsNEDxAcn7IEC5Acx0NAAA', 'reason': None, 'iso': True, 'person_uuid': 'a50a77a1-1990-451b-9c30-005338e78fb4', 'last_modified_date': '2024-10-07 12:49:02.066', 'version_iso_20': True, 'recapture': 3, 'archived': 0, 'device_name': 'Futronic FS80H #1', 'biometric0_.match_person_uuid': None, 'extra': 'null', 'facility_id': 1859, 'template_type': 'Right Little Finger', 'id': 'c0c9470c-0422-4eac-a564-34aa14c7f8ea', 'recapture_message': None, 'count': 8, 'hashed': '$2a$12$MklNDNgs4Agd50cSasj91O7kuo2s1Q8qVi8NYnezFghmrSYWr76/S', 'last_modified_by': 'guest@lamisplus.org', 'created_by': 'guest@lamisplus.org', 'replace_date': None, 'image_quality': 74, 'created_date': '2024-10-07 12:49:02.05', 'biometric_type': 'FINGERPRINT', 'enrollment_date': '2024-10-07', 'stg_batch_id': '20250523140835', 'stg_load_time': datetime.datetime(2025, 5, 24, 16, 58, 40, 475696), 'stg_file_name': 'biometric_1_20250523140835_decrypted.json', 'stg_datim_id': 'bSGThj4mGr5'}, {'template': 'Rk1SACAyMAAAAAEOAAABQAHgAMUAxQEAAABHKICDAHAaRkCCAJmiUkBdAJojT4CVAKAZWUA3AKMoNICsAL0PWUAmANgvNUAyAOKxQUEJAOPhQYD3AORuUEC3AOcJQkDMAOuQRUDrAP/ZVEEDAQPRS ... (62 characters truncated) ... YS0DfASVlTYDMASe+SUAsAS29MUCIAUpCV4DpAVM5VoDcAWhMVEDqAW04RoEvAXS5MUC4AXnlW0A8AYLUOkEVAY2YOoDqAZZ0WECTAapfVIBtAatbS4D/AbKPKEDRAbV3SUDqAbeCNICDAbptQQAA', 'reason': None, 'iso': True, 'person_uuid': 'a50a77a1-1990-451b-9c30-005338e78fb4', 'last_modified_date': '2024-10-07 12:49:02.066', 'version_iso_20': True, 'recapture': 3, 'archived': 0, 'device_name': 'Futronic FS80H #1', 'biometric0_.match_person_uuid': None, 'extra': 'null', 'facility_id': 1859, 'template_type': 'Left Middle Finger', 'id': 'd4d96a09-03bf-48c3-857a-7cd0ed694450', 'recapture_message': None, 'count': 8, 'hashed': '$2a$12$MklNDNgs4Agd50cSasj91O04NbUxPjp/6571KBam8S7BSIVEk0QuG', 'last_modified_by': 'guest@lamisplus.org', 'created_by': 'guest@lamisplus.org', 'replace_date': None, 'image_quality': 71, 'created_date': '2024-10-07 12:49:02.05', 'biometric_type': 'FINGERPRINT', 'enrollment_date': '2024-10-07', 'stg_batch_id': '20250523140835', 'stg_load_time': datetime.datetime(2025, 5, 24, 16, 58, 40, 475696), 'stg_file_name': 'biometric_1_20250523140835_decrypted.json', 'stg_datim_id': 'bSGThj4mGr5'}, {'template': 'Rk1SACAyMAAAAAFiAAABQAHgAMUAxQEAAABCNkDTAIuGNkC+AI4HPEEJAKP2KoDWAKaFLYDLAKcCLICWAMEKSUBuANCSPoDgANP3WYEqARHeNoDhARfwWIEJARdrVUEdAR7fPoCBASAPR0AYASMgJ ... (174 characters truncated) ... 0QUBeAZEpUUC4AZQ5QoEGAZuyWECmAZwzSYAkAZ00T0B3AaAuSUCSAaMvVYErAaW9NkCDAaYxUUEMAa2xR0BmAbPVVkD+AbYyRkEhAbe9LoCJAbksSYEBAcCrR4AoAcZLOoCFAdtmUEDTAd2cPQAA', 'reason': None, 'iso': True, 'person_uuid': 'a50a77a1-1990-451b-9c30-005338e78fb4', 'last_modified_date': '2024-10-07 12:49:02.066', 'version_iso_20': True, 'recapture': 3, 'archived': 0, 'device_name': 'Futronic FS80H #1', 'biometric0_.match_person_uuid': None, 'extra': 'null', 'facility_id': 1859, 'template_type': 'Left Thumb', 'id': 'a9a6c618-38e9-4b30-bd9c-ed98234a203b', 'recapture_message': None, 'count': 8, 'hashed': '$2a$12$MklNDNgs4Agd50cSasj91O03B6a0ZTaZVMhBdGKEg6alGEGAk/u0a', 'last_modified_by': 'guest@lamisplus.org', 'created_by': 'guest@lamisplus.org', 'replace_date': None, 'image_quality': 66, 'created_date': '2024-10-07 12:49:02.05', 'biometric_type': 'FINGERPRINT', 'enrollment_date': '2024-10-07', 'stg_batch_id': '20250523140835', 'stg_load_time': datetime.datetime(2025, 5, 24, 16, 58, 40, 475696), 'stg_file_name': 'biometric_1_20250523140835_decrypted.json', 'stg_datim_id': 'bSGThj4mGr5'}  ... displaying 10 of 1293 total bound parameter sets ...  {'template': 'Rk1SACAyMAAAAAGMAAABLAGQAMUAxQEAARBRPUBRABp4AIDFAC5rAEBbAEV9AIA8AEgAAECNAEhsAEBEAFGGAEDNAFLoAIDmAFNrAECnAHJnAEByAHZ4AECwAJNsAEDmAJTgAECzAJjoAEAPAKasA ... (770 characters truncated) ... AAAAAAAAAAAAAAAAAAAAAAAAAAAAAAAAAAAAAAAAAAAAAAAAAAAAAAAAAAAAAAAAAAAAAAAAAAAAAAAAAAAAAAAAAAAAAAAAAAAAAAAAAAAAAAAAAAAAAAAAAAAAAAAAAAAAAAAAAAAAAAAAAAAA=', 'reason': None, 'iso': True, 'person_uuid': 'ef5acdf7-0bba-4be0-84dd-bc92c54ea803', 'last_modified_date': '2025-01-16 18:22:25.627', 'version_iso_20': True, 'recapture': 4, 'archived': 0, 'device_name': 'Secugen Mobile', 'biometric0_.match_person_uuid': None, 'extra': 'null', 'facility_id': 1859, 'template_type': 'Right Thumb Finger', 'id': '5d6a3326-0d8f-4e4b-869b-f6c793906c48', 'recapture_message': None, 'count': 10, 'hashed': '$2a$12$MklNDNgs4Agd50cSasj91OUCfZm5cqDI.4520m0UUMJAwJTnZ5O7y', 'last_modified_by': 'guest@lamisplus.org', 'created_by': 'guest@lamisplus.org', 'replace_date': None, 'image_quality': 81, 'created_date': '2025-01-16 18:22:25.542', 'biometric_type': 'FINGERPRINT', 'enrollment_date': '2025-01-09', 'stg_batch_id': '20250523140835', 'stg_load_time': datetime.datetime(2025, 5, 24, 16, 58, 40, 475696), 'stg_file_name': 'biometric_1_20250523140835_decrypted.json', 'stg_datim_id': 'bSGThj4mGr5'}, {'template': 'Rk1SACAyMAAAAAFuAAABLAGQAMUAxQEAARBJOECUABiKAIB4ABoaAECDAB0NAIC1ACf4AICfACn4AECYADONAIC1AD57AICbAE8HAEBiAGqoAEByAG24AEBtAG6uAECWAHYVAIB7AHg1AIBIAHqoA ... (770 characters truncated) ... AAAAAAAAAAAAAAAAAAAAAAAAAAAAAAAAAAAAAAAAAAAAAAAAAAAAAAAAAAAAAAAAAAAAAAAAAAAAAAAAAAAAAAAAAAAAAAAAAAAAAAAAAAAAAAAAAAAAAAAAAAAAAAAAAAAAAAAAAAAAAAAAAAAA=', 'reason': None, 'iso': True, 'person_uuid': 'ef5acdf7-0bba-4be0-84dd-bc92c54ea803', 'last_modified_date': '2025-01-16 18:22:25.627', 'version_iso_20': True, 'recapture': 4, 'archived': 0, 'device_name': 'Secugen Mobile', 'biometric0_.match_person_uuid': None, 'extra': 'null', 'facility_id': 1859, 'template_type': 'Right Index Finger', 'id': '4d9d6195-96f3-4d8e-9ee3-624a4da5f931', 'recapture_message': None, 'count': 10, 'hashed': '$2a$12$MklNDNgs4Agd50cSasj91O5rPSVZCHivyT/s9uJSIMib5cXPiWLvG', 'last_modified_by': 'guest@lamisplus.org', 'created_by': 'guest@lamisplus.org', 'replace_date': None, 'image_quality': 73, 'created_date': '2025-01-16 18:22:25.543', 'biometric_type': 'FINGERPRINT', 'enrollment_date': '2025-01-09', 'stg_batch_id': '20250523140835', 'stg_load_time': datetime.datetime(2025, 5, 24, 16, 58, 40, 475696), 'stg_file_name': 'biometric_1_20250523140835_decrypted.json', 'stg_datim_id': 'bSGThj4mGr5'})]
(Background on this error at: https://sqlalche.me/e/14/f405)]
[2025-05-24 16:58:40,646: INFO: file_loader: json files successfully processed]
[2025-05-24 17:02:00,022: INFO: file_loader: Processing file]
[2025-05-24 17:02:00,023: INFO: file_loader: ----------------------------s-------------------------------------------------]
[2025-05-24 17:02:00,023: INFO: file_loader: The file '/home/lamisplus/server/temp/WyCV2IF8nVP/hiv_enrollment_0_20250523141048_decrypted.json' exists.]
[2025-05-24 17:02:00,193: INFO: file_loader: successfully updated start_time, file_name and stg_table in sync_file]
[2025-05-24 17:02:00,193: INFO: file_loader: Processing file]
[2025-05-24 17:02:00,240: INFO: file_loader: hiv_enrollment_0_20250523141048_decrypted.json previously failed to load]
[2025-05-24 17:02:00,240: INFO: file_loader: hiv_enrollment_0_20250523141048_decrypted.json attempting to reload]
[2025-05-24 17:02:00,434: INFO: file_loader: " " successfully replace with NA]
[2025-05-24 17:02:00,653: ERROR: file_loader: An unexpected error occurred: (psycopg2.errors.UndefinedColumn) column "target_group_id_original" of relation "stg_hiv_enrollment" does not exist
LINE 1: ...dified_by, status_at_registration_id, created_by, target_gro...
                                                             ^

[SQL: INSERT INTO stg_hiv_enrollment (date_referred_from_ovcpartner, person_uuid, latitude, last_modified_date, time_hiv_diagnosis, source, date_enrolled_pmtct, ovc_number, house_hold_number, uuid, pregnancy_status_id, lip_name, entry_point_id, tb_status_id, archived, date_confirmed_hiv, enrollment_setting_id, date_of_lpm, target_group_id, facility_id, id, source_of_referrer_id, date_referred_to_ovcpartner, send_message, pregnant, longitude, unique_id, referred_from_ovcpartner, last_modified_by, status_at_registration_id, created_by, target_group_id_original, facility_name, care_entry_point_other, created_date, breastfeeding, date_of_registration, visit_id, date_started, referred_to_ovcpartner, stg_batch_id, stg_load_time, stg_file_name, stg_datim_id) VALUES (%(date_referred_from_ovcpartner)s, %(person_uuid)s, %(latitude)s, %(last_modified_date)s, %(time_hiv_diagnosis)s, %(source)s, %(date_enrolled_pmtct)s, %(ovc_number)s, %(house_hold_number)s, %(uuid)s, %(pregnancy_status_id)s, %(lip_name)s, %(entry_point_id)s, %(tb_status_id)s, %(archived)s, %(date_confirmed_hiv)s, %(enrollment_setting_id)s, %(date_of_lpm)s, %(target_group_id)s, %(facility_id)s, %(id)s, %(source_of_referrer_id)s, %(date_referred_to_ovcpartner)s, %(send_message)s, %(pregnant)s, %(longitude)s, %(unique_id)s, %(referred_from_ovcpartner)s, %(last_modified_by)s, %(status_at_registration_id)s, %(created_by)s, %(target_group_id_original)s, %(facility_name)s, %(care_entry_point_other)s, %(created_date)s, %(breastfeeding)s, %(date_of_registration)s, %(visit_id)s, %(date_started)s, %(referred_to_ovcpartner)s, %(stg_batch_id)s, %(stg_load_time)s, %(stg_file_name)s, %(stg_datim_id)s)]
[parameters: ({'date_referred_from_ovcpartner': None, 'person_uuid': '22359d66-dea7-4d20-a6a6-243143c4fa99', 'latitude': None, 'last_modified_date': '2021-07-13 15:45:32.965', 'time_hiv_diagnosis': '2021-07-07 00:00:00.0', 'source': None, 'date_enrolled_pmtct': None, 'ovc_number': None, 'house_hold_number': None, 'uuid': '2edc0b9a-7a75-4d1a-96b9-49dae7c27807', 'pregnancy_status_id': 72.0, 'lip_name': None, 'entry_point_id': None, 'tb_status_id': 67.0, 'archived': 0, 'date_confirmed_hiv': '2021-07-07', 'enrollment_setting_id': 869, 'date_of_lpm': None, 'target_group_id': None, 'facility_id': 1441, 'id': 1, 'source_of_referrer_id': 43.0, 'date_referred_to_ovcpartner': None, 'send_message': None, 'pregnant': False, 'longitude': None, 'unique_id': 'HALG/25/11/511/001670', 'referred_from_ovcpartner': None, 'last_modified_by': 'ETL', 'status_at_registration_id': 444.0, 'created_by': 'ETL', 'target_group_id_original': 151, 'facility_name': 'Badagry KP One Stop Shop', 'care_entry_point_other': None, 'created_date': '2021-07-13 15:45:32.965', 'breastfeeding': False, 'date_of_registration': '2021-07-07', 'visit_id': 'b7f46e41-cb57-46b3-85f0-4de417a5b4d7', 'date_started': '2021-07-07', 'referred_to_ovcpartner': None, 'stg_batch_id': '20250523141048', 'stg_load_time': datetime.datetime(2025, 5, 24, 17, 2, 0, 309928), 'stg_file_name': 'hiv_enrollment_0_20250523141048_decrypted.json', 'stg_datim_id': 'WyCV2IF8nVP'}, {'date_referred_from_ovcpartner': None, 'person_uuid': '6b82d9c2-ac4a-4747-aefb-1e5b7fe092ae', 'latitude': None, 'last_modified_date': '2021-04-27 12:03:20.156', 'time_hiv_diagnosis': '2021-04-19 00:00:00.0', 'source': None, 'date_enrolled_pmtct': None, 'ovc_number': None, 'house_hold_number': None, 'uuid': '09980403-45f6-4826-a990-6129a4bb9bc3', 'pregnancy_status_id': 72.0, 'lip_name': None, 'entry_point_id': None, 'tb_status_id': 67.0, 'archived': 0, 'date_confirmed_hiv': '2021-04-19', 'enrollment_setting_id': 869, 'date_of_lpm': None, 'target_group_id': None, 'facility_id': 1441, 'id': 2, 'source_of_referrer_id': None, 'date_referred_to_ovcpartner': None, 'send_message': None, 'pregnant': False, 'longitude': None, 'unique_id': 'HALG/25/11/511/001415', 'referred_from_ovcpartner': None, 'last_modified_by': 'ETL', 'status_at_registration_id': 444.0, 'created_by': 'ETL', 'target_group_id_original': 151, 'facility_name': 'Badagry KP One Stop Shop', 'care_entry_point_other': None, 'created_date': '2021-04-27 12:03:20.156', 'breastfeeding': False, 'date_of_registration': '2021-04-19', 'visit_id': '01a61fc9-c655-432f-be90-995960a57224', 'date_started': '2021-04-19', 'referred_to_ovcpartner': None, 'stg_batch_id': '20250523141048', 'stg_load_time': datetime.datetime(2025, 5, 24, 17, 2, 0, 309928), 'stg_file_name': 'hiv_enrollment_0_20250523141048_decrypted.json', 'stg_datim_id': 'WyCV2IF8nVP'}, {'date_referred_from_ovcpartner': None, 'person_uuid': 'd87a2c52-6218-496b-8cc5-6754f2bc86a8', 'latitude': None, 'last_modified_date': '2022-04-05 12:26:30.02', 'time_hiv_diagnosis': '2022-03-15 00:00:00.0', 'source': None, 'date_enrolled_pmtct': '2022-03-15', 'ovc_number': None, 'house_hold_number': None, 'uuid': 'd907d6df-85f2-4779-8439-d54a1cfe8f60', 'pregnancy_status_id': 72.0, 'lip_name': None, 'entry_point_id': None, 'tb_status_id': 67.0, 'archived': 0, 'date_confirmed_hiv': '2022-03-15', 'enrollment_setting_id': 869, 'date_of_lpm': None, 'target_group_id': None, 'facility_id': 1441, 'id': 3, 'source_of_referrer_id': 43.0, 'date_referred_to_ovcpartner': None, 'send_message': None, 'pregnant': False, 'longitude': None, 'unique_id': 'HALG/25/11/511/002530', 'referred_from_ovcpartner': None, 'last_modified_by': 'ETL', 'status_at_registration_id': 444.0, 'created_by': 'ETL', 'target_group_id_original': 151, 'facility_name': 'Badagry KP One Stop Shop', 'care_entry_point_other': None, 'created_date': '2022-04-05 12:26:30.02', 'breastfeeding': False, 'date_of_registration': '2022-03-15', 'visit_id': '55858cec-b069-4e01-b6be-5fd6cfe465d8', 'date_started': '2022-03-15', 'referred_to_ovcpartner': None, 'stg_batch_id': '20250523141048', 'stg_load_time': datetime.datetime(2025, 5, 24, 17, 2, 0, 309928), 'stg_file_name': 'hiv_enrollment_0_20250523141048_decrypted.json', 'stg_datim_id': 'WyCV2IF8nVP'}, {'date_referred_from_ovcpartner': None, 'person_uuid': '3915ac89-ac5e-4080-a359-04f5716f594f', 'latitude': None, 'last_modified_date': '2021-03-02 13:21:40.753', 'time_hiv_diagnosis': '2020-08-25 00:00:00.0', 'source': None, 'date_enrolled_pmtct': None, 'ovc_number': None, 'house_hold_number': None, 'uuid': 'd90f055f-68fc-4b04-9b36-57102487188c', 'pregnancy_status_id': 72.0, 'lip_name': None, 'entry_point_id': None, 'tb_status_id': 67.0, 'archived': 0, 'date_confirmed_hiv': '2020-08-25', 'enrollment_setting_id': 869, 'date_of_lpm': None, 'target_group_id': None, 'facility_id': 1441, 'id': 4, 'source_of_referrer_id': 43.0, 'date_referred_to_ovcpartner': None, 'send_message': False, 'pregnant': False, 'longitude': None, 'unique_id': 'HALG/25/11/511/000882', 'referred_from_ovcpartner': None, 'last_modified_by': 'ETL', 'status_at_registration_id': 444.0, 'created_by': 'ETL', 'target_group_id_original': 150, 'facility_name': 'Badagry KP One Stop Shop', 'care_entry_point_other': None, 'created_date': '2021-03-02 13:21:40.753', 'breastfeeding': False, 'date_of_registration': '2020-08-25', 'visit_id': 'e4d403fe-47b5-49ad-b49a-474d78098acb', 'date_started': '2020-08-25', 'referred_to_ovcpartner': None, 'stg_batch_id': '20250523141048', 'stg_load_time': datetime.datetime(2025, 5, 24, 17, 2, 0, 309928), 'stg_file_name': 'hiv_enrollment_0_20250523141048_decrypted.json', 'stg_datim_id': 'WyCV2IF8nVP'}, {'date_referred_from_ovcpartner': None, 'person_uuid': '879ab07b-eac5-4e0a-af90-72775e6d2731', 'latitude': None, 'last_modified_date': '2021-04-20 14:05:06.494', 'time_hiv_diagnosis': '2021-04-06 00:00:00.0', 'source': None, 'date_enrolled_pmtct': None, 'ovc_number': None, 'house_hold_number': None, 'uuid': 'cb21652a-a12d-45a0-888f-ecb446d1bcbc', 'pregnancy_status_id': 72.0, 'lip_name': None, 'entry_point_id': 484.0, 'tb_status_id': 67.0, 'archived': 0, 'date_confirmed_hiv': '2021-04-06', 'enrollment_setting_id': 869, 'date_of_lpm': None, 'target_group_id': None, 'facility_id': 1441, 'id': 6, 'source_of_referrer_id': None, 'date_referred_to_ovcpartner': None, 'send_message': None, 'pregnant': False, 'longitude': None, 'unique_id': 'HALG/25/11/511/001359', 'referred_from_ovcpartner': None, 'last_modified_by': 'ETL', 'status_at_registration_id': 444.0, 'created_by': 'ETL', 'target_group_id_original': 153, 'facility_name': 'Badagry KP One Stop Shop', 'care_entry_point_other': None, 'created_date': '2021-04-20 14:05:06.494', 'breastfeeding': False, 'date_of_registration': '2021-04-06', 'visit_id': 'd6cf32bb-a69d-422a-bc86-402e311efbae', 'date_started': '2021-04-06', 'referred_to_ovcpartner': None, 'stg_batch_id': '20250523141048', 'stg_load_time': datetime.datetime(2025, 5, 24, 17, 2, 0, 309928), 'stg_file_name': 'hiv_enrollment_0_20250523141048_decrypted.json', 'stg_datim_id': 'WyCV2IF8nVP'}, {'date_referred_from_ovcpartner': None, 'person_uuid': 'df28e071-e7e1-4a45-8b8b-b8812987571f', 'latitude': None, 'last_modified_date': '2021-07-22 10:38:59.924', 'time_hiv_diagnosis': '2019-11-22 00:00:00.0', 'source': None, 'date_enrolled_pmtct': None, 'ovc_number': None, 'house_hold_number': None, 'uuid': 'ba36a714-7849-42e2-a8a8-4c76bef3dc97', 'pregnancy_status_id': 72.0, 'lip_name': None, 'entry_point_id': None, 'tb_status_id': 67.0, 'archived': 0, 'date_confirmed_hiv': '2019-11-22', 'enrollment_setting_id': 869, 'date_of_lpm': None, 'target_group_id': None, 'facility_id': 1441, 'id': 7, 'source_of_referrer_id': 1015.0, 'date_referred_to_ovcpartner': None, 'send_message': False, 'pregnant': False, 'longitude': None, 'unique_id': 'HALG/25/11/511/000240', 'referred_from_ovcpartner': None, 'last_modified_by': 'ETL', 'status_at_registration_id': 444.0, 'created_by': 'ETL', 'target_group_id_original': 150, 'facility_name': 'Badagry KP One Stop Shop', 'care_entry_point_other': None, 'created_date': '2021-07-22 10:38:59.924', 'breastfeeding': False, 'date_of_registration': '2019-11-22', 'visit_id': '1af20071-3491-4651-bb1e-7e048040520a', 'date_started': '2019-11-22', 'referred_to_ovcpartner': None, 'stg_batch_id': '20250523141048', 'stg_load_time': datetime.datetime(2025, 5, 24, 17, 2, 0, 309928), 'stg_file_name': 'hiv_enrollment_0_20250523141048_decrypted.json', 'stg_datim_id': 'WyCV2IF8nVP'}, {'date_referred_from_ovcpartner': None, 'person_uuid': '84a3bd49-7e86-4627-8f08-2f53eac62184', 'latitude': None, 'last_modified_date': '2023-03-02 10:39:20.394', 'time_hiv_diagnosis': '2023-02-06 00:00:00.0', 'source': None, 'date_enrolled_pmtct': None, 'ovc_number': None, 'house_hold_number': None, 'uuid': '4d53409a-702f-483d-83af-dc648262f1d7', 'pregnancy_status_id': 72.0, 'lip_name': None, 'entry_point_id': 484.0, 'tb_status_id': 67.0, 'archived': 0, 'date_confirmed_hiv': '2023-02-06', 'enrollment_setting_id': 869, 'date_of_lpm': None, 'target_group_id': None, 'facility_id': 1441, 'id': 8, 'source_of_referrer_id': 43.0, 'date_referred_to_ovcpartner': None, 'send_message': None, 'pregnant': False, 'longitude': None, 'unique_id': 'HALG/25/11/511/004519', 'referred_from_ovcpartner': None, 'last_modified_by': 'ETL', 'status_at_registration_id': 444.0, 'created_by': 'ETL', 'target_group_id_original': 153, 'facility_name': 'Badagry KP One Stop Shop', 'care_entry_point_other': None, 'created_date': '2023-03-02 10:39:20.394', 'breastfeeding': False, 'date_of_registration': '2023-02-06', 'visit_id': 'cb3cdebe-5d53-4dc1-9109-6173ecdb3593', 'date_started': '2023-02-06', 'referred_to_ovcpartner': None, 'stg_batch_id': '20250523141048', 'stg_load_time': datetime.datetime(2025, 5, 24, 17, 2, 0, 309928), 'stg_file_name': 'hiv_enrollment_0_20250523141048_decrypted.json', 'stg_datim_id': 'WyCV2IF8nVP'}, {'date_referred_from_ovcpartner': None, 'person_uuid': '801a9184-8345-41cd-b1fc-f77a6e80d9af', 'latitude': None, 'last_modified_date': '2021-06-11 14:24:08.935', 'time_hiv_diagnosis': '2021-06-07 00:00:00.0', 'source': None, 'date_enrolled_pmtct': None, 'ovc_number': None, 'house_hold_number': None, 'uuid': '7e9147e3-be2a-4f0a-829a-13959568d1be', 'pregnancy_status_id': 72.0, 'lip_name': None, 'entry_point_id': None, 'tb_status_id': 67.0, 'archived': 0, 'date_confirmed_hiv': '2021-06-07', 'enrollment_setting_id': 869, 'date_of_lpm': None, 'target_group_id': None, 'facility_id': 1441, 'id': 9, 'source_of_referrer_id': 43.0, 'date_referred_to_ovcpartner': None, 'send_message': None, 'pregnant': False, 'longitude': None, 'unique_id': 'HALG/25/11/511/001536', 'referred_from_ovcpartner': None, 'last_modified_by': 'ETL', 'status_at_registration_id': 444.0, 'created_by': 'ETL', 'target_group_id_original': 151, 'facility_name': 'Badagry KP One Stop Shop', 'care_entry_point_other': None, 'created_date': '2021-06-11 14:24:08.935', 'breastfeeding': False, 'date_of_registration': '2021-06-07', 'visit_id': '529c1bb7-0cfa-46c3-a2f9-a81e15f9bd91', 'date_started': '2021-06-07', 'referred_to_ovcpartner': None, 'stg_batch_id': '20250523141048', 'stg_load_time': datetime.datetime(2025, 5, 24, 17, 2, 0, 309928), 'stg_file_name': 'hiv_enrollment_0_20250523141048_decrypted.json', 'stg_datim_id': 'WyCV2IF8nVP'}  ... displaying 10 of 3000 total bound parameter sets ...  {'date_referred_from_ovcpartner': None, 'person_uuid': '95a3ee17-361d-41eb-b693-f4f5a6c0c23a', 'latitude': None, 'last_modified_date': '2024-08-21 14:40:51.25', 'time_hiv_diagnosis': '2022-05-16 00:00:00.0', 'source': None, 'date_enrolled_pmtct': None, 'ovc_number': None, 'house_hold_number': None, 'uuid': 'ca500242-c12b-4e66-b2b7-3e46306aca6c', 'pregnancy_status_id': 72.0, 'lip_name': None, 'entry_point_id': 17.0, 'tb_status_id': 67.0, 'archived': 0, 'date_confirmed_hiv': '2022-05-16', 'enrollment_setting_id': 52, 'date_of_lpm': None, 'target_group_id': None, 'facility_id': 1441, 'id': 5, 'source_of_referrer_id': 1015.0, 'date_referred_to_ovcpartner': None, 'send_message': None, 'pregnant': False, 'longitude': None, 'unique_id': 'HALG/25/11/511/003239', 'referred_from_ovcpartner': None, 'last_modified_by': 'obamidele@heartlandalliancenigeria.org', 'status_at_registration_id': 54.0, 'created_by': 'ETL', 'target_group_id_original': 151, 'facility_name': None, 'care_entry_point_other': None, 'created_date': '2022-05-19 12:13:37.62', 'breastfeeding': False, 'date_of_registration': '2022-05-16', 'visit_id': '9cd31acd-bec8-446c-826f-fb6a29cdd120', 'date_started': '2022-05-16', 'referred_to_ovcpartner': None, 'stg_batch_id': '20250523141048', 'stg_load_time': datetime.datetime(2025, 5, 24, 17, 2, 0, 309928), 'stg_file_name': 'hiv_enrollment_0_20250523141048_decrypted.json', 'stg_datim_id': 'WyCV2IF8nVP'}, {'date_referred_from_ovcpartner': None, 'person_uuid': '97b1f150-1412-4a12-b6ac-9415db4b949e', 'latitude': None, 'last_modified_date': '2024-08-21 14:48:13.364', 'time_hiv_diagnosis': '2023-04-17 00:00:00.0', 'source': None, 'date_enrolled_pmtct': None, 'ovc_number': None, 'house_hold_number': None, 'uuid': 'cf55af01-e06c-4494-8d8c-0c5d013a9cf5', 'pregnancy_status_id': 72.0, 'lip_name': None, 'entry_point_id': 17.0, 'tb_status_id': 67.0, 'archived': 0, 'date_confirmed_hiv': '2023-04-17', 'enrollment_setting_id': 52, 'date_of_lpm': None, 'target_group_id': None, 'facility_id': 1441, 'id': 501, 'source_of_referrer_id': 43.0, 'date_referred_to_ovcpartner': None, 'send_message': None, 'pregnant': False, 'longitude': None, 'unique_id': 'HALG/25/11/511/004705', 'referred_from_ovcpartner': None, 'last_modified_by': 'obamidele@heartlandalliancenigeria.org', 'status_at_registration_id': 54.0, 'created_by': 'ETL', 'target_group_id_original': 151, 'facility_name': None, 'care_entry_point_other': None, 'created_date': '2023-04-20 10:22:49.979', 'breastfeeding': False, 'date_of_registration': '2023-04-17', 'visit_id': '6ebe9a07-aa63-473c-97a1-b64064bf1285', 'date_started': '2023-04-17', 'referred_to_ovcpartner': None, 'stg_batch_id': '20250523141048', 'stg_load_time': datetime.datetime(2025, 5, 24, 17, 2, 0, 309928), 'stg_file_name': 'hiv_enrollment_0_20250523141048_decrypted.json', 'stg_datim_id': 'WyCV2IF8nVP'})]
(Background on this error at: https://sqlalche.me/e/14/f405)]
[2025-05-24 17:02:00,654: INFO: file_loader: Processing file]
[2025-05-24 17:02:00,654: INFO: file_loader: ----------------------------s-------------------------------------------------]
[2025-05-24 17:02:00,654: INFO: file_loader: The file '/home/lamisplus/server/temp/bSGThj4mGr5/biometric_0_20250523140835_decrypted.json' exists.]
[2025-05-24 17:02:00,869: INFO: file_loader: successfully updated start_time, file_name and stg_table in sync_file]
[2025-05-24 17:02:00,870: INFO: file_loader: Processing file]
[2025-05-24 17:02:00,923: INFO: file_loader: biometric_0_20250523140835_decrypted.json yet to be loaded]
[2025-05-24 17:02:00,946: INFO: file_loader: (successfully inserted records into file_ingestion_log]
[2025-05-24 17:02:00,947: INFO: file_loader: biometric_0_20250523140835_decrypted.json logs inserted into file_ingestion_log]
[2025-05-24 17:02:00,947: INFO: file_loader: biometric_0_20250523140835_decrypted.json attempting to load]
[2025-05-24 17:02:01,098: INFO: file_loader: " " successfully replace with NA]
[2025-05-24 17:02:01,273: ERROR: file_loader: An unexpected error occurred: (psycopg2.errors.UndefinedColumn) column "biometric0_.match_person_uuid" of relation "stg_biometric" does not exist
LINE 1: ...version_iso_20, recapture, archived, device_name, "biometric...
                                                             ^

[SQL: INSERT INTO stg_biometric (template, reason, iso, person_uuid, last_modified_date, version_iso_20, recapture, archived, device_name, "biometric0_.match_person_uuid", extra, facility_id, template_type, id, recapture_message, count, hashed, last_modified_by, created_by, replace_date, image_quality, created_date, biometric_type, enrollment_date, stg_batch_id, stg_load_time, stg_file_name, stg_datim_id) VALUES (%(template)s, %(reason)s, %(iso)s, %(person_uuid)s, %(last_modified_date)s, %(version_iso_20)s, %(recapture)s, %(archived)s, %(device_name)s, %(biometric0_.match_person_uuid)s, %(extra)s, %(facility_id)s, %(template_type)s, %(id)s, %(recapture_message)s, %(count)s, %(hashed)s, %(last_modified_by)s, %(created_by)s, %(replace_date)s, %(image_quality)s, %(created_date)s, %(biometric_type)s, %(enrollment_date)s, %(stg_batch_id)s, %(stg_load_time)s, %(stg_file_name)s, %(stg_datim_id)s)]
[parameters: ({'template': 'Rk1SADAzMAAAAAePAAEAAAAHgP///////////wAAAAAAAVAAMYEBAAAAxQDFAAFAAeBgPkCMAE4INkCsAFeDP0CXAFgCOkCnAGSGYYBYAG6gNkCmAHuNYUDkAIHpV0EaAITlAUCpAIaNPEB8AI4VS ... (2282 characters truncated) ... 7//87//87//87//87PAE7MgM7MAQ7MwI8PAE8//88PQE8//88//88OAE8LwU8NwE9OgE9//89//89//89PQE9NQM9//89MAQ+//8+OwE+//8+NwM+PAE+//8+//8+//8AAgAQAkClANuxQIoBN1gA', 'reason': None, 'iso': True, 'person_uuid': '3f6623b4-d06a-4a04-bb87-4ba02689a565', 'last_modified_date': '2022-01-13 11:42:12.065', 'version_iso_20': False, 'recapture': 0, 'archived': 0, 'device_name': 'Neurotec', 'biometric0_.match_person_uuid': None, 'extra': 'null', 'facility_id': 1859, 'template_type': 'Left Middle Finger', 'id': '0a05768d-d248-4f8a-9def-449bef142fa5', 'recapture_message': None, 'count': 6, 'hashed': None, 'last_modified_by': 'ETL', 'created_by': 'ETL', 'replace_date': None, 'image_quality': None, 'created_date': '2022-01-13 11:42:12.065', 'biometric_type': 'FINGERPRINT', 'enrollment_date': '2022-01-13', 'stg_batch_id': '20250523140835', 'stg_load_time': datetime.datetime(2025, 5, 24, 17, 2, 1, 5243), 'stg_file_name': 'biometric_0_20250523140835_decrypted.json', 'stg_datim_id': 'bSGThj4mGr5'}, {'template': 'Rk1SADAzMAAAAAhoAAEAAAAIWf///////////wAAAAAAAVYAMYEBAAAAxQDFAAFAAeBgRUDCAC3pLIDkAD9qNoCnAEJxRUCRAE91P4A2AFD/AUBfAFF5M0A9AGOMKUDfAGfmR4A0AHMJIYBdAHSFV ... (2574 characters truncated) ... C//9C//9C//9CQwNCQAJDPQFD//9DOgNDQAFDQwFD//9DRAND//9E//9EQAFEMAdEQQNE//9E//9E//9ERAJF//9FPQRFQgNF//9FQwJF//9F//9F//8AAgAXAkDbAUd/QMABhwwBQI8BoPKSNw==', 'reason': None, 'iso': True, 'person_uuid': '0733bf36-7374-423e-873f-839654905ae4', 'last_modified_date': '2022-05-06 11:18:09.605', 'version_iso_20': False, 'recapture': 0, 'archived': 0, 'device_name': 'Neurotec', 'biometric0_.match_person_uuid': None, 'extra': 'null', 'facility_id': 1859, 'template_type': 'Right Thumb', 'id': '71f33c78-9c01-40a2-8b73-2828bc8b6235', 'recapture_message': None, 'count': 6, 'hashed': None, 'last_modified_by': 'ETL', 'created_by': 'ETL', 'replace_date': None, 'image_quality': None, 'created_date': '2022-05-06 11:18:09.605', 'biometric_type': 'FINGERPRINT', 'enrollment_date': '2022-05-06', 'stg_batch_id': '20250523140835', 'stg_load_time': datetime.datetime(2025, 5, 24, 17, 2, 1, 5243), 'stg_file_name': 'biometric_0_20250523140835_decrypted.json', 'stg_datim_id': 'bSGThj4mGr5'}, {'template': 'Rk1SACAyMAAAAAdUAAABQAHgAMUAxQEAAABGPYCaAFEAL0DBAFH9LECnAF2BLkC9AHT8MEBgAHUIH4CKAHb/MECpAHf9QEBYAIQEOUCnAJR4AUBgAJ2IL0BPAKAGI0AuAKuIJ0CuAMZ7T0D9AMxxH ... (2206 characters truncated) ... 5NQE6AAA6AAA6AAA6OwE6NgE6NQE6MwA6OQA7Pf87AAA7AAA7AAA7AAA7LAQ7NgE7OgE8NwE8NP88AAA8AAA8AAA8AAA8AAA8OAU9MwA9OAM9N/89AAA9AAA9AAA9AAA9OQAAAgALAUBkAYGwAA==', 'reason': None, 'iso': True, 'person_uuid': '95d5ec17-1570-4ad8-acd1-ab1ed0b4aea9', 'last_modified_date': '2022-12-12 01:08:40.317', 'version_iso_20': True, 'recapture': 0, 'archived': 0, 'device_name': 'Neurotec', 'biometric0_.match_person_uuid': None, 'extra': 'null', 'facility_id': 1859, 'template_type': 'Left Thumb', 'id': 'eab0de8d-5c1e-4763-8c35-458894b87d42', 'recapture_message': None, 'count': 10, 'hashed': None, 'last_modified_by': 'ETL', 'created_by': 'ETL', 'replace_date': None, 'image_quality': None, 'created_date': '2022-12-12 01:08:40.317', 'biometric_type': 'FINGERPRINT', 'enrollment_date': '2022-12-12', 'stg_batch_id': '20250523140835', 'stg_load_time': datetime.datetime(2025, 5, 24, 17, 2, 1, 5243), 'stg_file_name': 'biometric_0_20250523140835_decrypted.json', 'stg_datim_id': 'bSGThj4mGr5'}, {'template': 'Rk1SACAyMAAAAAFtAAABQAHgAMUAxQEAAAA7C4DxAJ1KUIENAJ9HSoDkAKNQVIDUAMbVSoEzAOBQQkD8ARrhZEDhAR/bVEDyAVJeUYEnAXxpGUEdAY/qAYEVAaTsFAENAAEBDQIBAAABAAABAwABB ... (190 characters truncated) ... HBAIHAAAHAAAHAAAHCAEIAAAIAAAIAAAICv8ICQAIAAAIBv8IBwEJAAAJAAAJCgEJAAAJAAAJAAAJBQoJCAAKAAAKAAAKCQEKCAIKAAAKAAAKCwEKAAALAAALAAALCgELCAMLAAALAAALAAALAAA=', 'reason': None, 'iso': True, 'person_uuid': '41fa8330-6281-42ff-8b27-8ac167932eba', 'last_modified_date': '2022-12-22 16:45:23.158', 'version_iso_20': True, 'recapture': 0, 'archived': 0, 'device_name': 'Neurotec', 'biometric0_.match_person_uuid': None, 'extra': 'null', 'facility_id': 1859, 'template_type': 'Left Index Finger', 'id': '1b0574f8-30c3-4324-a008-93a6dafdde17', 'recapture_message': None, 'count': 6, 'hashed': None, 'last_modified_by': 'ETL', 'created_by': 'ETL', 'replace_date': None, 'image_quality': None, 'created_date': '2022-12-22 16:45:23.158', 'biometric_type': 'FINGERPRINT', 'enrollment_date': '2022-12-22', 'stg_batch_id': '20250523140835', 'stg_load_time': datetime.datetime(2025, 5, 24, 17, 2, 1, 5243), 'stg_file_name': 'biometric_0_20250523140835_decrypted.json', 'stg_datim_id': 'bSGThj4mGr5'}, {'template': 'Rk1SACAyMAAAAAfMAAABQAHgAMUAxQEAAABbQUDKAIiWO4CVAJQcNUDfAKAJRICnAK0aU4CmALqkVoD1ALuMRUD1AML8OUBlANOtMEDeANicWECtAOgeNIBrAO0uQoD7APDuUoCqAPKxS4DJAPUcX ... (2366 characters truncated) ... 9NgA+NwA+PAE+AAA+AAA+AAA+QAM+PQI+Ov8/Nv8/OAI/PQE/QAA/AAA/AAA/QQE/OwBANv9APQFAPgNAAABAAABAAABAAABAPwBBOwBBOAVBPwFBAABBAABBAABBAABBOf8AAgALAUDbASezAA==', 'reason': None, 'iso': True, 'person_uuid': '5f61a864-b518-4f0c-9c6f-2a1e2da63426', 'last_modified_date': '2022-12-22 16:48:59.484', 'version_iso_20': True, 'recapture': 0, 'archived': 0, 'device_name': 'Neurotec', 'biometric0_.match_person_uuid': None, 'extra': 'null', 'facility_id': 1859, 'template_type': 'Right Middle Finger', 'id': 'a68a5dd8-ea01-4c36-bc14-c155b634bf11', 'recapture_message': None, 'count': 6, 'hashed': None, 'last_modified_by': 'ETL', 'created_by': 'ETL', 'replace_date': None, 'image_quality': None, 'created_date': '2022-12-22 16:48:59.484', 'biometric_type': 'FINGERPRINT', 'enrollment_date': '2022-12-22', 'stg_batch_id': '20250523140835', 'stg_load_time': datetime.datetime(2025, 5, 24, 17, 2, 1, 5243), 'stg_file_name': 'biometric_0_20250523140835_decrypted.json', 'stg_datim_id': 'bSGThj4mGr5'}, {'template': 'Rk1SACAyMAAAAAFtAAABQAHgAMUAxQEAAABYC4BYATVLSkBBAU/GLECEAVNEUoA7AVRKVkB5AVS/ZIBGAWZFMUA3AXVHAYBXAXk9Y0BlAYU6YYCEAZW0T4CTAbS4OwENAAEBDQIBAAABAAABAgMBB ... (190 characters truncated) ... HAAAHAAAHCAMHBgEHBAAIBP8IBgEIAAAIAAAIAAAICQEIA/8IBQMJAv8JCAEJAAAJAAAJAAAJCgMJAAAJBQEKCwEKAAAKAAAKAAAKAwAKCQMKAAAKAAALAAALAAALAAALAAALCgELCf8LAAALAAA=', 'reason': None, 'iso': True, 'person_uuid': '6a46c033-8d07-40b4-a143-d2d7637eee22', 'last_modified_date': '2022-12-22 16:54:48.825', 'version_iso_20': True, 'recapture': 0, 'archived': 0, 'device_name': 'Neurotec', 'biometric0_.match_person_uuid': None, 'extra': 'null', 'facility_id': 1859, 'template_type': 'Left Thumb', 'id': '1dd37e34-26e3-42a7-b899-61d74e0eae72', 'recapture_message': None, 'count': 6, 'hashed': None, 'last_modified_by': 'ETL', 'created_by': 'ETL', 'replace_date': None, 'image_quality': None, 'created_date': '2022-12-22 16:54:48.825', 'biometric_type': 'FINGERPRINT', 'enrollment_date': '2022-12-22', 'stg_batch_id': '20250523140835', 'stg_load_time': datetime.datetime(2025, 5, 24, 17, 2, 1, 5243), 'stg_file_name': 'biometric_0_20250523140835_decrypted.json', 'stg_datim_id': 'bSGThj4mGr5'}, {'template': 'Rk1SACAyMAAAAAFtAAABQAHgAMUAxQEAAABEC0B7AMgzLoDFAPq3NICLAScuSkC7AUQzVoCfAUukXYCoAVkxZIDXAWEzSEC3AWOiN4CcAYYiO0CGAZKkAUCPAbAdLQENAAEBDQIBAAABAAABAAABA ... (190 characters truncated) ... HCQEHAAAHAAAHAAAHAAAICQAIAAAIAAAIBwIIBAEIBf8IBgEICv8JCAAJAwYJAAAJCgAJCwEJAAAJAAAJB/8KAAAKCwIKAAAKCQAKBgEKAAAKAAAKAAALCf8LCgILAAALAAALAAALAAALAAALAAA=', 'reason': None, 'iso': True, 'person_uuid': 'cfc99524-01c6-48bf-b553-69b79e391772', 'last_modified_date': '2022-12-24 14:06:09.873', 'version_iso_20': True, 'recapture': 0, 'archived': 0, 'device_name': 'Neurotec', 'biometric0_.match_person_uuid': None, 'extra': 'null', 'facility_id': 1859, 'template_type': 'Left Index Finger', 'id': '80d77fa7-9376-47ce-a2f8-286cf475220e', 'recapture_message': None, 'count': 6, 'hashed': None, 'last_modified_by': 'ETL', 'created_by': 'ETL', 'replace_date': None, 'image_quality': None, 'created_date': '2022-12-24 14:06:09.873', 'biometric_type': 'FINGERPRINT', 'enrollment_date': '2022-12-24', 'stg_batch_id': '20250523140835', 'stg_load_time': datetime.datetime(2025, 5, 24, 17, 2, 1, 5243), 'stg_file_name': 'biometric_0_20250523140835_decrypted.json', 'stg_datim_id': 'bSGThj4mGr5'}, {'template': 'Rk1SACAyMAAAAApVAAABQAHgAMUAxQEAAAA+V4CcAAmnOUCmAA2uMUCGAA6pP0C7AA6nMkBtABCbOkBlABOcPUB4ABeoP4BAABwXKkDrABzeMYBuAB+qRkDHAB+2P4BaACKlPkECACbcJYDNACq+P ... (3230 characters truncated) ... TAABTAABTAABTV/9TVAFUTgNUTwJUR/9UUwFUAABUAABUVwJUVgFVAABVAABVAABVAABVAABVTAVVUgNVVgBWAABWAABWAABWVQBWAABWUgNWUARWVwJXUP9XTgZXVAJXU/9XAABXAABXAABXAAA=', 'reason': None, 'iso': True, 'person_uuid': 'a843f456-55df-48bb-a7fe-7e17175a0c9c', 'last_modified_date': '2023-02-16 12:19:01.004', 'version_iso_20': True, 'recapture': 0, 'archived': 0, 'device_name': 'Neurotec', 'biometric0_.match_person_uuid': None, 'extra': 'null', 'facility_id': 1859, 'template_type': 'Right Middle Finger', 'id': '02caf4fd-47bb-4b0b-8565-b8c920bc35cd', 'recapture_message': None, 'count': 6, 'hashed': None, 'last_modified_by': 'ETL', 'created_by': 'ETL', 'replace_date': None, 'image_quality': None, 'created_date': '2023-02-16 12:19:01.004', 'biometric_type': 'FINGERPRINT', 'enrollment_date': '2023-02-16', 'stg_batch_id': '20250523140835', 'stg_load_time': datetime.datetime(2025, 5, 24, 17, 2, 1, 5243), 'stg_file_name': 'biometric_0_20250523140835_decrypted.json', 'stg_datim_id': 'bSGThj4mGr5'}  ... displaying 10 of 3000 total bound parameter sets ...  {'template': 'Rk1SACAyMAAAAAEmAAABQAHgAMUAxQEAAABFLIChAFMQQUDbAFz6NECyAGYGTUB1AG4YRECvAIOTVEEMAIhqLUA0AJIhNoEDAKRyRED6ALJ+UYB6ALgZS0EHAMroSkA/ANIdRkCQAN4YS0BmAPsYT ... (94 characters truncated) ... RRkCZAWOgTUDEAWnHXkCpAXG2QkCkAXuyR0CvAXy+ToDeAYO8XIBwAYUlUoCzAY1CSYDsAZm1WEBoAaeYTUD2Aam5SID1AbmvNoEDAbnMLECjAb8lRUDYAcErSECVAcSTPIDGAcQqT4BuAcsQRAAA', 'reason': None, 'iso': True, 'person_uuid': '3ac49c01-b981-4f0a-a230-a24c1211fc87', 'last_modified_date': '2024-10-03 14:06:07.125', 'version_iso_20': True, 'recapture': 3, 'archived': 0, 'device_name': 'Futronic FS80H #1', 'biometric0_.match_person_uuid': None, 'extra': 'null', 'facility_id': 1859, 'template_type': 'Left Middle Finger', 'id': '092c4cd2-e005-479e-b3fb-197c750e049c', 'recapture_message': None, 'count': 8, 'hashed': '$2a$12$MklNDNgs4Agd50cSasj91O3mlfPJfQ1CDSSPaViELBVAn8TYxe6sO', 'last_modified_by': 'guest@lamisplus.org', 'created_by': 'guest@lamisplus.org', 'replace_date': None, 'image_quality': 69.0, 'created_date': '2024-10-03 14:06:07.125', 'biometric_type': 'FINGERPRINT', 'enrollment_date': '2024-10-03', 'stg_batch_id': '20250523140835', 'stg_load_time': datetime.datetime(2025, 5, 24, 17, 2, 1, 5243), 'stg_file_name': 'biometric_0_20250523140835_decrypted.json', 'stg_datim_id': 'bSGThj4mGr5'}, {'template': 'Rk1SACAyMAAAAAECAAABQAHgAMUAxQEAAAA9JkCSAJAjKUDGAKQXS4DSALYQVkDjALmTU0BZALwmKoDvAMAASUDKAMUTV0D3AMiIQUDeAM8LVoESANh/QEDqANwDV0ETAOH2PYBcAOmdNECXAOkfU ... (46 characters truncated) ... jL4CpAWYcVICKAXkhTkBDAXsnNEDgAYHzWUBpAYMfREE8AYnSSYBuAYsdTICyAY8cU0BSAZSgOIDjAZbNP4DbAaSqTUEGAa7BT0D4Aba5VkEjAb6+T0EGAb9FS4DNAcumPYDdAdCmToDFAdYoNQAA', 'reason': None, 'iso': True, 'person_uuid': '3ac49c01-b981-4f0a-a230-a24c1211fc87', 'last_modified_date': '2024-10-03 14:06:07.125', 'version_iso_20': True, 'recapture': 3, 'archived': 0, 'device_name': 'Futronic FS80H #1', 'biometric0_.match_person_uuid': None, 'extra': 'null', 'facility_id': 1859, 'template_type': 'Left Index Finger', 'id': 'd457f82f-b065-4aaf-9eab-711853eccf01', 'recapture_message': None, 'count': 8, 'hashed': '$2a$12$MklNDNgs4Agd50cSasj91OT9H5ZWkM72oSE..aVnnGDttmY/nXvge', 'last_modified_by': 'guest@lamisplus.org', 'created_by': 'guest@lamisplus.org', 'replace_date': None, 'image_quality': 61.0, 'created_date': '2024-10-03 14:06:07.125', 'biometric_type': 'FINGERPRINT', 'enrollment_date': '2024-10-03', 'stg_batch_id': '20250523140835', 'stg_load_time': datetime.datetime(2025, 5, 24, 17, 2, 1, 5243), 'stg_file_name': 'biometric_0_20250523140835_decrypted.json', 'stg_datim_id': 'bSGThj4mGr5'})]
(Background on this error at: https://sqlalche.me/e/14/f405)]
[2025-05-24 17:02:01,274: INFO: file_loader: Processing file]
[2025-05-24 17:02:01,274: INFO: file_loader: ----------------------------s-------------------------------------------------]
[2025-05-24 17:02:01,274: INFO: file_loader: The file '/home/lamisplus/server/temp/bSGThj4mGr5/biometric_1_20250523140835_decrypted.json' exists.]
[2025-05-24 17:02:01,474: INFO: file_loader: successfully updated start_time, file_name and stg_table in sync_file]
[2025-05-24 17:02:01,475: INFO: file_loader: Processing file]
[2025-05-24 17:02:01,515: INFO: file_loader: biometric_1_20250523140835_decrypted.json yet to be loaded]
[2025-05-24 17:02:01,543: INFO: file_loader: (successfully inserted records into file_ingestion_log]
[2025-05-24 17:02:01,543: INFO: file_loader: biometric_1_20250523140835_decrypted.json logs inserted into file_ingestion_log]
[2025-05-24 17:02:01,544: INFO: file_loader: biometric_1_20250523140835_decrypted.json attempting to load]
[2025-05-24 17:02:01,679: INFO: file_loader: " " successfully replace with NA]
[2025-05-24 17:02:01,803: ERROR: file_loader: An unexpected error occurred: (psycopg2.errors.UndefinedColumn) column "biometric0_.match_person_uuid" of relation "stg_biometric" does not exist
LINE 1: ...version_iso_20, recapture, archived, device_name, "biometric...
                                                             ^

[SQL: INSERT INTO stg_biometric (template, reason, iso, person_uuid, last_modified_date, version_iso_20, recapture, archived, device_name, "biometric0_.match_person_uuid", extra, facility_id, template_type, id, recapture_message, count, hashed, last_modified_by, created_by, replace_date, image_quality, created_date, biometric_type, enrollment_date, stg_batch_id, stg_load_time, stg_file_name, stg_datim_id) VALUES (%(template)s, %(reason)s, %(iso)s, %(person_uuid)s, %(last_modified_date)s, %(version_iso_20)s, %(recapture)s, %(archived)s, %(device_name)s, %(biometric0_.match_person_uuid)s, %(extra)s, %(facility_id)s, %(template_type)s, %(id)s, %(recapture_message)s, %(count)s, %(hashed)s, %(last_modified_by)s, %(created_by)s, %(replace_date)s, %(image_quality)s, %(created_date)s, %(biometric_type)s, %(enrollment_date)s, %(stg_batch_id)s, %(stg_load_time)s, %(stg_file_name)s, %(stg_datim_id)s)]
[parameters: ({'template': 'Rk1SACAyMAAAAADeAAABQAHgAMUAxQEAAABAIECKAIkYPUCcAJAKSEB3AJMeOUCCAJ6iSoDDAKH/SYCzAKKPUEDcAKWBNEDlAKV/KkDOALX+TEBXALilRkCOALsVTUBWANUmS0DlANWBPkB/ANwbU0A7AOwiNkA/APuhNIBpAPscUECnAP8LUUDnAP+CQUCZAQGWUEBhAR0fS4B3ASYYVYBrAU4aT0DJAVGJUIC/AV0DSEDcAWB+S0DNAXj6OIDdAXh9L4CrAXmcRkD1AX90K4C4AYGZNoCuAY0KOwAA', 'reason': None, 'iso': True, 'person_uuid': '3ac49c01-b981-4f0a-a230-a24c1211fc87', 'last_modified_date': '2024-10-03 14:06:07.125', 'version_iso_20': True, 'recapture': 3, 'archived': 0, 'device_name': 'Futronic FS80H #1', 'biometric0_.match_person_uuid': None, 'extra': 'null', 'facility_id': 1859, 'template_type': 'Right Little Finger', 'id': 'dad02e7c-039c-4ec9-8ccf-6235b2f41984', 'recapture_message': None, 'count': 8, 'hashed': '$2a$12$MklNDNgs4Agd50cSasj91Ocp2xZayjHWK/soynd5T.Irv8j2VT8au', 'last_modified_by': 'guest@lamisplus.org', 'created_by': 'guest@lamisplus.org', 'replace_date': None, 'image_quality': 64, 'created_date': '2024-10-03 14:06:07.125', 'biometric_type': 'FINGERPRINT', 'enrollment_date': '2024-10-03', 'stg_batch_id': '20250523140835', 'stg_load_time': datetime.datetime(2025, 5, 24, 17, 2, 1, 606911), 'stg_file_name': 'biometric_1_20250523140835_decrypted.json', 'stg_datim_id': 'bSGThj4mGr5'}, {'template': 'Rk1SACAyMAAAAAEaAAABQAHgAMUAxQEAAAA+KkB1AA2KOUA2AA6bJUDcAA73KoCqABP+OEDxAB7sMYBHACaeRYEOAExpN4AsAF0eNoBEAGGhOkAsAGYdOYBuAG0PU0BSAHCjQ0ArAHIdOkBYAH+oV ... (78 characters truncated) ... TQkAqANg1RUCpANvBSkC2AOHQVIDHAO3TT0DLAPxTSEDkAQ1PVoDwAS5BUEDWAS9XTYDgATBYR4CYATzjWkD7AUSXRkELAUaeMEECAVCSMYCJAVFYV0DvAVchPYBJAWbfMIB8AXhjO0BOAX5rJAAA', 'reason': None, 'iso': True, 'person_uuid': 'a50a77a1-1990-451b-9c30-005338e78fb4', 'last_modified_date': '2024-10-07 12:49:02.066', 'version_iso_20': True, 'recapture': 3, 'archived': 0, 'device_name': 'Futronic FS80H #1', 'biometric0_.match_person_uuid': None, 'extra': 'null', 'facility_id': 1859, 'template_type': 'Right Ring Finger', 'id': '6037e08b-cf0d-44cc-a565-2b1bf8ffdf9e', 'recapture_message': None, 'count': 8, 'hashed': '$2a$12$MklNDNgs4Agd50cSasj91OXdPklC4zmWgMbxC9Q9nKc0rbu6QL.nC', 'last_modified_by': 'guest@lamisplus.org', 'created_by': 'guest@lamisplus.org', 'replace_date': None, 'image_quality': 62, 'created_date': '2024-10-07 12:49:02.033', 'biometric_type': 'FINGERPRINT', 'enrollment_date': '2024-10-07', 'stg_batch_id': '20250523140835', 'stg_load_time': datetime.datetime(2025, 5, 24, 17, 2, 1, 606911), 'stg_file_name': 'biometric_1_20250523140835_decrypted.json', 'stg_datim_id': 'bSGThj4mGr5'}, {'template': 'Rk1SACAyMAAAAAEUAAABQAHgAMUAxQEAAABBKUBcAHkEIUDjAK5pMoC5AL3tToBkAMCJVYChAMF5VUBJAMsJUkBtANP+VkC9AO3oS0CBAPB8WYAWAPunI4BNAQMLUoDpAQZnToA0AQ0ZQ4ChAQ3gV ... (70 characters truncated) ... SRkCTAU1uSUBcAU+5S4B+AVHKSYBHAVS8RkBpAVUVSUDeAVvLV4AiAWBANEBXAWAxTEA2AWo7PUDvAYy5UEEBAZy2PoCkAZ4+RYC3AZ4tTUEIAbekLICjAb0MSoBCAb7gK4DAAcwUQEDXAdAXPgAA', 'reason': None, 'iso': True, 'person_uuid': 'a50a77a1-1990-451b-9c30-005338e78fb4', 'last_modified_date': '2024-10-07 12:49:02.066', 'version_iso_20': True, 'recapture': 3, 'archived': 0, 'device_name': 'Futronic FS80H #1', 'biometric0_.match_person_uuid': None, 'extra': 'null', 'facility_id': 1859, 'template_type': 'Left Index Finger', 'id': 'b7d432e6-6a1a-4c8a-a0bf-4f6d31b94652', 'recapture_message': None, 'count': 8, 'hashed': '$2a$12$MklNDNgs4Agd50cSasj91ODFHs3pURdSxyy6CU1d47xm5RTZqXK8G', 'last_modified_by': 'guest@lamisplus.org', 'created_by': 'guest@lamisplus.org', 'replace_date': None, 'image_quality': 65, 'created_date': '2024-10-07 12:49:02.049', 'biometric_type': 'FINGERPRINT', 'enrollment_date': '2024-10-07', 'stg_batch_id': '20250523140835', 'stg_load_time': datetime.datetime(2025, 5, 24, 17, 2, 1, 606911), 'stg_file_name': 'biometric_1_20250523140835_decrypted.json', 'stg_datim_id': 'bSGThj4mGr5'}, {'template': 'Rk1SACAyMAAAAAEmAAABQAHgAMUAxQEAAABOLECcAH4ISECLAIKRSkBfAIwUP0CyAJWKVkCWAKULUEEJAK1oKoBdAK8SVICJALqPVEDwAMBtRUEPAMZiJ4BSAN0WWoERAPDOVoBbAPUUXICkAQCDV ... (94 characters truncated) ... yREA4AWjeW0BeAW8IT4AdAX5TQUCtAYQhUkBTAYxnVYB1AY9+TEBEAZBmVUAdAZRkNYDoAZYiP0B1AZgLQECDAZwMSUCpAaMTRUDfAaUROYDOAakSN4DHAa0QNIBHAbHvL4C2AbIHOUCYAbn+PQAA', 'reason': None, 'iso': True, 'person_uuid': 'a50a77a1-1990-451b-9c30-005338e78fb4', 'last_modified_date': '2024-10-07 12:49:02.066', 'version_iso_20': True, 'recapture': 3, 'archived': 0, 'device_name': 'Futronic FS80H #1', 'biometric0_.match_person_uuid': None, 'extra': 'null', 'facility_id': 1859, 'template_type': 'Left Ring Finger', 'id': '51ab5328-60f8-4f72-9e07-87a2ab7fa03a', 'recapture_message': None, 'count': 8, 'hashed': '$2a$12$MklNDNgs4Agd50cSasj91OfReuRKN5MMGwgSACLAR2CsA39ji0Zvy', 'last_modified_by': 'guest@lamisplus.org', 'created_by': 'guest@lamisplus.org', 'replace_date': None, 'image_quality': 78, 'created_date': '2024-10-07 12:49:02.05', 'biometric_type': 'FINGERPRINT', 'enrollment_date': '2024-10-07', 'stg_batch_id': '20250523140835', 'stg_load_time': datetime.datetime(2025, 5, 24, 17, 2, 1, 606911), 'stg_file_name': 'biometric_1_20250523140835_decrypted.json', 'stg_datim_id': 'bSGThj4mGr5'}, {'template': 'Rk1SACAyMAAAAAFKAAABQAHgAMUAxQEAAABFMoClAGb+PYBcAHMUPUCqAHiCTYBQAIKaP4ByAIYNVIEFAJJmKUClAKWDVoBbALQWW0DaAMvcWYCHAN8EWUATAOErJ0BIAOKrVYBWAOghVYBhAO+tW ... (142 characters truncated) ... wUkDcAUKtSICVAUSiVkAxAUe6OYBXAUgRR4BBAVQYLEAxAV0jI0BIAWaNQ0CWAXAhTEAuAXISLECwAXshP4BDAX0HN0B7AX2MQEBGAY7zIEBaAZb5FoBqAZj/H0B4AZgDJEB4AaX4LUBkAahiLAAA', 'reason': None, 'iso': True, 'person_uuid': 'a50a77a1-1990-451b-9c30-005338e78fb4', 'last_modified_date': '2024-10-07 12:49:02.066', 'version_iso_20': True, 'recapture': 3, 'archived': 0, 'device_name': 'Futronic FS80H #1', 'biometric0_.match_person_uuid': None, 'extra': 'null', 'facility_id': 1859, 'template_type': 'Left Little Finger', 'id': '616aeb64-29d8-4d13-b862-d3e5e58c7fb7', 'recapture_message': None, 'count': 8, 'hashed': '$2a$12$MklNDNgs4Agd50cSasj91OxpstvOGFNemscJlKyTxtAWl.0dwG9KG', 'last_modified_by': 'guest@lamisplus.org', 'created_by': 'guest@lamisplus.org', 'replace_date': None, 'image_quality': 69, 'created_date': '2024-10-07 12:49:02.05', 'biometric_type': 'FINGERPRINT', 'enrollment_date': '2024-10-07', 'stg_batch_id': '20250523140835', 'stg_load_time': datetime.datetime(2025, 5, 24, 17, 2, 1, 606911), 'stg_file_name': 'biometric_1_20250523140835_decrypted.json', 'stg_datim_id': 'bSGThj4mGr5'}, {'template': 'Rk1SACAyMAAAAAEUAAABQAHgAMUAxQEAAABKKYCVALEITkDiALz3SoD6AL93RoDvANP2UUEJANd1R0C5AN37U0DSAN95TkDKAOt9U0CzAPT/PUBGAPatNICAARKxWUBbARe3U0DcASvdVUC5AS2+S ... (70 characters truncated) ... JQ0CpAWDbV0C/AWRUPEDyAW1aV0ClAXbfV4EWAXdSUkDvAX5fWIExAYBWOkEcAYhjSEDQAYpgTUC4AYtbV0EAAZhvSkBgAa3nOICKAbFmRoCrAbNoTUD0Abx3MkB0AcLsNEDxAcn7IEC5Acx0NAAA', 'reason': None, 'iso': True, 'person_uuid': 'a50a77a1-1990-451b-9c30-005338e78fb4', 'last_modified_date': '2024-10-07 12:49:02.066', 'version_iso_20': True, 'recapture': 3, 'archived': 0, 'device_name': 'Futronic FS80H #1', 'biometric0_.match_person_uuid': None, 'extra': 'null', 'facility_id': 1859, 'template_type': 'Right Little Finger', 'id': 'c0c9470c-0422-4eac-a564-34aa14c7f8ea', 'recapture_message': None, 'count': 8, 'hashed': '$2a$12$MklNDNgs4Agd50cSasj91O7kuo2s1Q8qVi8NYnezFghmrSYWr76/S', 'last_modified_by': 'guest@lamisplus.org', 'created_by': 'guest@lamisplus.org', 'replace_date': None, 'image_quality': 74, 'created_date': '2024-10-07 12:49:02.05', 'biometric_type': 'FINGERPRINT', 'enrollment_date': '2024-10-07', 'stg_batch_id': '20250523140835', 'stg_load_time': datetime.datetime(2025, 5, 24, 17, 2, 1, 606911), 'stg_file_name': 'biometric_1_20250523140835_decrypted.json', 'stg_datim_id': 'bSGThj4mGr5'}, {'template': 'Rk1SACAyMAAAAAEOAAABQAHgAMUAxQEAAABHKICDAHAaRkCCAJmiUkBdAJojT4CVAKAZWUA3AKMoNICsAL0PWUAmANgvNUAyAOKxQUEJAOPhQYD3AORuUEC3AOcJQkDMAOuQRUDrAP/ZVEEDAQPRS ... (62 characters truncated) ... YS0DfASVlTYDMASe+SUAsAS29MUCIAUpCV4DpAVM5VoDcAWhMVEDqAW04RoEvAXS5MUC4AXnlW0A8AYLUOkEVAY2YOoDqAZZ0WECTAapfVIBtAatbS4D/AbKPKEDRAbV3SUDqAbeCNICDAbptQQAA', 'reason': None, 'iso': True, 'person_uuid': 'a50a77a1-1990-451b-9c30-005338e78fb4', 'last_modified_date': '2024-10-07 12:49:02.066', 'version_iso_20': True, 'recapture': 3, 'archived': 0, 'device_name': 'Futronic FS80H #1', 'biometric0_.match_person_uuid': None, 'extra': 'null', 'facility_id': 1859, 'template_type': 'Left Middle Finger', 'id': 'd4d96a09-03bf-48c3-857a-7cd0ed694450', 'recapture_message': None, 'count': 8, 'hashed': '$2a$12$MklNDNgs4Agd50cSasj91O04NbUxPjp/6571KBam8S7BSIVEk0QuG', 'last_modified_by': 'guest@lamisplus.org', 'created_by': 'guest@lamisplus.org', 'replace_date': None, 'image_quality': 71, 'created_date': '2024-10-07 12:49:02.05', 'biometric_type': 'FINGERPRINT', 'enrollment_date': '2024-10-07', 'stg_batch_id': '20250523140835', 'stg_load_time': datetime.datetime(2025, 5, 24, 17, 2, 1, 606911), 'stg_file_name': 'biometric_1_20250523140835_decrypted.json', 'stg_datim_id': 'bSGThj4mGr5'}, {'template': 'Rk1SACAyMAAAAAFiAAABQAHgAMUAxQEAAABCNkDTAIuGNkC+AI4HPEEJAKP2KoDWAKaFLYDLAKcCLICWAMEKSUBuANCSPoDgANP3WYEqARHeNoDhARfwWIEJARdrVUEdAR7fPoCBASAPR0AYASMgJ ... (174 characters truncated) ... 0QUBeAZEpUUC4AZQ5QoEGAZuyWECmAZwzSYAkAZ00T0B3AaAuSUCSAaMvVYErAaW9NkCDAaYxUUEMAa2xR0BmAbPVVkD+AbYyRkEhAbe9LoCJAbksSYEBAcCrR4AoAcZLOoCFAdtmUEDTAd2cPQAA', 'reason': None, 'iso': True, 'person_uuid': 'a50a77a1-1990-451b-9c30-005338e78fb4', 'last_modified_date': '2024-10-07 12:49:02.066', 'version_iso_20': True, 'recapture': 3, 'archived': 0, 'device_name': 'Futronic FS80H #1', 'biometric0_.match_person_uuid': None, 'extra': 'null', 'facility_id': 1859, 'template_type': 'Left Thumb', 'id': 'a9a6c618-38e9-4b30-bd9c-ed98234a203b', 'recapture_message': None, 'count': 8, 'hashed': '$2a$12$MklNDNgs4Agd50cSasj91O03B6a0ZTaZVMhBdGKEg6alGEGAk/u0a', 'last_modified_by': 'guest@lamisplus.org', 'created_by': 'guest@lamisplus.org', 'replace_date': None, 'image_quality': 66, 'created_date': '2024-10-07 12:49:02.05', 'biometric_type': 'FINGERPRINT', 'enrollment_date': '2024-10-07', 'stg_batch_id': '20250523140835', 'stg_load_time': datetime.datetime(2025, 5, 24, 17, 2, 1, 606911), 'stg_file_name': 'biometric_1_20250523140835_decrypted.json', 'stg_datim_id': 'bSGThj4mGr5'}  ... displaying 10 of 1293 total bound parameter sets ...  {'template': 'Rk1SACAyMAAAAAGMAAABLAGQAMUAxQEAARBRPUBRABp4AIDFAC5rAEBbAEV9AIA8AEgAAECNAEhsAEBEAFGGAEDNAFLoAIDmAFNrAECnAHJnAEByAHZ4AECwAJNsAEDmAJTgAECzAJjoAEAPAKasA ... (770 characters truncated) ... AAAAAAAAAAAAAAAAAAAAAAAAAAAAAAAAAAAAAAAAAAAAAAAAAAAAAAAAAAAAAAAAAAAAAAAAAAAAAAAAAAAAAAAAAAAAAAAAAAAAAAAAAAAAAAAAAAAAAAAAAAAAAAAAAAAAAAAAAAAAAAAAAAAA=', 'reason': None, 'iso': True, 'person_uuid': 'ef5acdf7-0bba-4be0-84dd-bc92c54ea803', 'last_modified_date': '2025-01-16 18:22:25.627', 'version_iso_20': True, 'recapture': 4, 'archived': 0, 'device_name': 'Secugen Mobile', 'biometric0_.match_person_uuid': None, 'extra': 'null', 'facility_id': 1859, 'template_type': 'Right Thumb Finger', 'id': '5d6a3326-0d8f-4e4b-869b-f6c793906c48', 'recapture_message': None, 'count': 10, 'hashed': '$2a$12$MklNDNgs4Agd50cSasj91OUCfZm5cqDI.4520m0UUMJAwJTnZ5O7y', 'last_modified_by': 'guest@lamisplus.org', 'created_by': 'guest@lamisplus.org', 'replace_date': None, 'image_quality': 81, 'created_date': '2025-01-16 18:22:25.542', 'biometric_type': 'FINGERPRINT', 'enrollment_date': '2025-01-09', 'stg_batch_id': '20250523140835', 'stg_load_time': datetime.datetime(2025, 5, 24, 17, 2, 1, 606911), 'stg_file_name': 'biometric_1_20250523140835_decrypted.json', 'stg_datim_id': 'bSGThj4mGr5'}, {'template': 'Rk1SACAyMAAAAAFuAAABLAGQAMUAxQEAARBJOECUABiKAIB4ABoaAECDAB0NAIC1ACf4AICfACn4AECYADONAIC1AD57AICbAE8HAEBiAGqoAEByAG24AEBtAG6uAECWAHYVAIB7AHg1AIBIAHqoA ... (770 characters truncated) ... AAAAAAAAAAAAAAAAAAAAAAAAAAAAAAAAAAAAAAAAAAAAAAAAAAAAAAAAAAAAAAAAAAAAAAAAAAAAAAAAAAAAAAAAAAAAAAAAAAAAAAAAAAAAAAAAAAAAAAAAAAAAAAAAAAAAAAAAAAAAAAAAAAAA=', 'reason': None, 'iso': True, 'person_uuid': 'ef5acdf7-0bba-4be0-84dd-bc92c54ea803', 'last_modified_date': '2025-01-16 18:22:25.627', 'version_iso_20': True, 'recapture': 4, 'archived': 0, 'device_name': 'Secugen Mobile', 'biometric0_.match_person_uuid': None, 'extra': 'null', 'facility_id': 1859, 'template_type': 'Right Index Finger', 'id': '4d9d6195-96f3-4d8e-9ee3-624a4da5f931', 'recapture_message': None, 'count': 10, 'hashed': '$2a$12$MklNDNgs4Agd50cSasj91O5rPSVZCHivyT/s9uJSIMib5cXPiWLvG', 'last_modified_by': 'guest@lamisplus.org', 'created_by': 'guest@lamisplus.org', 'replace_date': None, 'image_quality': 73, 'created_date': '2025-01-16 18:22:25.543', 'biometric_type': 'FINGERPRINT', 'enrollment_date': '2025-01-09', 'stg_batch_id': '20250523140835', 'stg_load_time': datetime.datetime(2025, 5, 24, 17, 2, 1, 606911), 'stg_file_name': 'biometric_1_20250523140835_decrypted.json', 'stg_datim_id': 'bSGThj4mGr5'})]
(Background on this error at: https://sqlalche.me/e/14/f405)]
[2025-05-24 17:02:01,804: INFO: file_loader: json files successfully processed]
[2025-05-24 17:03:05,634: INFO: file_loader: Processing file]
[2025-05-24 17:03:05,634: INFO: file_loader: ----------------------------s-------------------------------------------------]
[2025-05-24 17:03:05,635: INFO: file_loader: The file '/home/lamisplus/server/temp/WyCV2IF8nVP/hiv_enrollment_0_20250523141048_decrypted.json' exists.]
[2025-05-24 17:03:05,842: INFO: file_loader: successfully updated start_time, file_name and stg_table in sync_file]
[2025-05-24 17:03:05,843: INFO: file_loader: Processing file]
[2025-05-24 17:03:05,889: INFO: file_loader: hiv_enrollment_0_20250523141048_decrypted.json previously failed to load]
[2025-05-24 17:03:05,890: INFO: file_loader: hiv_enrollment_0_20250523141048_decrypted.json attempting to reload]
[2025-05-24 17:03:06,083: INFO: file_loader: " " successfully replace with NA]
[2025-05-24 17:03:06,288: ERROR: file_loader: An unexpected error occurred: (psycopg2.errors.UndefinedColumn) column "target_group_id_original" of relation "stg_hiv_enrollment" does not exist
LINE 1: ...dified_by, status_at_registration_id, created_by, target_gro...
                                                             ^

[SQL: INSERT INTO stg_hiv_enrollment (date_referred_from_ovcpartner, person_uuid, latitude, last_modified_date, time_hiv_diagnosis, source, date_enrolled_pmtct, ovc_number, house_hold_number, uuid, pregnancy_status_id, lip_name, entry_point_id, tb_status_id, archived, date_confirmed_hiv, enrollment_setting_id, date_of_lpm, target_group_id, facility_id, id, source_of_referrer_id, date_referred_to_ovcpartner, send_message, pregnant, longitude, unique_id, referred_from_ovcpartner, last_modified_by, status_at_registration_id, created_by, target_group_id_original, facility_name, care_entry_point_other, created_date, breastfeeding, date_of_registration, visit_id, date_started, referred_to_ovcpartner, stg_batch_id, stg_load_time, stg_file_name, stg_datim_id) VALUES (%(date_referred_from_ovcpartner)s, %(person_uuid)s, %(latitude)s, %(last_modified_date)s, %(time_hiv_diagnosis)s, %(source)s, %(date_enrolled_pmtct)s, %(ovc_number)s, %(house_hold_number)s, %(uuid)s, %(pregnancy_status_id)s, %(lip_name)s, %(entry_point_id)s, %(tb_status_id)s, %(archived)s, %(date_confirmed_hiv)s, %(enrollment_setting_id)s, %(date_of_lpm)s, %(target_group_id)s, %(facility_id)s, %(id)s, %(source_of_referrer_id)s, %(date_referred_to_ovcpartner)s, %(send_message)s, %(pregnant)s, %(longitude)s, %(unique_id)s, %(referred_from_ovcpartner)s, %(last_modified_by)s, %(status_at_registration_id)s, %(created_by)s, %(target_group_id_original)s, %(facility_name)s, %(care_entry_point_other)s, %(created_date)s, %(breastfeeding)s, %(date_of_registration)s, %(visit_id)s, %(date_started)s, %(referred_to_ovcpartner)s, %(stg_batch_id)s, %(stg_load_time)s, %(stg_file_name)s, %(stg_datim_id)s)]
[parameters: ({'date_referred_from_ovcpartner': None, 'person_uuid': '22359d66-dea7-4d20-a6a6-243143c4fa99', 'latitude': None, 'last_modified_date': '2021-07-13 15:45:32.965', 'time_hiv_diagnosis': '2021-07-07 00:00:00.0', 'source': None, 'date_enrolled_pmtct': None, 'ovc_number': None, 'house_hold_number': None, 'uuid': '2edc0b9a-7a75-4d1a-96b9-49dae7c27807', 'pregnancy_status_id': 72.0, 'lip_name': None, 'entry_point_id': None, 'tb_status_id': 67.0, 'archived': 0, 'date_confirmed_hiv': '2021-07-07', 'enrollment_setting_id': 869, 'date_of_lpm': None, 'target_group_id': None, 'facility_id': 1441, 'id': 1, 'source_of_referrer_id': 43.0, 'date_referred_to_ovcpartner': None, 'send_message': None, 'pregnant': False, 'longitude': None, 'unique_id': 'HALG/25/11/511/001670', 'referred_from_ovcpartner': None, 'last_modified_by': 'ETL', 'status_at_registration_id': 444.0, 'created_by': 'ETL', 'target_group_id_original': 151, 'facility_name': 'Badagry KP One Stop Shop', 'care_entry_point_other': None, 'created_date': '2021-07-13 15:45:32.965', 'breastfeeding': False, 'date_of_registration': '2021-07-07', 'visit_id': 'b7f46e41-cb57-46b3-85f0-4de417a5b4d7', 'date_started': '2021-07-07', 'referred_to_ovcpartner': None, 'stg_batch_id': '20250523141048', 'stg_load_time': datetime.datetime(2025, 5, 24, 17, 3, 5, 959068), 'stg_file_name': 'hiv_enrollment_0_20250523141048_decrypted.json', 'stg_datim_id': 'WyCV2IF8nVP'}, {'date_referred_from_ovcpartner': None, 'person_uuid': '6b82d9c2-ac4a-4747-aefb-1e5b7fe092ae', 'latitude': None, 'last_modified_date': '2021-04-27 12:03:20.156', 'time_hiv_diagnosis': '2021-04-19 00:00:00.0', 'source': None, 'date_enrolled_pmtct': None, 'ovc_number': None, 'house_hold_number': None, 'uuid': '09980403-45f6-4826-a990-6129a4bb9bc3', 'pregnancy_status_id': 72.0, 'lip_name': None, 'entry_point_id': None, 'tb_status_id': 67.0, 'archived': 0, 'date_confirmed_hiv': '2021-04-19', 'enrollment_setting_id': 869, 'date_of_lpm': None, 'target_group_id': None, 'facility_id': 1441, 'id': 2, 'source_of_referrer_id': None, 'date_referred_to_ovcpartner': None, 'send_message': None, 'pregnant': False, 'longitude': None, 'unique_id': 'HALG/25/11/511/001415', 'referred_from_ovcpartner': None, 'last_modified_by': 'ETL', 'status_at_registration_id': 444.0, 'created_by': 'ETL', 'target_group_id_original': 151, 'facility_name': 'Badagry KP One Stop Shop', 'care_entry_point_other': None, 'created_date': '2021-04-27 12:03:20.156', 'breastfeeding': False, 'date_of_registration': '2021-04-19', 'visit_id': '01a61fc9-c655-432f-be90-995960a57224', 'date_started': '2021-04-19', 'referred_to_ovcpartner': None, 'stg_batch_id': '20250523141048', 'stg_load_time': datetime.datetime(2025, 5, 24, 17, 3, 5, 959068), 'stg_file_name': 'hiv_enrollment_0_20250523141048_decrypted.json', 'stg_datim_id': 'WyCV2IF8nVP'}, {'date_referred_from_ovcpartner': None, 'person_uuid': 'd87a2c52-6218-496b-8cc5-6754f2bc86a8', 'latitude': None, 'last_modified_date': '2022-04-05 12:26:30.02', 'time_hiv_diagnosis': '2022-03-15 00:00:00.0', 'source': None, 'date_enrolled_pmtct': '2022-03-15', 'ovc_number': None, 'house_hold_number': None, 'uuid': 'd907d6df-85f2-4779-8439-d54a1cfe8f60', 'pregnancy_status_id': 72.0, 'lip_name': None, 'entry_point_id': None, 'tb_status_id': 67.0, 'archived': 0, 'date_confirmed_hiv': '2022-03-15', 'enrollment_setting_id': 869, 'date_of_lpm': None, 'target_group_id': None, 'facility_id': 1441, 'id': 3, 'source_of_referrer_id': 43.0, 'date_referred_to_ovcpartner': None, 'send_message': None, 'pregnant': False, 'longitude': None, 'unique_id': 'HALG/25/11/511/002530', 'referred_from_ovcpartner': None, 'last_modified_by': 'ETL', 'status_at_registration_id': 444.0, 'created_by': 'ETL', 'target_group_id_original': 151, 'facility_name': 'Badagry KP One Stop Shop', 'care_entry_point_other': None, 'created_date': '2022-04-05 12:26:30.02', 'breastfeeding': False, 'date_of_registration': '2022-03-15', 'visit_id': '55858cec-b069-4e01-b6be-5fd6cfe465d8', 'date_started': '2022-03-15', 'referred_to_ovcpartner': None, 'stg_batch_id': '20250523141048', 'stg_load_time': datetime.datetime(2025, 5, 24, 17, 3, 5, 959068), 'stg_file_name': 'hiv_enrollment_0_20250523141048_decrypted.json', 'stg_datim_id': 'WyCV2IF8nVP'}, {'date_referred_from_ovcpartner': None, 'person_uuid': '3915ac89-ac5e-4080-a359-04f5716f594f', 'latitude': None, 'last_modified_date': '2021-03-02 13:21:40.753', 'time_hiv_diagnosis': '2020-08-25 00:00:00.0', 'source': None, 'date_enrolled_pmtct': None, 'ovc_number': None, 'house_hold_number': None, 'uuid': 'd90f055f-68fc-4b04-9b36-57102487188c', 'pregnancy_status_id': 72.0, 'lip_name': None, 'entry_point_id': None, 'tb_status_id': 67.0, 'archived': 0, 'date_confirmed_hiv': '2020-08-25', 'enrollment_setting_id': 869, 'date_of_lpm': None, 'target_group_id': None, 'facility_id': 1441, 'id': 4, 'source_of_referrer_id': 43.0, 'date_referred_to_ovcpartner': None, 'send_message': False, 'pregnant': False, 'longitude': None, 'unique_id': 'HALG/25/11/511/000882', 'referred_from_ovcpartner': None, 'last_modified_by': 'ETL', 'status_at_registration_id': 444.0, 'created_by': 'ETL', 'target_group_id_original': 150, 'facility_name': 'Badagry KP One Stop Shop', 'care_entry_point_other': None, 'created_date': '2021-03-02 13:21:40.753', 'breastfeeding': False, 'date_of_registration': '2020-08-25', 'visit_id': 'e4d403fe-47b5-49ad-b49a-474d78098acb', 'date_started': '2020-08-25', 'referred_to_ovcpartner': None, 'stg_batch_id': '20250523141048', 'stg_load_time': datetime.datetime(2025, 5, 24, 17, 3, 5, 959068), 'stg_file_name': 'hiv_enrollment_0_20250523141048_decrypted.json', 'stg_datim_id': 'WyCV2IF8nVP'}, {'date_referred_from_ovcpartner': None, 'person_uuid': '879ab07b-eac5-4e0a-af90-72775e6d2731', 'latitude': None, 'last_modified_date': '2021-04-20 14:05:06.494', 'time_hiv_diagnosis': '2021-04-06 00:00:00.0', 'source': None, 'date_enrolled_pmtct': None, 'ovc_number': None, 'house_hold_number': None, 'uuid': 'cb21652a-a12d-45a0-888f-ecb446d1bcbc', 'pregnancy_status_id': 72.0, 'lip_name': None, 'entry_point_id': 484.0, 'tb_status_id': 67.0, 'archived': 0, 'date_confirmed_hiv': '2021-04-06', 'enrollment_setting_id': 869, 'date_of_lpm': None, 'target_group_id': None, 'facility_id': 1441, 'id': 6, 'source_of_referrer_id': None, 'date_referred_to_ovcpartner': None, 'send_message': None, 'pregnant': False, 'longitude': None, 'unique_id': 'HALG/25/11/511/001359', 'referred_from_ovcpartner': None, 'last_modified_by': 'ETL', 'status_at_registration_id': 444.0, 'created_by': 'ETL', 'target_group_id_original': 153, 'facility_name': 'Badagry KP One Stop Shop', 'care_entry_point_other': None, 'created_date': '2021-04-20 14:05:06.494', 'breastfeeding': False, 'date_of_registration': '2021-04-06', 'visit_id': 'd6cf32bb-a69d-422a-bc86-402e311efbae', 'date_started': '2021-04-06', 'referred_to_ovcpartner': None, 'stg_batch_id': '20250523141048', 'stg_load_time': datetime.datetime(2025, 5, 24, 17, 3, 5, 959068), 'stg_file_name': 'hiv_enrollment_0_20250523141048_decrypted.json', 'stg_datim_id': 'WyCV2IF8nVP'}, {'date_referred_from_ovcpartner': None, 'person_uuid': 'df28e071-e7e1-4a45-8b8b-b8812987571f', 'latitude': None, 'last_modified_date': '2021-07-22 10:38:59.924', 'time_hiv_diagnosis': '2019-11-22 00:00:00.0', 'source': None, 'date_enrolled_pmtct': None, 'ovc_number': None, 'house_hold_number': None, 'uuid': 'ba36a714-7849-42e2-a8a8-4c76bef3dc97', 'pregnancy_status_id': 72.0, 'lip_name': None, 'entry_point_id': None, 'tb_status_id': 67.0, 'archived': 0, 'date_confirmed_hiv': '2019-11-22', 'enrollment_setting_id': 869, 'date_of_lpm': None, 'target_group_id': None, 'facility_id': 1441, 'id': 7, 'source_of_referrer_id': 1015.0, 'date_referred_to_ovcpartner': None, 'send_message': False, 'pregnant': False, 'longitude': None, 'unique_id': 'HALG/25/11/511/000240', 'referred_from_ovcpartner': None, 'last_modified_by': 'ETL', 'status_at_registration_id': 444.0, 'created_by': 'ETL', 'target_group_id_original': 150, 'facility_name': 'Badagry KP One Stop Shop', 'care_entry_point_other': None, 'created_date': '2021-07-22 10:38:59.924', 'breastfeeding': False, 'date_of_registration': '2019-11-22', 'visit_id': '1af20071-3491-4651-bb1e-7e048040520a', 'date_started': '2019-11-22', 'referred_to_ovcpartner': None, 'stg_batch_id': '20250523141048', 'stg_load_time': datetime.datetime(2025, 5, 24, 17, 3, 5, 959068), 'stg_file_name': 'hiv_enrollment_0_20250523141048_decrypted.json', 'stg_datim_id': 'WyCV2IF8nVP'}, {'date_referred_from_ovcpartner': None, 'person_uuid': '84a3bd49-7e86-4627-8f08-2f53eac62184', 'latitude': None, 'last_modified_date': '2023-03-02 10:39:20.394', 'time_hiv_diagnosis': '2023-02-06 00:00:00.0', 'source': None, 'date_enrolled_pmtct': None, 'ovc_number': None, 'house_hold_number': None, 'uuid': '4d53409a-702f-483d-83af-dc648262f1d7', 'pregnancy_status_id': 72.0, 'lip_name': None, 'entry_point_id': 484.0, 'tb_status_id': 67.0, 'archived': 0, 'date_confirmed_hiv': '2023-02-06', 'enrollment_setting_id': 869, 'date_of_lpm': None, 'target_group_id': None, 'facility_id': 1441, 'id': 8, 'source_of_referrer_id': 43.0, 'date_referred_to_ovcpartner': None, 'send_message': None, 'pregnant': False, 'longitude': None, 'unique_id': 'HALG/25/11/511/004519', 'referred_from_ovcpartner': None, 'last_modified_by': 'ETL', 'status_at_registration_id': 444.0, 'created_by': 'ETL', 'target_group_id_original': 153, 'facility_name': 'Badagry KP One Stop Shop', 'care_entry_point_other': None, 'created_date': '2023-03-02 10:39:20.394', 'breastfeeding': False, 'date_of_registration': '2023-02-06', 'visit_id': 'cb3cdebe-5d53-4dc1-9109-6173ecdb3593', 'date_started': '2023-02-06', 'referred_to_ovcpartner': None, 'stg_batch_id': '20250523141048', 'stg_load_time': datetime.datetime(2025, 5, 24, 17, 3, 5, 959068), 'stg_file_name': 'hiv_enrollment_0_20250523141048_decrypted.json', 'stg_datim_id': 'WyCV2IF8nVP'}, {'date_referred_from_ovcpartner': None, 'person_uuid': '801a9184-8345-41cd-b1fc-f77a6e80d9af', 'latitude': None, 'last_modified_date': '2021-06-11 14:24:08.935', 'time_hiv_diagnosis': '2021-06-07 00:00:00.0', 'source': None, 'date_enrolled_pmtct': None, 'ovc_number': None, 'house_hold_number': None, 'uuid': '7e9147e3-be2a-4f0a-829a-13959568d1be', 'pregnancy_status_id': 72.0, 'lip_name': None, 'entry_point_id': None, 'tb_status_id': 67.0, 'archived': 0, 'date_confirmed_hiv': '2021-06-07', 'enrollment_setting_id': 869, 'date_of_lpm': None, 'target_group_id': None, 'facility_id': 1441, 'id': 9, 'source_of_referrer_id': 43.0, 'date_referred_to_ovcpartner': None, 'send_message': None, 'pregnant': False, 'longitude': None, 'unique_id': 'HALG/25/11/511/001536', 'referred_from_ovcpartner': None, 'last_modified_by': 'ETL', 'status_at_registration_id': 444.0, 'created_by': 'ETL', 'target_group_id_original': 151, 'facility_name': 'Badagry KP One Stop Shop', 'care_entry_point_other': None, 'created_date': '2021-06-11 14:24:08.935', 'breastfeeding': False, 'date_of_registration': '2021-06-07', 'visit_id': '529c1bb7-0cfa-46c3-a2f9-a81e15f9bd91', 'date_started': '2021-06-07', 'referred_to_ovcpartner': None, 'stg_batch_id': '20250523141048', 'stg_load_time': datetime.datetime(2025, 5, 24, 17, 3, 5, 959068), 'stg_file_name': 'hiv_enrollment_0_20250523141048_decrypted.json', 'stg_datim_id': 'WyCV2IF8nVP'}  ... displaying 10 of 3000 total bound parameter sets ...  {'date_referred_from_ovcpartner': None, 'person_uuid': '95a3ee17-361d-41eb-b693-f4f5a6c0c23a', 'latitude': None, 'last_modified_date': '2024-08-21 14:40:51.25', 'time_hiv_diagnosis': '2022-05-16 00:00:00.0', 'source': None, 'date_enrolled_pmtct': None, 'ovc_number': None, 'house_hold_number': None, 'uuid': 'ca500242-c12b-4e66-b2b7-3e46306aca6c', 'pregnancy_status_id': 72.0, 'lip_name': None, 'entry_point_id': 17.0, 'tb_status_id': 67.0, 'archived': 0, 'date_confirmed_hiv': '2022-05-16', 'enrollment_setting_id': 52, 'date_of_lpm': None, 'target_group_id': None, 'facility_id': 1441, 'id': 5, 'source_of_referrer_id': 1015.0, 'date_referred_to_ovcpartner': None, 'send_message': None, 'pregnant': False, 'longitude': None, 'unique_id': 'HALG/25/11/511/003239', 'referred_from_ovcpartner': None, 'last_modified_by': 'obamidele@heartlandalliancenigeria.org', 'status_at_registration_id': 54.0, 'created_by': 'ETL', 'target_group_id_original': 151, 'facility_name': None, 'care_entry_point_other': None, 'created_date': '2022-05-19 12:13:37.62', 'breastfeeding': False, 'date_of_registration': '2022-05-16', 'visit_id': '9cd31acd-bec8-446c-826f-fb6a29cdd120', 'date_started': '2022-05-16', 'referred_to_ovcpartner': None, 'stg_batch_id': '20250523141048', 'stg_load_time': datetime.datetime(2025, 5, 24, 17, 3, 5, 959068), 'stg_file_name': 'hiv_enrollment_0_20250523141048_decrypted.json', 'stg_datim_id': 'WyCV2IF8nVP'}, {'date_referred_from_ovcpartner': None, 'person_uuid': '97b1f150-1412-4a12-b6ac-9415db4b949e', 'latitude': None, 'last_modified_date': '2024-08-21 14:48:13.364', 'time_hiv_diagnosis': '2023-04-17 00:00:00.0', 'source': None, 'date_enrolled_pmtct': None, 'ovc_number': None, 'house_hold_number': None, 'uuid': 'cf55af01-e06c-4494-8d8c-0c5d013a9cf5', 'pregnancy_status_id': 72.0, 'lip_name': None, 'entry_point_id': 17.0, 'tb_status_id': 67.0, 'archived': 0, 'date_confirmed_hiv': '2023-04-17', 'enrollment_setting_id': 52, 'date_of_lpm': None, 'target_group_id': None, 'facility_id': 1441, 'id': 501, 'source_of_referrer_id': 43.0, 'date_referred_to_ovcpartner': None, 'send_message': None, 'pregnant': False, 'longitude': None, 'unique_id': 'HALG/25/11/511/004705', 'referred_from_ovcpartner': None, 'last_modified_by': 'obamidele@heartlandalliancenigeria.org', 'status_at_registration_id': 54.0, 'created_by': 'ETL', 'target_group_id_original': 151, 'facility_name': None, 'care_entry_point_other': None, 'created_date': '2023-04-20 10:22:49.979', 'breastfeeding': False, 'date_of_registration': '2023-04-17', 'visit_id': '6ebe9a07-aa63-473c-97a1-b64064bf1285', 'date_started': '2023-04-17', 'referred_to_ovcpartner': None, 'stg_batch_id': '20250523141048', 'stg_load_time': datetime.datetime(2025, 5, 24, 17, 3, 5, 959068), 'stg_file_name': 'hiv_enrollment_0_20250523141048_decrypted.json', 'stg_datim_id': 'WyCV2IF8nVP'})]
(Background on this error at: https://sqlalche.me/e/14/f405)]
[2025-05-24 17:03:06,288: INFO: file_loader: Processing file]
[2025-05-24 17:03:06,288: INFO: file_loader: ----------------------------s-------------------------------------------------]
[2025-05-24 17:03:06,288: INFO: file_loader: The file '/home/lamisplus/server/temp/bSGThj4mGr5/biometric_0_20250523140835_decrypted.json' exists.]
[2025-05-24 17:03:06,495: INFO: file_loader: successfully updated start_time, file_name and stg_table in sync_file]
[2025-05-24 17:03:06,496: INFO: file_loader: Processing file]
[2025-05-24 17:03:06,539: INFO: file_loader: biometric_0_20250523140835_decrypted.json yet to be loaded]
[2025-05-24 17:03:06,556: INFO: file_loader: (successfully inserted records into file_ingestion_log]
[2025-05-24 17:03:06,556: INFO: file_loader: biometric_0_20250523140835_decrypted.json logs inserted into file_ingestion_log]
[2025-05-24 17:03:06,556: INFO: file_loader: biometric_0_20250523140835_decrypted.json attempting to load]
[2025-05-24 17:03:06,715: INFO: file_loader: " " successfully replace with NA]
[2025-05-24 17:03:06,906: ERROR: file_loader: An unexpected error occurred: (psycopg2.errors.UndefinedColumn) column "biometric0_.match_person_uuid" of relation "stg_biometric" does not exist
LINE 1: ...version_iso_20, recapture, archived, device_name, "biometric...
                                                             ^

[SQL: INSERT INTO stg_biometric (template, reason, iso, person_uuid, last_modified_date, version_iso_20, recapture, archived, device_name, "biometric0_.match_person_uuid", extra, facility_id, template_type, id, recapture_message, count, hashed, last_modified_by, created_by, replace_date, image_quality, created_date, biometric_type, enrollment_date, stg_batch_id, stg_load_time, stg_file_name, stg_datim_id) VALUES (%(template)s, %(reason)s, %(iso)s, %(person_uuid)s, %(last_modified_date)s, %(version_iso_20)s, %(recapture)s, %(archived)s, %(device_name)s, %(biometric0_.match_person_uuid)s, %(extra)s, %(facility_id)s, %(template_type)s, %(id)s, %(recapture_message)s, %(count)s, %(hashed)s, %(last_modified_by)s, %(created_by)s, %(replace_date)s, %(image_quality)s, %(created_date)s, %(biometric_type)s, %(enrollment_date)s, %(stg_batch_id)s, %(stg_load_time)s, %(stg_file_name)s, %(stg_datim_id)s)]
[parameters: ({'template': 'Rk1SADAzMAAAAAePAAEAAAAHgP///////////wAAAAAAAVAAMYEBAAAAxQDFAAFAAeBgPkCMAE4INkCsAFeDP0CXAFgCOkCnAGSGYYBYAG6gNkCmAHuNYUDkAIHpV0EaAITlAUCpAIaNPEB8AI4VS ... (2282 characters truncated) ... 7//87//87//87//87PAE7MgM7MAQ7MwI8PAE8//88PQE8//88//88OAE8LwU8NwE9OgE9//89//89//89PQE9NQM9//89MAQ+//8+OwE+//8+NwM+PAE+//8+//8+//8AAgAQAkClANuxQIoBN1gA', 'reason': None, 'iso': True, 'person_uuid': '3f6623b4-d06a-4a04-bb87-4ba02689a565', 'last_modified_date': '2022-01-13 11:42:12.065', 'version_iso_20': False, 'recapture': 0, 'archived': 0, 'device_name': 'Neurotec', 'biometric0_.match_person_uuid': None, 'extra': 'null', 'facility_id': 1859, 'template_type': 'Left Middle Finger', 'id': '0a05768d-d248-4f8a-9def-449bef142fa5', 'recapture_message': None, 'count': 6, 'hashed': None, 'last_modified_by': 'ETL', 'created_by': 'ETL', 'replace_date': None, 'image_quality': None, 'created_date': '2022-01-13 11:42:12.065', 'biometric_type': 'FINGERPRINT', 'enrollment_date': '2022-01-13', 'stg_batch_id': '20250523140835', 'stg_load_time': datetime.datetime(2025, 5, 24, 17, 3, 6, 618663), 'stg_file_name': 'biometric_0_20250523140835_decrypted.json', 'stg_datim_id': 'bSGThj4mGr5'}, {'template': 'Rk1SADAzMAAAAAhoAAEAAAAIWf///////////wAAAAAAAVYAMYEBAAAAxQDFAAFAAeBgRUDCAC3pLIDkAD9qNoCnAEJxRUCRAE91P4A2AFD/AUBfAFF5M0A9AGOMKUDfAGfmR4A0AHMJIYBdAHSFV ... (2574 characters truncated) ... C//9C//9C//9CQwNCQAJDPQFD//9DOgNDQAFDQwFD//9DRAND//9E//9EQAFEMAdEQQNE//9E//9E//9ERAJF//9FPQRFQgNF//9FQwJF//9F//9F//8AAgAXAkDbAUd/QMABhwwBQI8BoPKSNw==', 'reason': None, 'iso': True, 'person_uuid': '0733bf36-7374-423e-873f-839654905ae4', 'last_modified_date': '2022-05-06 11:18:09.605', 'version_iso_20': False, 'recapture': 0, 'archived': 0, 'device_name': 'Neurotec', 'biometric0_.match_person_uuid': None, 'extra': 'null', 'facility_id': 1859, 'template_type': 'Right Thumb', 'id': '71f33c78-9c01-40a2-8b73-2828bc8b6235', 'recapture_message': None, 'count': 6, 'hashed': None, 'last_modified_by': 'ETL', 'created_by': 'ETL', 'replace_date': None, 'image_quality': None, 'created_date': '2022-05-06 11:18:09.605', 'biometric_type': 'FINGERPRINT', 'enrollment_date': '2022-05-06', 'stg_batch_id': '20250523140835', 'stg_load_time': datetime.datetime(2025, 5, 24, 17, 3, 6, 618663), 'stg_file_name': 'biometric_0_20250523140835_decrypted.json', 'stg_datim_id': 'bSGThj4mGr5'}, {'template': 'Rk1SACAyMAAAAAdUAAABQAHgAMUAxQEAAABGPYCaAFEAL0DBAFH9LECnAF2BLkC9AHT8MEBgAHUIH4CKAHb/MECpAHf9QEBYAIQEOUCnAJR4AUBgAJ2IL0BPAKAGI0AuAKuIJ0CuAMZ7T0D9AMxxH ... (2206 characters truncated) ... 5NQE6AAA6AAA6AAA6OwE6NgE6NQE6MwA6OQA7Pf87AAA7AAA7AAA7AAA7LAQ7NgE7OgE8NwE8NP88AAA8AAA8AAA8AAA8AAA8OAU9MwA9OAM9N/89AAA9AAA9AAA9AAA9OQAAAgALAUBkAYGwAA==', 'reason': None, 'iso': True, 'person_uuid': '95d5ec17-1570-4ad8-acd1-ab1ed0b4aea9', 'last_modified_date': '2022-12-12 01:08:40.317', 'version_iso_20': True, 'recapture': 0, 'archived': 0, 'device_name': 'Neurotec', 'biometric0_.match_person_uuid': None, 'extra': 'null', 'facility_id': 1859, 'template_type': 'Left Thumb', 'id': 'eab0de8d-5c1e-4763-8c35-458894b87d42', 'recapture_message': None, 'count': 10, 'hashed': None, 'last_modified_by': 'ETL', 'created_by': 'ETL', 'replace_date': None, 'image_quality': None, 'created_date': '2022-12-12 01:08:40.317', 'biometric_type': 'FINGERPRINT', 'enrollment_date': '2022-12-12', 'stg_batch_id': '20250523140835', 'stg_load_time': datetime.datetime(2025, 5, 24, 17, 3, 6, 618663), 'stg_file_name': 'biometric_0_20250523140835_decrypted.json', 'stg_datim_id': 'bSGThj4mGr5'}, {'template': 'Rk1SACAyMAAAAAFtAAABQAHgAMUAxQEAAAA7C4DxAJ1KUIENAJ9HSoDkAKNQVIDUAMbVSoEzAOBQQkD8ARrhZEDhAR/bVEDyAVJeUYEnAXxpGUEdAY/qAYEVAaTsFAENAAEBDQIBAAABAAABAwABB ... (190 characters truncated) ... HBAIHAAAHAAAHAAAHCAEIAAAIAAAIAAAICv8ICQAIAAAIBv8IBwEJAAAJAAAJCgEJAAAJAAAJAAAJBQoJCAAKAAAKAAAKCQEKCAIKAAAKAAAKCwEKAAALAAALAAALCgELCAMLAAALAAALAAALAAA=', 'reason': None, 'iso': True, 'person_uuid': '41fa8330-6281-42ff-8b27-8ac167932eba', 'last_modified_date': '2022-12-22 16:45:23.158', 'version_iso_20': True, 'recapture': 0, 'archived': 0, 'device_name': 'Neurotec', 'biometric0_.match_person_uuid': None, 'extra': 'null', 'facility_id': 1859, 'template_type': 'Left Index Finger', 'id': '1b0574f8-30c3-4324-a008-93a6dafdde17', 'recapture_message': None, 'count': 6, 'hashed': None, 'last_modified_by': 'ETL', 'created_by': 'ETL', 'replace_date': None, 'image_quality': None, 'created_date': '2022-12-22 16:45:23.158', 'biometric_type': 'FINGERPRINT', 'enrollment_date': '2022-12-22', 'stg_batch_id': '20250523140835', 'stg_load_time': datetime.datetime(2025, 5, 24, 17, 3, 6, 618663), 'stg_file_name': 'biometric_0_20250523140835_decrypted.json', 'stg_datim_id': 'bSGThj4mGr5'}, {'template': 'Rk1SACAyMAAAAAfMAAABQAHgAMUAxQEAAABbQUDKAIiWO4CVAJQcNUDfAKAJRICnAK0aU4CmALqkVoD1ALuMRUD1AML8OUBlANOtMEDeANicWECtAOgeNIBrAO0uQoD7APDuUoCqAPKxS4DJAPUcX ... (2366 characters truncated) ... 9NgA+NwA+PAE+AAA+AAA+AAA+QAM+PQI+Ov8/Nv8/OAI/PQE/QAA/AAA/AAA/QQE/OwBANv9APQFAPgNAAABAAABAAABAAABAPwBBOwBBOAVBPwFBAABBAABBAABBAABBOf8AAgALAUDbASezAA==', 'reason': None, 'iso': True, 'person_uuid': '5f61a864-b518-4f0c-9c6f-2a1e2da63426', 'last_modified_date': '2022-12-22 16:48:59.484', 'version_iso_20': True, 'recapture': 0, 'archived': 0, 'device_name': 'Neurotec', 'biometric0_.match_person_uuid': None, 'extra': 'null', 'facility_id': 1859, 'template_type': 'Right Middle Finger', 'id': 'a68a5dd8-ea01-4c36-bc14-c155b634bf11', 'recapture_message': None, 'count': 6, 'hashed': None, 'last_modified_by': 'ETL', 'created_by': 'ETL', 'replace_date': None, 'image_quality': None, 'created_date': '2022-12-22 16:48:59.484', 'biometric_type': 'FINGERPRINT', 'enrollment_date': '2022-12-22', 'stg_batch_id': '20250523140835', 'stg_load_time': datetime.datetime(2025, 5, 24, 17, 3, 6, 618663), 'stg_file_name': 'biometric_0_20250523140835_decrypted.json', 'stg_datim_id': 'bSGThj4mGr5'}, {'template': 'Rk1SACAyMAAAAAFtAAABQAHgAMUAxQEAAABYC4BYATVLSkBBAU/GLECEAVNEUoA7AVRKVkB5AVS/ZIBGAWZFMUA3AXVHAYBXAXk9Y0BlAYU6YYCEAZW0T4CTAbS4OwENAAEBDQIBAAABAAABAgMBB ... (190 characters truncated) ... HAAAHAAAHCAMHBgEHBAAIBP8IBgEIAAAIAAAIAAAICQEIA/8IBQMJAv8JCAEJAAAJAAAJAAAJCgMJAAAJBQEKCwEKAAAKAAAKAAAKAwAKCQMKAAAKAAALAAALAAALAAALAAALCgELCf8LAAALAAA=', 'reason': None, 'iso': True, 'person_uuid': '6a46c033-8d07-40b4-a143-d2d7637eee22', 'last_modified_date': '2022-12-22 16:54:48.825', 'version_iso_20': True, 'recapture': 0, 'archived': 0, 'device_name': 'Neurotec', 'biometric0_.match_person_uuid': None, 'extra': 'null', 'facility_id': 1859, 'template_type': 'Left Thumb', 'id': '1dd37e34-26e3-42a7-b899-61d74e0eae72', 'recapture_message': None, 'count': 6, 'hashed': None, 'last_modified_by': 'ETL', 'created_by': 'ETL', 'replace_date': None, 'image_quality': None, 'created_date': '2022-12-22 16:54:48.825', 'biometric_type': 'FINGERPRINT', 'enrollment_date': '2022-12-22', 'stg_batch_id': '20250523140835', 'stg_load_time': datetime.datetime(2025, 5, 24, 17, 3, 6, 618663), 'stg_file_name': 'biometric_0_20250523140835_decrypted.json', 'stg_datim_id': 'bSGThj4mGr5'}, {'template': 'Rk1SACAyMAAAAAFtAAABQAHgAMUAxQEAAABEC0B7AMgzLoDFAPq3NICLAScuSkC7AUQzVoCfAUukXYCoAVkxZIDXAWEzSEC3AWOiN4CcAYYiO0CGAZKkAUCPAbAdLQENAAEBDQIBAAABAAABAAABA ... (190 characters truncated) ... HCQEHAAAHAAAHAAAHAAAICQAIAAAIAAAIBwIIBAEIBf8IBgEICv8JCAAJAwYJAAAJCgAJCwEJAAAJAAAJB/8KAAAKCwIKAAAKCQAKBgEKAAAKAAAKAAALCf8LCgILAAALAAALAAALAAALAAALAAA=', 'reason': None, 'iso': True, 'person_uuid': 'cfc99524-01c6-48bf-b553-69b79e391772', 'last_modified_date': '2022-12-24 14:06:09.873', 'version_iso_20': True, 'recapture': 0, 'archived': 0, 'device_name': 'Neurotec', 'biometric0_.match_person_uuid': None, 'extra': 'null', 'facility_id': 1859, 'template_type': 'Left Index Finger', 'id': '80d77fa7-9376-47ce-a2f8-286cf475220e', 'recapture_message': None, 'count': 6, 'hashed': None, 'last_modified_by': 'ETL', 'created_by': 'ETL', 'replace_date': None, 'image_quality': None, 'created_date': '2022-12-24 14:06:09.873', 'biometric_type': 'FINGERPRINT', 'enrollment_date': '2022-12-24', 'stg_batch_id': '20250523140835', 'stg_load_time': datetime.datetime(2025, 5, 24, 17, 3, 6, 618663), 'stg_file_name': 'biometric_0_20250523140835_decrypted.json', 'stg_datim_id': 'bSGThj4mGr5'}, {'template': 'Rk1SACAyMAAAAApVAAABQAHgAMUAxQEAAAA+V4CcAAmnOUCmAA2uMUCGAA6pP0C7AA6nMkBtABCbOkBlABOcPUB4ABeoP4BAABwXKkDrABzeMYBuAB+qRkDHAB+2P4BaACKlPkECACbcJYDNACq+P ... (3230 characters truncated) ... TAABTAABTAABTV/9TVAFUTgNUTwJUR/9UUwFUAABUAABUVwJUVgFVAABVAABVAABVAABVAABVTAVVUgNVVgBWAABWAABWAABWVQBWAABWUgNWUARWVwJXUP9XTgZXVAJXU/9XAABXAABXAABXAAA=', 'reason': None, 'iso': True, 'person_uuid': 'a843f456-55df-48bb-a7fe-7e17175a0c9c', 'last_modified_date': '2023-02-16 12:19:01.004', 'version_iso_20': True, 'recapture': 0, 'archived': 0, 'device_name': 'Neurotec', 'biometric0_.match_person_uuid': None, 'extra': 'null', 'facility_id': 1859, 'template_type': 'Right Middle Finger', 'id': '02caf4fd-47bb-4b0b-8565-b8c920bc35cd', 'recapture_message': None, 'count': 6, 'hashed': None, 'last_modified_by': 'ETL', 'created_by': 'ETL', 'replace_date': None, 'image_quality': None, 'created_date': '2023-02-16 12:19:01.004', 'biometric_type': 'FINGERPRINT', 'enrollment_date': '2023-02-16', 'stg_batch_id': '20250523140835', 'stg_load_time': datetime.datetime(2025, 5, 24, 17, 3, 6, 618663), 'stg_file_name': 'biometric_0_20250523140835_decrypted.json', 'stg_datim_id': 'bSGThj4mGr5'}  ... displaying 10 of 3000 total bound parameter sets ...  {'template': 'Rk1SACAyMAAAAAEmAAABQAHgAMUAxQEAAABFLIChAFMQQUDbAFz6NECyAGYGTUB1AG4YRECvAIOTVEEMAIhqLUA0AJIhNoEDAKRyRED6ALJ+UYB6ALgZS0EHAMroSkA/ANIdRkCQAN4YS0BmAPsYT ... (94 characters truncated) ... RRkCZAWOgTUDEAWnHXkCpAXG2QkCkAXuyR0CvAXy+ToDeAYO8XIBwAYUlUoCzAY1CSYDsAZm1WEBoAaeYTUD2Aam5SID1AbmvNoEDAbnMLECjAb8lRUDYAcErSECVAcSTPIDGAcQqT4BuAcsQRAAA', 'reason': None, 'iso': True, 'person_uuid': '3ac49c01-b981-4f0a-a230-a24c1211fc87', 'last_modified_date': '2024-10-03 14:06:07.125', 'version_iso_20': True, 'recapture': 3, 'archived': 0, 'device_name': 'Futronic FS80H #1', 'biometric0_.match_person_uuid': None, 'extra': 'null', 'facility_id': 1859, 'template_type': 'Left Middle Finger', 'id': '092c4cd2-e005-479e-b3fb-197c750e049c', 'recapture_message': None, 'count': 8, 'hashed': '$2a$12$MklNDNgs4Agd50cSasj91O3mlfPJfQ1CDSSPaViELBVAn8TYxe6sO', 'last_modified_by': 'guest@lamisplus.org', 'created_by': 'guest@lamisplus.org', 'replace_date': None, 'image_quality': 69.0, 'created_date': '2024-10-03 14:06:07.125', 'biometric_type': 'FINGERPRINT', 'enrollment_date': '2024-10-03', 'stg_batch_id': '20250523140835', 'stg_load_time': datetime.datetime(2025, 5, 24, 17, 3, 6, 618663), 'stg_file_name': 'biometric_0_20250523140835_decrypted.json', 'stg_datim_id': 'bSGThj4mGr5'}, {'template': 'Rk1SACAyMAAAAAECAAABQAHgAMUAxQEAAAA9JkCSAJAjKUDGAKQXS4DSALYQVkDjALmTU0BZALwmKoDvAMAASUDKAMUTV0D3AMiIQUDeAM8LVoESANh/QEDqANwDV0ETAOH2PYBcAOmdNECXAOkfU ... (46 characters truncated) ... jL4CpAWYcVICKAXkhTkBDAXsnNEDgAYHzWUBpAYMfREE8AYnSSYBuAYsdTICyAY8cU0BSAZSgOIDjAZbNP4DbAaSqTUEGAa7BT0D4Aba5VkEjAb6+T0EGAb9FS4DNAcumPYDdAdCmToDFAdYoNQAA', 'reason': None, 'iso': True, 'person_uuid': '3ac49c01-b981-4f0a-a230-a24c1211fc87', 'last_modified_date': '2024-10-03 14:06:07.125', 'version_iso_20': True, 'recapture': 3, 'archived': 0, 'device_name': 'Futronic FS80H #1', 'biometric0_.match_person_uuid': None, 'extra': 'null', 'facility_id': 1859, 'template_type': 'Left Index Finger', 'id': 'd457f82f-b065-4aaf-9eab-711853eccf01', 'recapture_message': None, 'count': 8, 'hashed': '$2a$12$MklNDNgs4Agd50cSasj91OT9H5ZWkM72oSE..aVnnGDttmY/nXvge', 'last_modified_by': 'guest@lamisplus.org', 'created_by': 'guest@lamisplus.org', 'replace_date': None, 'image_quality': 61.0, 'created_date': '2024-10-03 14:06:07.125', 'biometric_type': 'FINGERPRINT', 'enrollment_date': '2024-10-03', 'stg_batch_id': '20250523140835', 'stg_load_time': datetime.datetime(2025, 5, 24, 17, 3, 6, 618663), 'stg_file_name': 'biometric_0_20250523140835_decrypted.json', 'stg_datim_id': 'bSGThj4mGr5'})]
(Background on this error at: https://sqlalche.me/e/14/f405)]
[2025-05-24 17:03:06,906: INFO: file_loader: Processing file]
[2025-05-24 17:03:06,906: INFO: file_loader: ----------------------------s-------------------------------------------------]
[2025-05-24 17:03:06,906: INFO: file_loader: The file '/home/lamisplus/server/temp/bSGThj4mGr5/biometric_1_20250523140835_decrypted.json' exists.]
[2025-05-24 17:03:07,093: INFO: file_loader: successfully updated start_time, file_name and stg_table in sync_file]
[2025-05-24 17:03:07,093: INFO: file_loader: Processing file]
[2025-05-24 17:03:07,135: INFO: file_loader: biometric_1_20250523140835_decrypted.json yet to be loaded]
[2025-05-24 17:03:07,161: INFO: file_loader: (successfully inserted records into file_ingestion_log]
[2025-05-24 17:03:07,161: INFO: file_loader: biometric_1_20250523140835_decrypted.json logs inserted into file_ingestion_log]
[2025-05-24 17:03:07,161: INFO: file_loader: biometric_1_20250523140835_decrypted.json attempting to load]
[2025-05-24 17:03:07,260: INFO: file_loader: " " successfully replace with NA]
[2025-05-24 17:03:07,384: ERROR: file_loader: An unexpected error occurred: (psycopg2.errors.UndefinedColumn) column "biometric0_.match_person_uuid" of relation "stg_biometric" does not exist
LINE 1: ...version_iso_20, recapture, archived, device_name, "biometric...
                                                             ^

[SQL: INSERT INTO stg_biometric (template, reason, iso, person_uuid, last_modified_date, version_iso_20, recapture, archived, device_name, "biometric0_.match_person_uuid", extra, facility_id, template_type, id, recapture_message, count, hashed, last_modified_by, created_by, replace_date, image_quality, created_date, biometric_type, enrollment_date, stg_batch_id, stg_load_time, stg_file_name, stg_datim_id) VALUES (%(template)s, %(reason)s, %(iso)s, %(person_uuid)s, %(last_modified_date)s, %(version_iso_20)s, %(recapture)s, %(archived)s, %(device_name)s, %(biometric0_.match_person_uuid)s, %(extra)s, %(facility_id)s, %(template_type)s, %(id)s, %(recapture_message)s, %(count)s, %(hashed)s, %(last_modified_by)s, %(created_by)s, %(replace_date)s, %(image_quality)s, %(created_date)s, %(biometric_type)s, %(enrollment_date)s, %(stg_batch_id)s, %(stg_load_time)s, %(stg_file_name)s, %(stg_datim_id)s)]
[parameters: ({'template': 'Rk1SACAyMAAAAADeAAABQAHgAMUAxQEAAABAIECKAIkYPUCcAJAKSEB3AJMeOUCCAJ6iSoDDAKH/SYCzAKKPUEDcAKWBNEDlAKV/KkDOALX+TEBXALilRkCOALsVTUBWANUmS0DlANWBPkB/ANwbU0A7AOwiNkA/APuhNIBpAPscUECnAP8LUUDnAP+CQUCZAQGWUEBhAR0fS4B3ASYYVYBrAU4aT0DJAVGJUIC/AV0DSEDcAWB+S0DNAXj6OIDdAXh9L4CrAXmcRkD1AX90K4C4AYGZNoCuAY0KOwAA', 'reason': None, 'iso': True, 'person_uuid': '3ac49c01-b981-4f0a-a230-a24c1211fc87', 'last_modified_date': '2024-10-03 14:06:07.125', 'version_iso_20': True, 'recapture': 3, 'archived': 0, 'device_name': 'Futronic FS80H #1', 'biometric0_.match_person_uuid': None, 'extra': 'null', 'facility_id': 1859, 'template_type': 'Right Little Finger', 'id': 'dad02e7c-039c-4ec9-8ccf-6235b2f41984', 'recapture_message': None, 'count': 8, 'hashed': '$2a$12$MklNDNgs4Agd50cSasj91Ocp2xZayjHWK/soynd5T.Irv8j2VT8au', 'last_modified_by': 'guest@lamisplus.org', 'created_by': 'guest@lamisplus.org', 'replace_date': None, 'image_quality': 64, 'created_date': '2024-10-03 14:06:07.125', 'biometric_type': 'FINGERPRINT', 'enrollment_date': '2024-10-03', 'stg_batch_id': '20250523140835', 'stg_load_time': datetime.datetime(2025, 5, 24, 17, 3, 7, 217344), 'stg_file_name': 'biometric_1_20250523140835_decrypted.json', 'stg_datim_id': 'bSGThj4mGr5'}, {'template': 'Rk1SACAyMAAAAAEaAAABQAHgAMUAxQEAAAA+KkB1AA2KOUA2AA6bJUDcAA73KoCqABP+OEDxAB7sMYBHACaeRYEOAExpN4AsAF0eNoBEAGGhOkAsAGYdOYBuAG0PU0BSAHCjQ0ArAHIdOkBYAH+oV ... (78 characters truncated) ... TQkAqANg1RUCpANvBSkC2AOHQVIDHAO3TT0DLAPxTSEDkAQ1PVoDwAS5BUEDWAS9XTYDgATBYR4CYATzjWkD7AUSXRkELAUaeMEECAVCSMYCJAVFYV0DvAVchPYBJAWbfMIB8AXhjO0BOAX5rJAAA', 'reason': None, 'iso': True, 'person_uuid': 'a50a77a1-1990-451b-9c30-005338e78fb4', 'last_modified_date': '2024-10-07 12:49:02.066', 'version_iso_20': True, 'recapture': 3, 'archived': 0, 'device_name': 'Futronic FS80H #1', 'biometric0_.match_person_uuid': None, 'extra': 'null', 'facility_id': 1859, 'template_type': 'Right Ring Finger', 'id': '6037e08b-cf0d-44cc-a565-2b1bf8ffdf9e', 'recapture_message': None, 'count': 8, 'hashed': '$2a$12$MklNDNgs4Agd50cSasj91OXdPklC4zmWgMbxC9Q9nKc0rbu6QL.nC', 'last_modified_by': 'guest@lamisplus.org', 'created_by': 'guest@lamisplus.org', 'replace_date': None, 'image_quality': 62, 'created_date': '2024-10-07 12:49:02.033', 'biometric_type': 'FINGERPRINT', 'enrollment_date': '2024-10-07', 'stg_batch_id': '20250523140835', 'stg_load_time': datetime.datetime(2025, 5, 24, 17, 3, 7, 217344), 'stg_file_name': 'biometric_1_20250523140835_decrypted.json', 'stg_datim_id': 'bSGThj4mGr5'}, {'template': 'Rk1SACAyMAAAAAEUAAABQAHgAMUAxQEAAABBKUBcAHkEIUDjAK5pMoC5AL3tToBkAMCJVYChAMF5VUBJAMsJUkBtANP+VkC9AO3oS0CBAPB8WYAWAPunI4BNAQMLUoDpAQZnToA0AQ0ZQ4ChAQ3gV ... (70 characters truncated) ... SRkCTAU1uSUBcAU+5S4B+AVHKSYBHAVS8RkBpAVUVSUDeAVvLV4AiAWBANEBXAWAxTEA2AWo7PUDvAYy5UEEBAZy2PoCkAZ4+RYC3AZ4tTUEIAbekLICjAb0MSoBCAb7gK4DAAcwUQEDXAdAXPgAA', 'reason': None, 'iso': True, 'person_uuid': 'a50a77a1-1990-451b-9c30-005338e78fb4', 'last_modified_date': '2024-10-07 12:49:02.066', 'version_iso_20': True, 'recapture': 3, 'archived': 0, 'device_name': 'Futronic FS80H #1', 'biometric0_.match_person_uuid': None, 'extra': 'null', 'facility_id': 1859, 'template_type': 'Left Index Finger', 'id': 'b7d432e6-6a1a-4c8a-a0bf-4f6d31b94652', 'recapture_message': None, 'count': 8, 'hashed': '$2a$12$MklNDNgs4Agd50cSasj91ODFHs3pURdSxyy6CU1d47xm5RTZqXK8G', 'last_modified_by': 'guest@lamisplus.org', 'created_by': 'guest@lamisplus.org', 'replace_date': None, 'image_quality': 65, 'created_date': '2024-10-07 12:49:02.049', 'biometric_type': 'FINGERPRINT', 'enrollment_date': '2024-10-07', 'stg_batch_id': '20250523140835', 'stg_load_time': datetime.datetime(2025, 5, 24, 17, 3, 7, 217344), 'stg_file_name': 'biometric_1_20250523140835_decrypted.json', 'stg_datim_id': 'bSGThj4mGr5'}, {'template': 'Rk1SACAyMAAAAAEmAAABQAHgAMUAxQEAAABOLECcAH4ISECLAIKRSkBfAIwUP0CyAJWKVkCWAKULUEEJAK1oKoBdAK8SVICJALqPVEDwAMBtRUEPAMZiJ4BSAN0WWoERAPDOVoBbAPUUXICkAQCDV ... (94 characters truncated) ... yREA4AWjeW0BeAW8IT4AdAX5TQUCtAYQhUkBTAYxnVYB1AY9+TEBEAZBmVUAdAZRkNYDoAZYiP0B1AZgLQECDAZwMSUCpAaMTRUDfAaUROYDOAakSN4DHAa0QNIBHAbHvL4C2AbIHOUCYAbn+PQAA', 'reason': None, 'iso': True, 'person_uuid': 'a50a77a1-1990-451b-9c30-005338e78fb4', 'last_modified_date': '2024-10-07 12:49:02.066', 'version_iso_20': True, 'recapture': 3, 'archived': 0, 'device_name': 'Futronic FS80H #1', 'biometric0_.match_person_uuid': None, 'extra': 'null', 'facility_id': 1859, 'template_type': 'Left Ring Finger', 'id': '51ab5328-60f8-4f72-9e07-87a2ab7fa03a', 'recapture_message': None, 'count': 8, 'hashed': '$2a$12$MklNDNgs4Agd50cSasj91OfReuRKN5MMGwgSACLAR2CsA39ji0Zvy', 'last_modified_by': 'guest@lamisplus.org', 'created_by': 'guest@lamisplus.org', 'replace_date': None, 'image_quality': 78, 'created_date': '2024-10-07 12:49:02.05', 'biometric_type': 'FINGERPRINT', 'enrollment_date': '2024-10-07', 'stg_batch_id': '20250523140835', 'stg_load_time': datetime.datetime(2025, 5, 24, 17, 3, 7, 217344), 'stg_file_name': 'biometric_1_20250523140835_decrypted.json', 'stg_datim_id': 'bSGThj4mGr5'}, {'template': 'Rk1SACAyMAAAAAFKAAABQAHgAMUAxQEAAABFMoClAGb+PYBcAHMUPUCqAHiCTYBQAIKaP4ByAIYNVIEFAJJmKUClAKWDVoBbALQWW0DaAMvcWYCHAN8EWUATAOErJ0BIAOKrVYBWAOghVYBhAO+tW ... (142 characters truncated) ... wUkDcAUKtSICVAUSiVkAxAUe6OYBXAUgRR4BBAVQYLEAxAV0jI0BIAWaNQ0CWAXAhTEAuAXISLECwAXshP4BDAX0HN0B7AX2MQEBGAY7zIEBaAZb5FoBqAZj/H0B4AZgDJEB4AaX4LUBkAahiLAAA', 'reason': None, 'iso': True, 'person_uuid': 'a50a77a1-1990-451b-9c30-005338e78fb4', 'last_modified_date': '2024-10-07 12:49:02.066', 'version_iso_20': True, 'recapture': 3, 'archived': 0, 'device_name': 'Futronic FS80H #1', 'biometric0_.match_person_uuid': None, 'extra': 'null', 'facility_id': 1859, 'template_type': 'Left Little Finger', 'id': '616aeb64-29d8-4d13-b862-d3e5e58c7fb7', 'recapture_message': None, 'count': 8, 'hashed': '$2a$12$MklNDNgs4Agd50cSasj91OxpstvOGFNemscJlKyTxtAWl.0dwG9KG', 'last_modified_by': 'guest@lamisplus.org', 'created_by': 'guest@lamisplus.org', 'replace_date': None, 'image_quality': 69, 'created_date': '2024-10-07 12:49:02.05', 'biometric_type': 'FINGERPRINT', 'enrollment_date': '2024-10-07', 'stg_batch_id': '20250523140835', 'stg_load_time': datetime.datetime(2025, 5, 24, 17, 3, 7, 217344), 'stg_file_name': 'biometric_1_20250523140835_decrypted.json', 'stg_datim_id': 'bSGThj4mGr5'}, {'template': 'Rk1SACAyMAAAAAEUAAABQAHgAMUAxQEAAABKKYCVALEITkDiALz3SoD6AL93RoDvANP2UUEJANd1R0C5AN37U0DSAN95TkDKAOt9U0CzAPT/PUBGAPatNICAARKxWUBbARe3U0DcASvdVUC5AS2+S ... (70 characters truncated) ... JQ0CpAWDbV0C/AWRUPEDyAW1aV0ClAXbfV4EWAXdSUkDvAX5fWIExAYBWOkEcAYhjSEDQAYpgTUC4AYtbV0EAAZhvSkBgAa3nOICKAbFmRoCrAbNoTUD0Abx3MkB0AcLsNEDxAcn7IEC5Acx0NAAA', 'reason': None, 'iso': True, 'person_uuid': 'a50a77a1-1990-451b-9c30-005338e78fb4', 'last_modified_date': '2024-10-07 12:49:02.066', 'version_iso_20': True, 'recapture': 3, 'archived': 0, 'device_name': 'Futronic FS80H #1', 'biometric0_.match_person_uuid': None, 'extra': 'null', 'facility_id': 1859, 'template_type': 'Right Little Finger', 'id': 'c0c9470c-0422-4eac-a564-34aa14c7f8ea', 'recapture_message': None, 'count': 8, 'hashed': '$2a$12$MklNDNgs4Agd50cSasj91O7kuo2s1Q8qVi8NYnezFghmrSYWr76/S', 'last_modified_by': 'guest@lamisplus.org', 'created_by': 'guest@lamisplus.org', 'replace_date': None, 'image_quality': 74, 'created_date': '2024-10-07 12:49:02.05', 'biometric_type': 'FINGERPRINT', 'enrollment_date': '2024-10-07', 'stg_batch_id': '20250523140835', 'stg_load_time': datetime.datetime(2025, 5, 24, 17, 3, 7, 217344), 'stg_file_name': 'biometric_1_20250523140835_decrypted.json', 'stg_datim_id': 'bSGThj4mGr5'}, {'template': 'Rk1SACAyMAAAAAEOAAABQAHgAMUAxQEAAABHKICDAHAaRkCCAJmiUkBdAJojT4CVAKAZWUA3AKMoNICsAL0PWUAmANgvNUAyAOKxQUEJAOPhQYD3AORuUEC3AOcJQkDMAOuQRUDrAP/ZVEEDAQPRS ... (62 characters truncated) ... YS0DfASVlTYDMASe+SUAsAS29MUCIAUpCV4DpAVM5VoDcAWhMVEDqAW04RoEvAXS5MUC4AXnlW0A8AYLUOkEVAY2YOoDqAZZ0WECTAapfVIBtAatbS4D/AbKPKEDRAbV3SUDqAbeCNICDAbptQQAA', 'reason': None, 'iso': True, 'person_uuid': 'a50a77a1-1990-451b-9c30-005338e78fb4', 'last_modified_date': '2024-10-07 12:49:02.066', 'version_iso_20': True, 'recapture': 3, 'archived': 0, 'device_name': 'Futronic FS80H #1', 'biometric0_.match_person_uuid': None, 'extra': 'null', 'facility_id': 1859, 'template_type': 'Left Middle Finger', 'id': 'd4d96a09-03bf-48c3-857a-7cd0ed694450', 'recapture_message': None, 'count': 8, 'hashed': '$2a$12$MklNDNgs4Agd50cSasj91O04NbUxPjp/6571KBam8S7BSIVEk0QuG', 'last_modified_by': 'guest@lamisplus.org', 'created_by': 'guest@lamisplus.org', 'replace_date': None, 'image_quality': 71, 'created_date': '2024-10-07 12:49:02.05', 'biometric_type': 'FINGERPRINT', 'enrollment_date': '2024-10-07', 'stg_batch_id': '20250523140835', 'stg_load_time': datetime.datetime(2025, 5, 24, 17, 3, 7, 217344), 'stg_file_name': 'biometric_1_20250523140835_decrypted.json', 'stg_datim_id': 'bSGThj4mGr5'}, {'template': 'Rk1SACAyMAAAAAFiAAABQAHgAMUAxQEAAABCNkDTAIuGNkC+AI4HPEEJAKP2KoDWAKaFLYDLAKcCLICWAMEKSUBuANCSPoDgANP3WYEqARHeNoDhARfwWIEJARdrVUEdAR7fPoCBASAPR0AYASMgJ ... (174 characters truncated) ... 0QUBeAZEpUUC4AZQ5QoEGAZuyWECmAZwzSYAkAZ00T0B3AaAuSUCSAaMvVYErAaW9NkCDAaYxUUEMAa2xR0BmAbPVVkD+AbYyRkEhAbe9LoCJAbksSYEBAcCrR4AoAcZLOoCFAdtmUEDTAd2cPQAA', 'reason': None, 'iso': True, 'person_uuid': 'a50a77a1-1990-451b-9c30-005338e78fb4', 'last_modified_date': '2024-10-07 12:49:02.066', 'version_iso_20': True, 'recapture': 3, 'archived': 0, 'device_name': 'Futronic FS80H #1', 'biometric0_.match_person_uuid': None, 'extra': 'null', 'facility_id': 1859, 'template_type': 'Left Thumb', 'id': 'a9a6c618-38e9-4b30-bd9c-ed98234a203b', 'recapture_message': None, 'count': 8, 'hashed': '$2a$12$MklNDNgs4Agd50cSasj91O03B6a0ZTaZVMhBdGKEg6alGEGAk/u0a', 'last_modified_by': 'guest@lamisplus.org', 'created_by': 'guest@lamisplus.org', 'replace_date': None, 'image_quality': 66, 'created_date': '2024-10-07 12:49:02.05', 'biometric_type': 'FINGERPRINT', 'enrollment_date': '2024-10-07', 'stg_batch_id': '20250523140835', 'stg_load_time': datetime.datetime(2025, 5, 24, 17, 3, 7, 217344), 'stg_file_name': 'biometric_1_20250523140835_decrypted.json', 'stg_datim_id': 'bSGThj4mGr5'}  ... displaying 10 of 1293 total bound parameter sets ...  {'template': 'Rk1SACAyMAAAAAGMAAABLAGQAMUAxQEAARBRPUBRABp4AIDFAC5rAEBbAEV9AIA8AEgAAECNAEhsAEBEAFGGAEDNAFLoAIDmAFNrAECnAHJnAEByAHZ4AECwAJNsAEDmAJTgAECzAJjoAEAPAKasA ... (770 characters truncated) ... AAAAAAAAAAAAAAAAAAAAAAAAAAAAAAAAAAAAAAAAAAAAAAAAAAAAAAAAAAAAAAAAAAAAAAAAAAAAAAAAAAAAAAAAAAAAAAAAAAAAAAAAAAAAAAAAAAAAAAAAAAAAAAAAAAAAAAAAAAAAAAAAAAAA=', 'reason': None, 'iso': True, 'person_uuid': 'ef5acdf7-0bba-4be0-84dd-bc92c54ea803', 'last_modified_date': '2025-01-16 18:22:25.627', 'version_iso_20': True, 'recapture': 4, 'archived': 0, 'device_name': 'Secugen Mobile', 'biometric0_.match_person_uuid': None, 'extra': 'null', 'facility_id': 1859, 'template_type': 'Right Thumb Finger', 'id': '5d6a3326-0d8f-4e4b-869b-f6c793906c48', 'recapture_message': None, 'count': 10, 'hashed': '$2a$12$MklNDNgs4Agd50cSasj91OUCfZm5cqDI.4520m0UUMJAwJTnZ5O7y', 'last_modified_by': 'guest@lamisplus.org', 'created_by': 'guest@lamisplus.org', 'replace_date': None, 'image_quality': 81, 'created_date': '2025-01-16 18:22:25.542', 'biometric_type': 'FINGERPRINT', 'enrollment_date': '2025-01-09', 'stg_batch_id': '20250523140835', 'stg_load_time': datetime.datetime(2025, 5, 24, 17, 3, 7, 217344), 'stg_file_name': 'biometric_1_20250523140835_decrypted.json', 'stg_datim_id': 'bSGThj4mGr5'}, {'template': 'Rk1SACAyMAAAAAFuAAABLAGQAMUAxQEAARBJOECUABiKAIB4ABoaAECDAB0NAIC1ACf4AICfACn4AECYADONAIC1AD57AICbAE8HAEBiAGqoAEByAG24AEBtAG6uAECWAHYVAIB7AHg1AIBIAHqoA ... (770 characters truncated) ... AAAAAAAAAAAAAAAAAAAAAAAAAAAAAAAAAAAAAAAAAAAAAAAAAAAAAAAAAAAAAAAAAAAAAAAAAAAAAAAAAAAAAAAAAAAAAAAAAAAAAAAAAAAAAAAAAAAAAAAAAAAAAAAAAAAAAAAAAAAAAAAAAAAA=', 'reason': None, 'iso': True, 'person_uuid': 'ef5acdf7-0bba-4be0-84dd-bc92c54ea803', 'last_modified_date': '2025-01-16 18:22:25.627', 'version_iso_20': True, 'recapture': 4, 'archived': 0, 'device_name': 'Secugen Mobile', 'biometric0_.match_person_uuid': None, 'extra': 'null', 'facility_id': 1859, 'template_type': 'Right Index Finger', 'id': '4d9d6195-96f3-4d8e-9ee3-624a4da5f931', 'recapture_message': None, 'count': 10, 'hashed': '$2a$12$MklNDNgs4Agd50cSasj91O5rPSVZCHivyT/s9uJSIMib5cXPiWLvG', 'last_modified_by': 'guest@lamisplus.org', 'created_by': 'guest@lamisplus.org', 'replace_date': None, 'image_quality': 73, 'created_date': '2025-01-16 18:22:25.543', 'biometric_type': 'FINGERPRINT', 'enrollment_date': '2025-01-09', 'stg_batch_id': '20250523140835', 'stg_load_time': datetime.datetime(2025, 5, 24, 17, 3, 7, 217344), 'stg_file_name': 'biometric_1_20250523140835_decrypted.json', 'stg_datim_id': 'bSGThj4mGr5'})]
(Background on this error at: https://sqlalche.me/e/14/f405)]
[2025-05-24 17:03:07,384: INFO: file_loader: json files successfully processed]
