[2025-04-02 16:49:32,393: INFO: multi_file_ingestion_process: Facility batch file uploads inserted into batch_facility_processing]
[2025-04-02 16:49:34,527: INFO: multi_file_ingestion_process: Starting ingestion process with log ID: IPID_20250402_16_49]
[2025-04-02 16:49:34,551: INFO: multi_file_ingestion_process: ingestion of 17 files for A2O8vKakKks started]
[2025-04-02 16:49:34,597: INFO: multithread_file_loader: Processing file]
[2025-04-02 16:49:34,816: INFO: multithread_file_loader: successfully updated start_time, file_name and stg_table in sync_file]
[2025-04-02 16:49:34,816: INFO: multithread_file_loader: The file '/home/lamisplus/server/temp/A2O8vKakKks/hiv_regimen_drug_0_20250104183651_decrypted.json' does not exist. Skipping to next file]
[2025-04-02 16:49:34,978: INFO: multithread_file_loader: Sync File log updated for afee298e-85a1-4709-bf27-99af5c66fee3 successfully]
[2025-04-02 16:49:34,978: INFO: multithread_file_loader: Processing file]
[2025-04-02 16:49:35,160: INFO: multithread_file_loader: successfully updated start_time, file_name and stg_table in sync_file]
[2025-04-02 16:49:35,160: INFO: multithread_file_loader: The file '/home/lamisplus/server/temp/A2O8vKakKks/hiv_regimen_resolver_0_20250104183651_decrypted.json' does not exist. Skipping to next file]
[2025-04-02 16:49:35,330: INFO: multithread_file_loader: Sync File log updated for f25857db-4c1e-4a62-a935-57b272398cff successfully]
[2025-04-02 16:49:35,331: INFO: multithread_file_loader: Processing file]
[2025-04-02 16:49:35,499: INFO: multithread_file_loader: successfully updated start_time, file_name and stg_table in sync_file]
[2025-04-02 16:49:35,500: INFO: multithread_file_loader: The file '/home/lamisplus/server/temp/A2O8vKakKks/hiv_regimen_type_0_20250104183651_decrypted.json' does not exist. Skipping to next file]
[2025-04-02 16:49:35,669: INFO: multithread_file_loader: Sync File log updated for 4e9f0d1b-1650-4597-9e45-0f6774699a72 successfully]
[2025-04-02 16:49:35,669: INFO: multithread_file_loader: Processing file]
[2025-04-02 16:49:35,835: INFO: multithread_file_loader: successfully updated start_time, file_name and stg_table in sync_file]
[2025-04-02 16:49:35,836: INFO: multithread_file_loader: The file '/home/lamisplus/server/temp/A2O8vKakKks/patient_visit_0_20250104183651_decrypted.json' does not exist. Skipping to next file]
[2025-04-02 16:49:36,017: INFO: multithread_file_loader: Sync File log updated for 25b42512-b02a-4e49-9cd7-8ae447b9b9a7 successfully]
[2025-04-02 16:49:36,018: INFO: multithread_file_loader: Processing file]
[2025-04-02 16:49:36,189: INFO: multithread_file_loader: successfully updated start_time, file_name and stg_table in sync_file]
[2025-04-02 16:49:36,189: INFO: multithread_file_loader: The file '/home/lamisplus/server/temp/A2O8vKakKks/base_application_codeset_0_20250104183651_decrypted.json' does not exist. Skipping to next file]
[2025-04-02 16:49:36,364: INFO: multithread_file_loader: Sync File log updated for d46ddfe1-8a20-458c-ae93-46d08916a47f successfully]
[2025-04-02 16:49:36,364: INFO: multithread_file_loader: Processing file]
[2025-04-02 16:49:36,518: INFO: multithread_file_loader: successfully updated start_time, file_name and stg_table in sync_file]
[2025-04-02 16:49:36,519: INFO: multithread_file_loader: The file '/home/lamisplus/server/temp/A2O8vKakKks/base_organisation_unit_0_20250104183651_decrypted.json' does not exist. Skipping to next file]
[2025-04-02 16:49:36,718: INFO: multithread_file_loader: Sync File log updated for 0ced6ea5-66a9-4b91-bc08-342f6979e53d successfully]
[2025-04-02 16:49:36,718: INFO: multithread_file_loader: Processing file]
[2025-04-02 16:49:36,895: INFO: multithread_file_loader: successfully updated start_time, file_name and stg_table in sync_file]
[2025-04-02 16:49:36,895: INFO: multithread_file_loader: The file '/home/lamisplus/server/temp/A2O8vKakKks/base_organisation_unit_1_20250104183651_decrypted.json' does not exist. Skipping to next file]
[2025-04-02 16:49:37,062: INFO: multithread_file_loader: Sync File log updated for e61fa603-8500-41af-8f3d-751abf416e3f successfully]
[2025-04-02 16:49:37,063: INFO: multithread_file_loader: Processing file]
[2025-04-02 16:49:37,224: INFO: multithread_file_loader: successfully updated start_time, file_name and stg_table in sync_file]
[2025-04-02 16:49:37,224: INFO: multithread_file_loader: The file '/home/lamisplus/server/temp/A2O8vKakKks/biometric_1_20250104183651_decrypted.json' does not exist. Skipping to next file]
[2025-04-02 16:49:37,401: INFO: multithread_file_loader: Sync File log updated for 1cb56470-23ac-4b07-808c-9c96dfaea3da successfully]
[2025-04-02 16:49:37,402: INFO: multithread_file_loader: Processing file]
[2025-04-02 16:49:37,588: INFO: multithread_file_loader: successfully updated start_time, file_name and stg_table in sync_file]
[2025-04-02 16:49:37,588: INFO: multithread_file_loader: The file '/home/lamisplus/server/temp/A2O8vKakKks/biometric_2_20250104183651_decrypted.json' does not exist. Skipping to next file]
[2025-04-02 16:49:37,746: INFO: multithread_file_loader: Sync File log updated for d619fda8-1d35-41e0-95de-a5063b97096c successfully]
[2025-04-02 16:49:37,747: INFO: multithread_file_loader: Processing file]
[2025-04-02 16:49:37,918: INFO: multithread_file_loader: successfully updated start_time, file_name and stg_table in sync_file]
[2025-04-02 16:49:37,918: INFO: multithread_file_loader: The file '/home/lamisplus/server/temp/A2O8vKakKks/case_manager_0_20250104183651_decrypted.json' does not exist. Skipping to next file]
[2025-04-02 16:49:38,106: INFO: multithread_file_loader: Sync File log updated for 240561c6-519a-4933-b4c0-a3fed53e37d2 successfully]
[2025-04-02 16:49:38,107: INFO: multithread_file_loader: Processing file]
[2025-04-02 16:49:38,286: INFO: multithread_file_loader: successfully updated start_time, file_name and stg_table in sync_file]
[2025-04-02 16:49:38,286: INFO: multithread_file_loader: The file '/home/lamisplus/server/temp/A2O8vKakKks/case_manager_patients_0_20250104183651_decrypted.json' does not exist. Skipping to next file]
[2025-04-02 16:49:38,469: INFO: multithread_file_loader: Sync File log updated for f974366e-1f93-468d-bd63-b39d4aba1ae8 successfully]
[2025-04-02 16:49:38,469: INFO: multithread_file_loader: Processing file]
[2025-04-02 16:49:38,634: INFO: multithread_file_loader: successfully updated start_time, file_name and stg_table in sync_file]
[2025-04-02 16:49:38,634: INFO: multithread_file_loader: The file '/home/lamisplus/server/temp/A2O8vKakKks/hiv_art_pharmacy_regimens_3_20250104183651_decrypted.json' does not exist. Skipping to next file]
[2025-04-02 16:49:38,816: INFO: multithread_file_loader: Sync File log updated for efc1ebd8-10ba-475f-b4e2-e10c5a076345 successfully]
[2025-04-02 16:49:38,817: INFO: multithread_file_loader: Processing file]
[2025-04-02 16:49:38,980: INFO: multithread_file_loader: successfully updated start_time, file_name and stg_table in sync_file]
[2025-04-02 16:49:38,980: INFO: multithread_file_loader: The file '/home/lamisplus/server/temp/A2O8vKakKks/hiv_art_pharmacy_regimens_4_20250104183651_decrypted.json' does not exist. Skipping to next file]
[2025-04-02 16:49:39,154: INFO: multithread_file_loader: Sync File log updated for 08732a03-5900-4ae6-864a-e0e01633001e successfully]
[2025-04-02 16:49:39,154: INFO: multithread_file_loader: Processing file]
[2025-04-02 16:49:39,322: INFO: multithread_file_loader: successfully updated start_time, file_name and stg_table in sync_file]
[2025-04-02 16:49:39,323: INFO: multithread_file_loader: The file '/home/lamisplus/server/temp/A2O8vKakKks/hiv_art_pharmacy_regimens_7_20250104183651_decrypted.json' does not exist. Skipping to next file]
[2025-04-02 16:49:39,503: INFO: multithread_file_loader: Sync File log updated for 5443044c-17d8-4b52-b015-6bbf16ac1ac1 successfully]
[2025-04-02 16:49:39,503: INFO: multithread_file_loader: Processing file]
[2025-04-02 16:49:39,682: INFO: multithread_file_loader: successfully updated start_time, file_name and stg_table in sync_file]
[2025-04-02 16:49:39,683: INFO: multithread_file_loader: The file '/home/lamisplus/server/temp/A2O8vKakKks/hiv_eac_0_20250104183651_decrypted.json' does not exist. Skipping to next file]
[2025-04-02 16:49:39,847: INFO: multithread_file_loader: Sync File log updated for 2bbd65fb-4c1e-442b-81ce-9c6affa071e7 successfully]
[2025-04-02 16:49:39,847: INFO: multithread_file_loader: Processing file]
[2025-04-02 16:49:40,017: INFO: multithread_file_loader: successfully updated start_time, file_name and stg_table in sync_file]
[2025-04-02 16:49:40,018: INFO: multithread_file_loader: The file '/home/lamisplus/server/temp/A2O8vKakKks/hiv_eac_out_come_0_20250104183651_decrypted.json' does not exist. Skipping to next file]
[2025-04-02 16:49:40,206: INFO: multithread_file_loader: Sync File log updated for 02b5a448-fe22-4cf1-be40-0e303702d935 successfully]
[2025-04-02 16:49:40,206: INFO: multithread_file_loader: Processing file]
[2025-04-02 16:49:40,373: INFO: multithread_file_loader: successfully updated start_time, file_name and stg_table in sync_file]
[2025-04-02 16:49:40,373: INFO: multithread_file_loader: The file '/home/lamisplus/server/temp/A2O8vKakKks/hiv_observation_0_20250104183651_decrypted.json' does not exist. Skipping to next file]
[2025-04-02 16:49:40,543: INFO: multithread_file_loader: Sync File log updated for 7ba7166c-e86e-44e5-85e3-7f1482bff0f8 successfully]
[2025-04-02 16:49:40,543: INFO: multithread_file_loader: json files successfully processed]
[2025-04-02 16:49:40,581: INFO: multi_file_ingestion_process: files updated for A2O8vKakKks in batch_facility_processing]
[2025-04-02 16:49:40,582: INFO: multi_file_ingestion_process: ingestion of 17 files for A2O8vKakKks completed]
[2025-04-02 16:49:40,616: INFO: multi_file_ingestion_process: File ingestion process completed successfully.]
[2025-04-02 16:59:56,393: INFO: multi_file_ingestion_process: Facility batch file uploads inserted into batch_facility_processing]
[2025-04-02 16:59:56,516: INFO: multi_file_ingestion_process: No unprocessed facilities found.]
[2025-04-02 17:00:21,429: INFO: multi_file_ingestion_process: Facility batch file uploads inserted into batch_facility_processing]
[2025-04-02 17:00:21,601: INFO: multi_file_ingestion_process: Starting ingestion process with log ID: IPID_20250402_17_00]
[2025-04-02 17:00:21,605: INFO: multi_file_ingestion_process: ingestion of 44 files for A1xxdELs2fm started]
[2025-04-02 17:00:21,626: INFO: multithread_file_loader: Processing file]
[2025-04-02 17:00:21,775: INFO: multithread_file_loader: successfully updated start_time, file_name and stg_table in sync_file]
[2025-04-02 17:00:21,776: INFO: multithread_file_loader: The file '/home/lamisplus/server/temp/A1xxdELs2fm/biometric_1_20250122060805_decrypted.json' does not exist. Skipping to next file]
[2025-04-02 17:00:21,939: INFO: multithread_file_loader: Sync File log updated for 10592a1e-85a4-4dbf-bc3f-782932a686d9 successfully]
[2025-04-02 17:00:21,939: INFO: multithread_file_loader: Processing file]
[2025-04-02 17:00:22,105: INFO: multithread_file_loader: successfully updated start_time, file_name and stg_table in sync_file]
[2025-04-02 17:00:22,106: INFO: multithread_file_loader: The file '/home/lamisplus/server/temp/A1xxdELs2fm/case_manager_patients_0_20250122060805_decrypted.json' does not exist. Skipping to next file]
[2025-04-02 17:00:22,265: INFO: multithread_file_loader: Sync File log updated for 85f81735-2cf3-4309-a66e-df8517f57aab successfully]
[2025-04-02 17:00:22,265: INFO: multithread_file_loader: Processing file]
[2025-04-02 17:00:22,427: INFO: multithread_file_loader: successfully updated start_time, file_name and stg_table in sync_file]
[2025-04-02 17:00:22,427: INFO: multithread_file_loader: The file '/home/lamisplus/server/temp/A1xxdELs2fm/hiv_eac_session_0_20250122060805_decrypted.json' does not exist. Skipping to next file]
[2025-04-02 17:00:22,609: INFO: multithread_file_loader: Sync File log updated for c0e73236-5a7b-400d-aab0-68e2850fb17e successfully]
[2025-04-02 17:00:22,609: INFO: multithread_file_loader: Processing file]
[2025-04-02 17:00:22,775: INFO: multithread_file_loader: successfully updated start_time, file_name and stg_table in sync_file]
[2025-04-02 17:00:22,775: INFO: multithread_file_loader: The file '/home/lamisplus/server/temp/A1xxdELs2fm/hiv_regimen_resolver_0_20250122060805_decrypted.json' does not exist. Skipping to next file]
[2025-04-02 17:00:22,942: INFO: multithread_file_loader: Sync File log updated for f364f4c5-0e07-4c3c-bffe-839b5164f67c successfully]
[2025-04-02 17:00:22,943: INFO: multithread_file_loader: Processing file]
[2025-04-02 17:00:23,129: INFO: multithread_file_loader: successfully updated start_time, file_name and stg_table in sync_file]
[2025-04-02 17:00:23,130: INFO: multithread_file_loader: The file '/home/lamisplus/server/temp/A1xxdELs2fm/laboratory_sample_type_0_20250122060805_decrypted.json' does not exist. Skipping to next file]
[2025-04-02 17:00:23,299: INFO: multithread_file_loader: Sync File log updated for 17b7da1f-c213-4dfe-addf-a3736d24d095 successfully]
[2025-04-02 17:00:23,299: INFO: multithread_file_loader: Processing file]
[2025-04-02 17:00:23,471: INFO: multithread_file_loader: successfully updated start_time, file_name and stg_table in sync_file]
[2025-04-02 17:00:23,471: INFO: multithread_file_loader: The file '/home/lamisplus/server/temp/A1xxdELs2fm/hiv_regimen_0_20241219143651_decrypted.json' does not exist. Skipping to next file]
[2025-04-02 17:00:23,655: INFO: multithread_file_loader: Sync File log updated for 6100c5f0-ab87-48ba-9a01-8f5aa61ecd7f successfully]
[2025-04-02 17:00:23,656: INFO: multithread_file_loader: Processing file]
[2025-04-02 17:00:23,816: INFO: multithread_file_loader: successfully updated start_time, file_name and stg_table in sync_file]
[2025-04-02 17:00:23,817: INFO: multithread_file_loader: The file '/home/lamisplus/server/temp/A1xxdELs2fm/laboratory_sample_type_0_20250108140248_decrypted.json' does not exist. Skipping to next file]
[2025-04-02 17:00:23,986: INFO: multithread_file_loader: Sync File log updated for 59122daa-598f-4cd4-8a5d-9fa4e484e551 successfully]
[2025-04-02 17:00:23,986: INFO: multithread_file_loader: Processing file]
[2025-04-02 17:00:24,278: INFO: multithread_file_loader: successfully updated start_time, file_name and stg_table in sync_file]
[2025-04-02 17:00:24,279: INFO: multithread_file_loader: The file '/home/lamisplus/server/temp/A1xxdELs2fm/patient_visit_0_20250108140248_decrypted.json' does not exist. Skipping to next file]
[2025-04-02 17:00:24,487: INFO: multithread_file_loader: Sync File log updated for aefec672-04fe-48cd-9828-abb7bb0cd737 successfully]
[2025-04-02 17:00:24,488: INFO: multithread_file_loader: Processing file]
[2025-04-02 17:00:24,666: INFO: multithread_file_loader: successfully updated start_time, file_name and stg_table in sync_file]
[2025-04-02 17:00:24,667: INFO: multithread_file_loader: The file '/home/lamisplus/server/temp/A1xxdELs2fm/hiv_art_pharmacy_regimens_2_20250108140248_decrypted.json' does not exist. Skipping to next file]
[2025-04-02 17:00:24,830: INFO: multithread_file_loader: Sync File log updated for 7d5c3120-9181-43bc-8797-b56646d00ecb successfully]
[2025-04-02 17:00:24,831: INFO: multithread_file_loader: Processing file]
[2025-04-02 17:00:25,012: INFO: multithread_file_loader: successfully updated start_time, file_name and stg_table in sync_file]
[2025-04-02 17:00:25,013: INFO: multithread_file_loader: The file '/home/lamisplus/server/temp/A1xxdELs2fm/prep_regimen_0_20250108140248_decrypted.json' does not exist. Skipping to next file]
[2025-04-02 17:00:25,180: INFO: multithread_file_loader: Sync File log updated for f60f6297-d67a-4798-afaf-d486525fca55 successfully]
[2025-04-02 17:00:25,181: INFO: multithread_file_loader: Processing file]
[2025-04-02 17:00:25,361: INFO: multithread_file_loader: successfully updated start_time, file_name and stg_table in sync_file]
[2025-04-02 17:00:25,361: INFO: multithread_file_loader: The file '/home/lamisplus/server/temp/A1xxdELs2fm/hiv_regimen_type_0_20241219143651_decrypted.json' does not exist. Skipping to next file]
[2025-04-02 17:00:25,533: INFO: multithread_file_loader: Sync File log updated for 8ab80c1c-fcf9-4404-87cb-710560c7da6c successfully]
[2025-04-02 17:00:25,533: INFO: multithread_file_loader: Processing file]
[2025-04-02 17:00:25,723: INFO: multithread_file_loader: successfully updated start_time, file_name and stg_table in sync_file]
[2025-04-02 17:00:25,723: INFO: multithread_file_loader: The file '/home/lamisplus/server/temp/A1xxdELs2fm/hiv_observation_0_20250108140248_decrypted.json' does not exist. Skipping to next file]
[2025-04-02 17:00:25,899: INFO: multithread_file_loader: Sync File log updated for 12e086d4-5c39-4e42-84ee-cb69f695688d successfully]
[2025-04-02 17:00:25,899: INFO: multithread_file_loader: Processing file]
[2025-04-02 17:00:26,084: INFO: multithread_file_loader: successfully updated start_time, file_name and stg_table in sync_file]
[2025-04-02 17:00:26,084: INFO: multithread_file_loader: The file '/home/lamisplus/server/temp/A1xxdELs2fm/laboratory_sample_0_20250122060805_decrypted.json' does not exist. Skipping to next file]
[2025-04-02 17:00:26,258: INFO: multithread_file_loader: Sync File log updated for feb8e173-77fe-46d2-b194-1b598e14db59 successfully]
[2025-04-02 17:00:26,259: INFO: multithread_file_loader: Processing file]
[2025-04-02 17:00:26,437: INFO: multithread_file_loader: successfully updated start_time, file_name and stg_table in sync_file]
[2025-04-02 17:00:26,437: INFO: multithread_file_loader: The file '/home/lamisplus/server/temp/A1xxdELs2fm/hiv_regimen_0_20250108140248_decrypted.json' does not exist. Skipping to next file]
[2025-04-02 17:00:26,626: INFO: multithread_file_loader: Sync File log updated for cb4e7101-8cad-455c-9373-d3cba3678689 successfully]
[2025-04-02 17:00:26,627: INFO: multithread_file_loader: Processing file]
[2025-04-02 17:00:26,795: INFO: multithread_file_loader: successfully updated start_time, file_name and stg_table in sync_file]
[2025-04-02 17:00:26,796: INFO: multithread_file_loader: The file '/home/lamisplus/server/temp/A1xxdELs2fm/patient_person_0_20250108140248_decrypted.json' does not exist. Skipping to next file]
[2025-04-02 17:00:26,987: INFO: multithread_file_loader: Sync File log updated for c2e9bd14-be66-4fb6-a8f9-4e2dd34882de successfully]
[2025-04-02 17:00:26,987: INFO: multithread_file_loader: Processing file]
[2025-04-02 17:00:27,156: INFO: multithread_file_loader: successfully updated start_time, file_name and stg_table in sync_file]
[2025-04-02 17:00:27,156: INFO: multithread_file_loader: The file '/home/lamisplus/server/temp/A1xxdELs2fm/biometric_0_20250122060805_decrypted.json' does not exist. Skipping to next file]
[2025-04-02 17:00:27,332: INFO: multithread_file_loader: Sync File log updated for 9736cc71-d055-4f0a-8dc0-e0ad0c46bd55 successfully]
[2025-04-02 17:00:27,333: INFO: multithread_file_loader: Processing file]
[2025-04-02 17:00:27,501: INFO: multithread_file_loader: successfully updated start_time, file_name and stg_table in sync_file]
[2025-04-02 17:00:27,501: INFO: multithread_file_loader: The file '/home/lamisplus/server/temp/A1xxdELs2fm/base_application_codeset_0_20241219143651_decrypted.json' does not exist. Skipping to next file]
[2025-04-02 17:00:27,688: INFO: multithread_file_loader: Sync File log updated for b9e0e815-ebac-4458-9a3a-504a441815ca successfully]
[2025-04-02 17:00:27,688: INFO: multithread_file_loader: Processing file]
[2025-04-02 17:00:27,864: INFO: multithread_file_loader: successfully updated start_time, file_name and stg_table in sync_file]
[2025-04-02 17:00:27,865: INFO: multithread_file_loader: The file '/home/lamisplus/server/temp/A1xxdELs2fm/laboratory_labtestgroup_0_20241219143651_decrypted.json' does not exist. Skipping to next file]
[2025-04-02 17:00:28,052: INFO: multithread_file_loader: Sync File log updated for 4dab8411-6644-4983-b7b4-373d8ea67b11 successfully]
[2025-04-02 17:00:28,052: INFO: multithread_file_loader: Processing file]
[2025-04-02 17:00:28,233: INFO: multithread_file_loader: successfully updated start_time, file_name and stg_table in sync_file]
[2025-04-02 17:00:28,233: INFO: multithread_file_loader: The file '/home/lamisplus/server/temp/A1xxdELs2fm/base_application_codeset_0_20250108140248_decrypted.json' does not exist. Skipping to next file]
[2025-04-02 17:00:28,401: INFO: multithread_file_loader: Sync File log updated for fbb0d51c-a37f-48a3-b43e-14c297209528 successfully]
[2025-04-02 17:00:28,401: INFO: multithread_file_loader: Processing file]
[2025-04-02 17:00:28,577: INFO: multithread_file_loader: successfully updated start_time, file_name and stg_table in sync_file]
[2025-04-02 17:00:28,578: INFO: multithread_file_loader: The file '/home/lamisplus/server/temp/A1xxdELs2fm/hiv_regimen_drug_0_20241219143651_decrypted.json' does not exist. Skipping to next file]
[2025-04-02 17:00:28,750: INFO: multithread_file_loader: Sync File log updated for 7bbd97aa-1fcf-4d75-80b7-02eca3b1b0fd successfully]
[2025-04-02 17:00:28,751: INFO: multithread_file_loader: Processing file]
[2025-04-02 17:00:28,919: INFO: multithread_file_loader: successfully updated start_time, file_name and stg_table in sync_file]
[2025-04-02 17:00:28,920: INFO: multithread_file_loader: The file '/home/lamisplus/server/temp/A1xxdELs2fm/laboratory_result_0_20241219143651_decrypted.json' does not exist. Skipping to next file]
[2025-04-02 17:00:29,101: INFO: multithread_file_loader: Sync File log updated for 3518563f-ab3e-4d18-8b45-6bf13599985b successfully]
[2025-04-02 17:00:29,101: INFO: multithread_file_loader: Processing file]
[2025-04-02 17:00:29,286: INFO: multithread_file_loader: successfully updated start_time, file_name and stg_table in sync_file]
[2025-04-02 17:00:29,286: INFO: multithread_file_loader: The file '/home/lamisplus/server/temp/A1xxdELs2fm/base_organisation_unit_1_20250108140248_decrypted.json' does not exist. Skipping to next file]
[2025-04-02 17:00:29,452: INFO: multithread_file_loader: Sync File log updated for 5f49eb25-f6e7-4798-970a-08d7eae72572 successfully]
[2025-04-02 17:00:29,452: INFO: multithread_file_loader: Processing file]
[2025-04-02 17:00:29,613: INFO: multithread_file_loader: successfully updated start_time, file_name and stg_table in sync_file]
[2025-04-02 17:00:29,613: INFO: multithread_file_loader: The file '/home/lamisplus/server/temp/A1xxdELs2fm/hiv_art_pharmacy_regimens_1_20250108140248_decrypted.json' does not exist. Skipping to next file]
[2025-04-02 17:00:29,810: INFO: multithread_file_loader: Sync File log updated for 6792899e-31d6-4fee-8f94-ffe1ecfa42a6 successfully]
[2025-04-02 17:00:29,810: INFO: multithread_file_loader: Processing file]
[2025-04-02 17:00:29,993: INFO: multithread_file_loader: successfully updated start_time, file_name and stg_table in sync_file]
[2025-04-02 17:00:29,993: INFO: multithread_file_loader: The file '/home/lamisplus/server/temp/A1xxdELs2fm/hiv_regimen_drug_0_20250108140248_decrypted.json' does not exist. Skipping to next file]
[2025-04-02 17:00:30,166: INFO: multithread_file_loader: Sync File log updated for beffdcfd-22bf-4c87-8e09-acdf7baae724 successfully]
[2025-04-02 17:00:30,166: INFO: multithread_file_loader: Processing file]
[2025-04-02 17:00:30,344: INFO: multithread_file_loader: successfully updated start_time, file_name and stg_table in sync_file]
[2025-04-02 17:00:30,344: INFO: multithread_file_loader: The file '/home/lamisplus/server/temp/A1xxdELs2fm/biometric_2_20250122060805_decrypted.json' does not exist. Skipping to next file]
[2025-04-02 17:00:30,521: INFO: multithread_file_loader: Sync File log updated for f7ddf568-a1cf-44d7-80fe-a8fa3661beb3 successfully]
[2025-04-02 17:00:30,521: INFO: multithread_file_loader: Processing file]
[2025-04-02 17:00:30,684: INFO: multithread_file_loader: successfully updated start_time, file_name and stg_table in sync_file]
[2025-04-02 17:00:30,684: INFO: multithread_file_loader: The file '/home/lamisplus/server/temp/A1xxdELs2fm/hiv_regimen_type_0_20250122060805_decrypted.json' does not exist. Skipping to next file]
[2025-04-02 17:00:30,849: INFO: multithread_file_loader: Sync File log updated for c354c48e-9612-42a1-91dc-e134396ab0ac successfully]
[2025-04-02 17:00:30,849: INFO: multithread_file_loader: Processing file]
[2025-04-02 17:00:31,018: INFO: multithread_file_loader: successfully updated start_time, file_name and stg_table in sync_file]
[2025-04-02 17:00:31,019: INFO: multithread_file_loader: The file '/home/lamisplus/server/temp/A1xxdELs2fm/laboratory_test_0_20250122060805_decrypted.json' does not exist. Skipping to next file]
[2025-04-02 17:00:31,198: INFO: multithread_file_loader: Sync File log updated for 311a0b8e-15d1-47ab-bded-b0dadfa1eb40 successfully]
[2025-04-02 17:00:31,199: INFO: multithread_file_loader: Processing file]
[2025-04-02 17:00:31,366: INFO: multithread_file_loader: successfully updated start_time, file_name and stg_table in sync_file]
[2025-04-02 17:00:31,366: INFO: multithread_file_loader: The file '/home/lamisplus/server/temp/A1xxdELs2fm/case_manager_0_20250122060805_decrypted.json' does not exist. Skipping to next file]
[2025-04-02 17:00:31,545: INFO: multithread_file_loader: Sync File log updated for bf6febee-2a57-4cc5-ad6e-b12142e91e0f successfully]
[2025-04-02 17:00:31,545: INFO: multithread_file_loader: Processing file]
[2025-04-02 17:00:31,720: INFO: multithread_file_loader: successfully updated start_time, file_name and stg_table in sync_file]
[2025-04-02 17:00:31,721: INFO: multithread_file_loader: The file '/home/lamisplus/server/temp/A1xxdELs2fm/hiv_status_tracker_0_20250122060805_decrypted.json' does not exist. Skipping to next file]
[2025-04-02 17:00:31,912: INFO: multithread_file_loader: Sync File log updated for 165f88a0-0b8d-4678-b0e1-242694987d61 successfully]
[2025-04-02 17:00:31,912: INFO: multithread_file_loader: Processing file]
[2025-04-02 17:00:32,082: INFO: multithread_file_loader: successfully updated start_time, file_name and stg_table in sync_file]
[2025-04-02 17:00:32,082: INFO: multithread_file_loader: The file '/home/lamisplus/server/temp/A1xxdELs2fm/patient_encounter_0_20250122060805_decrypted.json' does not exist. Skipping to next file]
[2025-04-02 17:00:32,252: INFO: multithread_file_loader: Sync File log updated for 310ed4d2-1b4a-4a8a-a309-5982441c211b successfully]
[2025-04-02 17:00:32,252: INFO: multithread_file_loader: Processing file]
[2025-04-02 17:00:32,425: INFO: multithread_file_loader: successfully updated start_time, file_name and stg_table in sync_file]
[2025-04-02 17:00:32,425: INFO: multithread_file_loader: The file '/home/lamisplus/server/temp/A1xxdELs2fm/hiv_art_pharmacy_0_20250122060805_decrypted.json' does not exist. Skipping to next file]
[2025-04-02 17:00:32,599: INFO: multithread_file_loader: Sync File log updated for 502e2333-039e-48de-b2e2-29259ef6ae7e successfully]
[2025-04-02 17:00:32,600: INFO: multithread_file_loader: Processing file]
[2025-04-02 17:00:32,777: INFO: multithread_file_loader: successfully updated start_time, file_name and stg_table in sync_file]
[2025-04-02 17:00:32,777: INFO: multithread_file_loader: The file '/home/lamisplus/server/temp/A1xxdELs2fm/hts_client_0_20250122060805_decrypted.json' does not exist. Skipping to next file]
[2025-04-02 17:00:32,972: INFO: multithread_file_loader: Sync File log updated for c8cc559f-0aab-4e34-82e6-a0721b738ad4 successfully]
[2025-04-02 17:00:32,972: INFO: multithread_file_loader: Processing file]
[2025-04-02 17:00:33,151: INFO: multithread_file_loader: successfully updated start_time, file_name and stg_table in sync_file]
[2025-04-02 17:00:33,151: INFO: multithread_file_loader: The file '/home/lamisplus/server/temp/A1xxdELs2fm/patient_person_0_20250122060805_decrypted.json' does not exist. Skipping to next file]
[2025-04-02 17:00:33,318: INFO: multithread_file_loader: Sync File log updated for 04c8d56e-03dc-46e8-86f4-8ee49e07384b successfully]
[2025-04-02 17:00:33,319: INFO: multithread_file_loader: Processing file]
[2025-04-02 17:00:33,492: INFO: multithread_file_loader: successfully updated start_time, file_name and stg_table in sync_file]
[2025-04-02 17:00:33,492: INFO: multithread_file_loader: The file '/home/lamisplus/server/temp/A1xxdELs2fm/hiv_art_pharmacy_regimens_0_20250122060805_decrypted.json' does not exist. Skipping to next file]
[2025-04-02 17:00:33,668: INFO: multithread_file_loader: Sync File log updated for bef1184f-85b4-4c92-906d-1799a6e11e85 successfully]
[2025-04-02 17:00:33,668: INFO: multithread_file_loader: Processing file]
[2025-04-02 17:00:33,836: INFO: multithread_file_loader: successfully updated start_time, file_name and stg_table in sync_file]
[2025-04-02 17:00:33,836: INFO: multithread_file_loader: The file '/home/lamisplus/server/temp/A1xxdELs2fm/hts_client_referral_0_20250122060805_decrypted.json' does not exist. Skipping to next file]
[2025-04-02 17:00:34,016: INFO: multithread_file_loader: Sync File log updated for 00af4780-dd46-444c-a8f6-cc5f3fd0f2d5 successfully]
[2025-04-02 17:00:34,016: INFO: multithread_file_loader: Processing file]
[2025-04-02 17:00:34,195: INFO: multithread_file_loader: successfully updated start_time, file_name and stg_table in sync_file]
[2025-04-02 17:00:34,195: INFO: multithread_file_loader: The file '/home/lamisplus/server/temp/A1xxdELs2fm/patient_visit_0_20250122060805_decrypted.json' does not exist. Skipping to next file]
[2025-04-02 17:00:34,357: INFO: multithread_file_loader: Sync File log updated for 9f4d13db-03c9-45ff-b287-6410be4dd793 successfully]
[2025-04-02 17:00:34,358: INFO: multithread_file_loader: Processing file]
[2025-04-02 17:00:34,527: INFO: multithread_file_loader: successfully updated start_time, file_name and stg_table in sync_file]
[2025-04-02 17:00:34,528: INFO: multithread_file_loader: The file '/home/lamisplus/server/temp/A1xxdELs2fm/hiv_art_pharmacy_regimens_1_20250122060805_decrypted.json' does not exist. Skipping to next file]
[2025-04-02 17:00:34,703: INFO: multithread_file_loader: Sync File log updated for a3a1f97a-6f5d-4a32-8cb1-046de228f169 successfully]
[2025-04-02 17:00:34,704: INFO: multithread_file_loader: Processing file]
[2025-04-02 17:00:34,875: INFO: multithread_file_loader: successfully updated start_time, file_name and stg_table in sync_file]
[2025-04-02 17:00:34,875: INFO: multithread_file_loader: The file '/home/lamisplus/server/temp/A1xxdELs2fm/hts_index_elicitation_0_20250122060805_decrypted.json' does not exist. Skipping to next file]
[2025-04-02 17:00:35,040: INFO: multithread_file_loader: Sync File log updated for ca46ab47-58a5-4aae-997d-3ce295af91d6 successfully]
[2025-04-02 17:00:35,040: INFO: multithread_file_loader: Processing file]
[2025-04-02 17:00:35,207: INFO: multithread_file_loader: successfully updated start_time, file_name and stg_table in sync_file]
[2025-04-02 17:00:35,207: INFO: multithread_file_loader: The file '/home/lamisplus/server/temp/A1xxdELs2fm/prep_enrollment_0_20250122060805_decrypted.json' does not exist. Skipping to next file]
[2025-04-02 17:00:35,379: INFO: multithread_file_loader: Sync File log updated for d13edba2-22ee-482e-81cb-f6a14464d6a2 successfully]
[2025-04-02 17:00:35,380: INFO: multithread_file_loader: Processing file]
[2025-04-02 17:00:35,553: INFO: multithread_file_loader: successfully updated start_time, file_name and stg_table in sync_file]
[2025-04-02 17:00:35,554: INFO: multithread_file_loader: The file '/home/lamisplus/server/temp/A1xxdELs2fm/hiv_regimen_resolver_0_20241219143651_decrypted.json' does not exist. Skipping to next file]
[2025-04-02 17:00:35,749: INFO: multithread_file_loader: Sync File log updated for a891bee2-865f-433d-b8cd-1390a8573ed5 successfully]
[2025-04-02 17:00:35,749: INFO: multithread_file_loader: Processing file]
[2025-04-02 17:00:35,929: INFO: multithread_file_loader: successfully updated start_time, file_name and stg_table in sync_file]
[2025-04-02 17:00:35,929: INFO: multithread_file_loader: The file '/home/lamisplus/server/temp/A1xxdELs2fm/hts_client_0_20241219143651_decrypted.json' does not exist. Skipping to next file]
[2025-04-02 17:00:36,112: INFO: multithread_file_loader: Sync File log updated for e51eea76-9a5f-46a8-a513-736d7e649ec5 successfully]
[2025-04-02 17:00:36,112: INFO: multithread_file_loader: Processing file]
[2025-04-02 17:00:36,273: INFO: multithread_file_loader: successfully updated start_time, file_name and stg_table in sync_file]
[2025-04-02 17:00:36,274: INFO: multithread_file_loader: The file '/home/lamisplus/server/temp/A1xxdELs2fm/base_organisation_unit_0_20241219143651_decrypted.json' does not exist. Skipping to next file]
[2025-04-02 17:00:36,441: INFO: multithread_file_loader: Sync File log updated for 2ec87bd3-4e19-41b9-b40d-7580e0e21c55 successfully]
[2025-04-02 17:00:36,442: INFO: multithread_file_loader: Processing file]
[2025-04-02 17:00:36,627: INFO: multithread_file_loader: successfully updated start_time, file_name and stg_table in sync_file]
[2025-04-02 17:00:36,627: INFO: multithread_file_loader: The file '/home/lamisplus/server/temp/A1xxdELs2fm/base_organisation_unit_1_20241219143651_decrypted.json' does not exist. Skipping to next file]
[2025-04-02 17:00:36,790: INFO: multithread_file_loader: Sync File log updated for 6bf64f7a-f948-443f-b796-510296084b6b successfully]
[2025-04-02 17:00:36,790: INFO: multithread_file_loader: Processing file]
[2025-04-02 17:00:36,986: INFO: multithread_file_loader: successfully updated start_time, file_name and stg_table in sync_file]
[2025-04-02 17:00:36,986: INFO: multithread_file_loader: The file '/home/lamisplus/server/temp/A1xxdELs2fm/hiv_art_pharmacy_regimens_0_20241219143651_decrypted.json' does not exist. Skipping to next file]
[2025-04-02 17:00:37,148: INFO: multithread_file_loader: Sync File log updated for dc559cb6-3cde-41d9-907b-29604ec28479 successfully]
[2025-04-02 17:00:37,149: INFO: multithread_file_loader: Processing file]
[2025-04-02 17:00:37,309: INFO: multithread_file_loader: successfully updated start_time, file_name and stg_table in sync_file]
[2025-04-02 17:00:37,309: INFO: multithread_file_loader: The file '/home/lamisplus/server/temp/A1xxdELs2fm/hiv_art_pharmacy_regimens_1_20241219143651_decrypted.json' does not exist. Skipping to next file]
[2025-04-02 17:00:37,480: INFO: multithread_file_loader: Sync File log updated for 8a45c707-ee1f-4bb5-830e-676e4bfcc3ce successfully]
[2025-04-02 17:00:37,481: INFO: multithread_file_loader: Processing file]
[2025-04-02 17:00:37,655: INFO: multithread_file_loader: successfully updated start_time, file_name and stg_table in sync_file]
[2025-04-02 17:00:37,655: INFO: multithread_file_loader: The file '/home/lamisplus/server/temp/A1xxdELs2fm/hiv_art_pharmacy_regimens_2_20241219143651_decrypted.json' does not exist. Skipping to next file]
[2025-04-02 17:00:37,838: INFO: multithread_file_loader: Sync File log updated for b9bfdffc-75e4-43c1-848b-8be78f6e0791 successfully]
[2025-04-02 17:00:37,838: INFO: multithread_file_loader: Processing file]
[2025-04-02 17:00:38,003: INFO: multithread_file_loader: successfully updated start_time, file_name and stg_table in sync_file]
[2025-04-02 17:00:38,003: INFO: multithread_file_loader: The file '/home/lamisplus/server/temp/A1xxdELs2fm/laboratory_sample_0_20241219143651_decrypted.json' does not exist. Skipping to next file]
[2025-04-02 17:00:38,186: INFO: multithread_file_loader: Sync File log updated for 29f029a1-6821-4f21-87c6-d0e843495fa1 successfully]
[2025-04-02 17:00:38,186: INFO: multithread_file_loader: Processing file]
[2025-04-02 17:00:38,360: INFO: multithread_file_loader: successfully updated start_time, file_name and stg_table in sync_file]
[2025-04-02 17:00:38,361: INFO: multithread_file_loader: The file '/home/lamisplus/server/temp/A1xxdELs2fm/hiv_regimen_resolver_0_20250108140248_decrypted.json' does not exist. Skipping to next file]
[2025-04-02 17:00:38,543: INFO: multithread_file_loader: Sync File log updated for a28a564a-4e09-482b-ba6a-6788b25428b1 successfully]
[2025-04-02 17:00:38,543: INFO: multithread_file_loader: Processing file]
[2025-04-02 17:00:38,731: INFO: multithread_file_loader: successfully updated start_time, file_name and stg_table in sync_file]
[2025-04-02 17:00:38,732: INFO: multithread_file_loader: The file '/home/lamisplus/server/temp/A1xxdELs2fm/triage_vital_sign_0_20250108140248_decrypted.json' does not exist. Skipping to next file]
[2025-04-02 17:00:38,924: INFO: multithread_file_loader: Sync File log updated for fc6ed56c-3d7a-46af-b36a-91f4c31fc097 successfully]
[2025-04-02 17:00:38,925: INFO: multithread_file_loader: Processing file]
[2025-04-02 17:00:39,115: INFO: multithread_file_loader: successfully updated start_time, file_name and stg_table in sync_file]
[2025-04-02 17:00:39,115: INFO: multithread_file_loader: The file '/home/lamisplus/server/temp/A1xxdELs2fm/hiv_art_pharmacy_regimens_2_20250122060805_decrypted.json' does not exist. Skipping to next file]
[2025-04-02 17:00:39,304: INFO: multithread_file_loader: Sync File log updated for f352ce07-2829-4dc4-8a82-26530f46f880 successfully]
[2025-04-02 17:00:39,305: INFO: multithread_file_loader: Processing file]
[2025-04-02 17:00:39,505: INFO: multithread_file_loader: successfully updated start_time, file_name and stg_table in sync_file]
[2025-04-02 17:00:39,506: INFO: multithread_file_loader: The file '/home/lamisplus/server/temp/A1xxdELs2fm/hts_pns_index_client_partner_0_20250122060805_decrypted.json' does not exist. Skipping to next file]
[2025-04-02 17:00:39,678: INFO: multithread_file_loader: Sync File log updated for 573079bd-93d9-42ee-9871-80fc6184d2ec successfully]
[2025-04-02 17:00:39,678: INFO: multithread_file_loader: Processing file]
[2025-04-02 17:00:39,859: INFO: multithread_file_loader: successfully updated start_time, file_name and stg_table in sync_file]
[2025-04-02 17:00:39,860: INFO: multithread_file_loader: The file '/home/lamisplus/server/temp/A1xxdELs2fm/prep_regimen_0_20250122060805_decrypted.json' does not exist. Skipping to next file]
[2025-04-02 17:00:40,054: INFO: multithread_file_loader: Sync File log updated for 829f69fc-a9a5-4a01-8543-fc0f796f48f9 successfully]
[2025-04-02 17:00:40,055: INFO: multithread_file_loader: Processing file]
[2025-04-02 17:00:40,265: INFO: multithread_file_loader: successfully updated start_time, file_name and stg_table in sync_file]
[2025-04-02 17:00:40,265: INFO: multithread_file_loader: The file '/home/lamisplus/server/temp/A1xxdELs2fm/laboratory_sample_type_0_20241219143651_decrypted.json' does not exist. Skipping to next file]
[2025-04-02 17:00:40,438: INFO: multithread_file_loader: Sync File log updated for 07b0a8dc-dae4-43ec-959d-20f2a3cb9026 successfully]
[2025-04-02 17:00:40,438: INFO: multithread_file_loader: Processing file]
[2025-04-02 17:00:40,666: INFO: multithread_file_loader: successfully updated start_time, file_name and stg_table in sync_file]
[2025-04-02 17:00:40,666: INFO: multithread_file_loader: The file '/home/lamisplus/server/temp/A1xxdELs2fm/hiv_regimen_type_0_20250108140248_decrypted.json' does not exist. Skipping to next file]
[2025-04-02 17:00:40,874: INFO: multithread_file_loader: Sync File log updated for 220d8f99-2a11-4e58-843d-ccdf0b6afd1f successfully]
[2025-04-02 17:00:40,875: INFO: multithread_file_loader: Processing file]
[2025-04-02 17:00:41,091: INFO: multithread_file_loader: successfully updated start_time, file_name and stg_table in sync_file]
[2025-04-02 17:00:41,091: INFO: multithread_file_loader: The file '/home/lamisplus/server/temp/A1xxdELs2fm/hts_risk_stratification_0_20241219143651_decrypted.json' does not exist. Skipping to next file]
[2025-04-02 17:00:41,269: INFO: multithread_file_loader: Sync File log updated for ac590046-97f9-4ff2-bef5-6c4c3eaa556d successfully]
[2025-04-02 17:00:41,270: INFO: multithread_file_loader: Processing file]
[2025-04-02 17:00:41,430: INFO: multithread_file_loader: successfully updated start_time, file_name and stg_table in sync_file]
[2025-04-02 17:00:41,430: INFO: multithread_file_loader: The file '/home/lamisplus/server/temp/A1xxdELs2fm/hiv_eac_0_20250122060805_decrypted.json' does not exist. Skipping to next file]
[2025-04-02 17:00:41,595: INFO: multithread_file_loader: Sync File log updated for c8f9fe73-3262-4eb5-be13-7ace11c2aef1 successfully]
[2025-04-02 17:00:41,595: INFO: multithread_file_loader: Processing file]
[2025-04-02 17:00:41,753: INFO: multithread_file_loader: successfully updated start_time, file_name and stg_table in sync_file]
[2025-04-02 17:00:41,754: INFO: multithread_file_loader: The file '/home/lamisplus/server/temp/A1xxdELs2fm/hts_risk_stratification_0_20250122060805_decrypted.json' does not exist. Skipping to next file]
[2025-04-02 17:00:41,917: INFO: multithread_file_loader: Sync File log updated for fe1548ba-386c-4f73-a992-309526c7bec3 successfully]
[2025-04-02 17:00:41,917: INFO: multithread_file_loader: Processing file]
[2025-04-02 17:00:42,079: INFO: multithread_file_loader: successfully updated start_time, file_name and stg_table in sync_file]
[2025-04-02 17:00:42,080: INFO: multithread_file_loader: The file '/home/lamisplus/server/temp/A1xxdELs2fm/sync_table_count_0_20250122060805_decrypted.json' does not exist. Skipping to next file]
[2025-04-02 17:00:42,249: INFO: multithread_file_loader: Sync File log updated for 278e115a-94e3-40bb-9595-d76ea5a93aa4 successfully]
[2025-04-02 17:00:42,250: INFO: multithread_file_loader: Processing file]
[2025-04-02 17:00:42,455: INFO: multithread_file_loader: successfully updated start_time, file_name and stg_table in sync_file]
[2025-04-02 17:00:42,456: INFO: multithread_file_loader: The file '/home/lamisplus/server/temp/A1xxdELs2fm/laboratory_test_0_20241219143651_decrypted.json' does not exist. Skipping to next file]
[2025-04-02 17:00:42,623: INFO: multithread_file_loader: Sync File log updated for 3baca829-d156-47d5-aff6-a74eed705ce7 successfully]
[2025-04-02 17:00:42,623: INFO: multithread_file_loader: Processing file]
[2025-04-02 17:00:42,787: INFO: multithread_file_loader: successfully updated start_time, file_name and stg_table in sync_file]
[2025-04-02 17:00:42,787: INFO: multithread_file_loader: The file '/home/lamisplus/server/temp/A1xxdELs2fm/hiv_status_tracker_0_20250108140248_decrypted.json' does not exist. Skipping to next file]
[2025-04-02 17:00:42,959: INFO: multithread_file_loader: Sync File log updated for d52b7c70-4ef4-4da4-a507-3c9c1b50c6d7 successfully]
[2025-04-02 17:00:42,959: INFO: multithread_file_loader: Processing file]
[2025-04-02 17:00:43,137: INFO: multithread_file_loader: successfully updated start_time, file_name and stg_table in sync_file]
[2025-04-02 17:00:43,138: INFO: multithread_file_loader: The file '/home/lamisplus/server/temp/A1xxdELs2fm/hts_risk_stratification_0_20250108140248_decrypted.json' does not exist. Skipping to next file]
[2025-04-02 17:00:43,332: INFO: multithread_file_loader: Sync File log updated for ade51f25-5d68-4274-8a8f-87c63cf02059 successfully]
[2025-04-02 17:00:43,332: INFO: multithread_file_loader: Processing file]
[2025-04-02 17:00:43,522: INFO: multithread_file_loader: successfully updated start_time, file_name and stg_table in sync_file]
[2025-04-02 17:00:43,523: INFO: multithread_file_loader: The file '/home/lamisplus/server/temp/A1xxdELs2fm/hiv_enrollment_0_20250122060805_decrypted.json' does not exist. Skipping to next file]
[2025-04-02 17:00:43,718: INFO: multithread_file_loader: Sync File log updated for 8413e49b-e78f-4bf0-a8ec-58de842ff38e successfully]
[2025-04-02 17:00:43,718: INFO: multithread_file_loader: Processing file]
[2025-04-02 17:00:43,953: INFO: multithread_file_loader: successfully updated start_time, file_name and stg_table in sync_file]
[2025-04-02 17:00:43,954: INFO: multithread_file_loader: The file '/home/lamisplus/server/temp/A1xxdELs2fm/laboratory_labtestgroup_0_20250122060805_decrypted.json' does not exist. Skipping to next file]
[2025-04-02 17:00:44,183: INFO: multithread_file_loader: Sync File log updated for b6390197-c0f2-42af-8e06-072f9538e67c successfully]
[2025-04-02 17:00:44,183: INFO: multithread_file_loader: Processing file]
[2025-04-02 17:00:44,350: INFO: multithread_file_loader: successfully updated start_time, file_name and stg_table in sync_file]
[2025-04-02 17:00:44,350: INFO: multithread_file_loader: The file '/home/lamisplus/server/temp/A1xxdELs2fm/triage_vital_sign_0_20250122060805_decrypted.json' does not exist. Skipping to next file]
[2025-04-02 17:00:44,521: INFO: multithread_file_loader: Sync File log updated for d19145c2-6eea-43e5-b952-927adbac568d successfully]
[2025-04-02 17:00:44,521: INFO: multithread_file_loader: Processing file]
[2025-04-02 17:00:44,701: INFO: multithread_file_loader: successfully updated start_time, file_name and stg_table in sync_file]
[2025-04-02 17:00:44,701: INFO: multithread_file_loader: The file '/home/lamisplus/server/temp/A1xxdELs2fm/patient_person_0_20241219143651_decrypted.json' does not exist. Skipping to next file]
[2025-04-02 17:00:44,929: INFO: multithread_file_loader: Sync File log updated for 4b0c8972-05dd-40ae-beb5-572a36ae780d successfully]
[2025-04-02 17:00:44,930: INFO: multithread_file_loader: Processing file]
[2025-04-02 17:00:45,144: INFO: multithread_file_loader: successfully updated start_time, file_name and stg_table in sync_file]
[2025-04-02 17:00:45,144: INFO: multithread_file_loader: The file '/home/lamisplus/server/temp/A1xxdELs2fm/hts_client_0_20250108140248_decrypted.json' does not exist. Skipping to next file]
[2025-04-02 17:00:45,325: INFO: multithread_file_loader: Sync File log updated for 84eb2d9a-5930-487a-9e90-55e20f09800c successfully]
[2025-04-02 17:00:45,325: INFO: multithread_file_loader: Processing file]
[2025-04-02 17:00:45,508: INFO: multithread_file_loader: successfully updated start_time, file_name and stg_table in sync_file]
[2025-04-02 17:00:45,509: INFO: multithread_file_loader: The file '/home/lamisplus/server/temp/A1xxdELs2fm/base_application_codeset_0_20250122060805_decrypted.json' does not exist. Skipping to next file]
[2025-04-02 17:00:45,685: INFO: multithread_file_loader: Sync File log updated for 54cfd73c-f755-4d8d-8cc7-de0021585a29 successfully]
[2025-04-02 17:00:45,686: INFO: multithread_file_loader: Processing file]
[2025-04-02 17:00:45,835: INFO: multithread_file_loader: successfully updated start_time, file_name and stg_table in sync_file]
[2025-04-02 17:00:45,836: INFO: multithread_file_loader: The file '/home/lamisplus/server/temp/A1xxdELs2fm/hiv_observation_0_20250122060805_decrypted.json' does not exist. Skipping to next file]
[2025-04-02 17:00:46,010: INFO: multithread_file_loader: Sync File log updated for ab5b5445-4fad-4b2a-83a5-4abcc26e6690 successfully]
[2025-04-02 17:00:46,010: INFO: multithread_file_loader: Processing file]
[2025-04-02 17:00:46,167: INFO: multithread_file_loader: successfully updated start_time, file_name and stg_table in sync_file]
[2025-04-02 17:00:46,168: INFO: multithread_file_loader: The file '/home/lamisplus/server/temp/A1xxdELs2fm/laboratory_labtest_0_20250122060805_decrypted.json' does not exist. Skipping to next file]
[2025-04-02 17:00:46,345: INFO: multithread_file_loader: Sync File log updated for 1d354345-55e5-4d29-b809-521be14bafe5 successfully]
[2025-04-02 17:00:46,345: INFO: multithread_file_loader: Processing file]
[2025-04-02 17:00:46,513: INFO: multithread_file_loader: successfully updated start_time, file_name and stg_table in sync_file]
[2025-04-02 17:00:46,513: INFO: multithread_file_loader: The file '/home/lamisplus/server/temp/A1xxdELs2fm/prep_regimen_0_20241219143651_decrypted.json' does not exist. Skipping to next file]
[2025-04-02 17:00:46,666: INFO: multithread_file_loader: Sync File log updated for c1089eb7-0d97-4969-a727-f6160f43300b successfully]
[2025-04-02 17:00:46,666: INFO: multithread_file_loader: Processing file]
[2025-04-02 17:00:46,826: INFO: multithread_file_loader: successfully updated start_time, file_name and stg_table in sync_file]
[2025-04-02 17:00:46,826: INFO: multithread_file_loader: The file '/home/lamisplus/server/temp/A1xxdELs2fm/laboratory_labtestgroup_0_20250108140248_decrypted.json' does not exist. Skipping to next file]
[2025-04-02 17:00:46,982: INFO: multithread_file_loader: Sync File log updated for 5da735f9-17a1-4f68-9e39-13c4331939e0 successfully]
[2025-04-02 17:00:46,982: INFO: multithread_file_loader: Processing file]
[2025-04-02 17:00:47,149: INFO: multithread_file_loader: successfully updated start_time, file_name and stg_table in sync_file]
[2025-04-02 17:00:47,150: INFO: multithread_file_loader: The file '/home/lamisplus/server/temp/A1xxdELs2fm/base_organisation_unit_0_20250122060805_decrypted.json' does not exist. Skipping to next file]
[2025-04-02 17:00:47,314: INFO: multithread_file_loader: Sync File log updated for 185e818f-340d-4ec6-8a79-1b28e510d47c successfully]
[2025-04-02 17:00:47,314: INFO: multithread_file_loader: Processing file]
[2025-04-02 17:00:47,479: INFO: multithread_file_loader: successfully updated start_time, file_name and stg_table in sync_file]
[2025-04-02 17:00:47,479: INFO: multithread_file_loader: The file '/home/lamisplus/server/temp/A1xxdELs2fm/hiv_patient_tracker_0_20250122060805_decrypted.json' does not exist. Skipping to next file]
[2025-04-02 17:00:47,699: INFO: multithread_file_loader: Sync File log updated for 396bcf9f-185b-43fa-ad42-dc6f421341ea successfully]
[2025-04-02 17:00:47,700: INFO: multithread_file_loader: Processing file]
[2025-04-02 17:00:47,884: INFO: multithread_file_loader: successfully updated start_time, file_name and stg_table in sync_file]
[2025-04-02 17:00:47,885: INFO: multithread_file_loader: The file '/home/lamisplus/server/temp/A1xxdELs2fm/laboratory_order_0_20250122060805_decrypted.json' does not exist. Skipping to next file]
[2025-04-02 17:00:48,057: INFO: multithread_file_loader: Sync File log updated for aa234eb8-f7cf-42b9-b18d-4db5e1f9c797 successfully]
[2025-04-02 17:00:48,057: INFO: multithread_file_loader: Processing file]
[2025-04-02 17:00:48,226: INFO: multithread_file_loader: successfully updated start_time, file_name and stg_table in sync_file]
[2025-04-02 17:00:48,227: INFO: multithread_file_loader: The file '/home/lamisplus/server/temp/A1xxdELs2fm/hiv_art_pharmacy_0_20250108140248_decrypted.json' does not exist. Skipping to next file]
[2025-04-02 17:00:48,386: INFO: multithread_file_loader: Sync File log updated for 33de3d00-16f6-4861-9717-f573712439bb successfully]
[2025-04-02 17:00:48,387: INFO: multithread_file_loader: Processing file]
[2025-04-02 17:00:48,562: INFO: multithread_file_loader: successfully updated start_time, file_name and stg_table in sync_file]
[2025-04-02 17:00:48,562: INFO: multithread_file_loader: The file '/home/lamisplus/server/temp/A1xxdELs2fm/laboratory_labtest_0_20250108140248_decrypted.json' does not exist. Skipping to next file]
[2025-04-02 17:00:48,731: INFO: multithread_file_loader: Sync File log updated for 16cd08c8-f9de-417b-bc91-290bde6e9f28 successfully]
[2025-04-02 17:00:48,731: INFO: multithread_file_loader: Processing file]
[2025-04-02 17:00:48,913: INFO: multithread_file_loader: successfully updated start_time, file_name and stg_table in sync_file]
[2025-04-02 17:00:48,913: INFO: multithread_file_loader: The file '/home/lamisplus/server/temp/A1xxdELs2fm/base_organisation_unit_1_20250122060805_decrypted.json' does not exist. Skipping to next file]
[2025-04-02 17:00:49,120: INFO: multithread_file_loader: Sync File log updated for 706800e7-014f-4435-9345-a867ee2409f0 successfully]
[2025-04-02 17:00:49,120: INFO: multithread_file_loader: Processing file]
[2025-04-02 17:00:49,299: INFO: multithread_file_loader: successfully updated start_time, file_name and stg_table in sync_file]
[2025-04-02 17:00:49,300: INFO: multithread_file_loader: The file '/home/lamisplus/server/temp/A1xxdELs2fm/hiv_regimen_0_20250122060805_decrypted.json' does not exist. Skipping to next file]
[2025-04-02 17:00:49,462: INFO: multithread_file_loader: Sync File log updated for 07cc362c-5d6f-4897-a57e-cbfe6bdc7e40 successfully]
[2025-04-02 17:00:49,462: INFO: multithread_file_loader: Processing file]
[2025-04-02 17:00:49,622: INFO: multithread_file_loader: successfully updated start_time, file_name and stg_table in sync_file]
[2025-04-02 17:00:49,622: INFO: multithread_file_loader: The file '/home/lamisplus/server/temp/A1xxdELs2fm/laboratory_result_0_20250122060805_decrypted.json' does not exist. Skipping to next file]
[2025-04-02 17:00:49,809: INFO: multithread_file_loader: Sync File log updated for 6227f672-c9d5-47f6-bee9-54edaed9d66f successfully]
[2025-04-02 17:00:49,809: INFO: multithread_file_loader: Processing file]
[2025-04-02 17:00:49,991: INFO: multithread_file_loader: successfully updated start_time, file_name and stg_table in sync_file]
[2025-04-02 17:00:49,992: INFO: multithread_file_loader: The file '/home/lamisplus/server/temp/A1xxdELs2fm/laboratory_labtest_0_20241219143651_decrypted.json' does not exist. Skipping to next file]
[2025-04-02 17:00:50,175: INFO: multithread_file_loader: Sync File log updated for 97d3ee88-0894-4e43-8b79-0ea36e13aafa successfully]
[2025-04-02 17:00:50,175: INFO: multithread_file_loader: Processing file]
[2025-04-02 17:00:50,365: INFO: multithread_file_loader: successfully updated start_time, file_name and stg_table in sync_file]
[2025-04-02 17:00:50,365: INFO: multithread_file_loader: The file '/home/lamisplus/server/temp/A1xxdELs2fm/base_organisation_unit_0_20250108140248_decrypted.json' does not exist. Skipping to next file]
[2025-04-02 17:00:50,555: INFO: multithread_file_loader: Sync File log updated for 61ae95b2-7f92-4f0d-bbe7-6babec229f6c successfully]
[2025-04-02 17:00:50,556: INFO: multithread_file_loader: Processing file]
[2025-04-02 17:00:50,756: INFO: multithread_file_loader: successfully updated start_time, file_name and stg_table in sync_file]
[2025-04-02 17:00:50,757: INFO: multithread_file_loader: The file '/home/lamisplus/server/temp/A1xxdELs2fm/hiv_art_pharmacy_regimens_0_20250108140248_decrypted.json' does not exist. Skipping to next file]
[2025-04-02 17:00:50,951: INFO: multithread_file_loader: Sync File log updated for 80018990-e005-4cb3-b49e-f3b931f952da successfully]
[2025-04-02 17:00:50,951: INFO: multithread_file_loader: Processing file]
[2025-04-02 17:00:51,166: INFO: multithread_file_loader: successfully updated start_time, file_name and stg_table in sync_file]
[2025-04-02 17:00:51,166: INFO: multithread_file_loader: The file '/home/lamisplus/server/temp/A1xxdELs2fm/hiv_regimen_drug_0_20250122060805_decrypted.json' does not exist. Skipping to next file]
[2025-04-02 17:00:51,358: INFO: multithread_file_loader: Sync File log updated for 155abe34-6991-4c0a-b503-e294f1018b84 successfully]
[2025-04-02 17:00:51,358: INFO: multithread_file_loader: json files successfully processed]
[2025-04-02 17:00:51,390: INFO: multi_file_ingestion_process: files updated for A1xxdELs2fm in batch_facility_processing]
[2025-04-02 17:00:51,391: INFO: multi_file_ingestion_process: ingestion of 44 files for A1xxdELs2fm completed]
[2025-04-02 17:00:51,393: INFO: multi_file_ingestion_process: File ingestion process completed successfully.]
[2025-04-02 17:05:28,584: ERROR: file_loader: 'FileLoader' object has no attribute '_connect_to_db']
Traceback (most recent call last):
  File "/home/lamisplus/lamisplus_ingestion_pipeline/staging_records_ingestion/file_loader.py", line 245, in _retrieve_localdir_from_syncfile
    conn = self._connect_to_db.connect('filedb')[0]
AttributeError: 'FileLoader' object has no attribute '_connect_to_db'
[2025-04-02 17:06:07,856: INFO: file_loader: json files successfully processed]
[2025-04-02 17:35:58,194: INFO: dsd_ingestion_process: Log ID: IPID_20250402_17_35]
[2025-04-02 17:35:58,195: INFO: dsd_ingestion_process: Job Started]
[2025-04-02 17:35:58,414: INFO: dsd_loader: json files successfully processed]
[2025-04-02 17:35:58,416: INFO: dsd_ingestion_process: Job was run Successfully]
[2025-04-02 17:37:03,628: INFO: dsd_ingestion_process: Log ID: IPID_20250402_17_37]
[2025-04-02 17:37:03,630: INFO: dsd_ingestion_process: Job Started]
[2025-04-02 17:37:03,828: INFO: dsd_loader: json files successfully processed]
[2025-04-02 17:37:03,830: INFO: dsd_ingestion_process: Job was run Successfully]
[2025-04-02 17:42:06,253: INFO: dsd_ingestion_process: Log ID: IPID_20250402_17_42]
[2025-04-02 17:42:06,254: INFO: dsd_ingestion_process: Job Started]
[2025-04-02 17:42:06,420: INFO: dsd_loader: The file '/home/lamisplus/server/temp/A1xxdELs2fm/hiv_art_clinical_0_20250108140248_decrypted.json' does not exist. Skipping to next file]
[2025-04-02 17:42:06,567: INFO: dsd_loader: Sync File log updated for 0424ed67-7781-42f3-82c1-7d4a18887e0c successfully]
[2025-04-02 17:42:06,567: INFO: dsd_loader: The file '/home/lamisplus/server/temp/A1xxdELs2fm/dsd_devolvement_0_20250122060805_decrypted.json' does not exist. Skipping to next file]
[2025-04-02 17:42:06,706: INFO: dsd_loader: Sync File log updated for 90a9738f-3ff1-46a4-aa8e-c754ca93ed19 successfully]
[2025-04-02 17:42:06,707: INFO: dsd_loader: The file '/home/lamisplus/server/temp/A1xxdELs2fm/hiv_art_clinical_0_20250122060805_decrypted.json' does not exist. Skipping to next file]
[2025-04-02 17:42:06,874: INFO: dsd_loader: Sync File log updated for b3794cd8-25ba-4689-b220-c296aca1cb53 successfully]
[2025-04-02 17:42:06,874: INFO: dsd_loader: The file '/home/lamisplus/server/temp/A1xxdELs2fm/pmtct_anc_0_20250122060805_decrypted.json' does not exist. Skipping to next file]
[2025-04-02 17:42:07,020: INFO: dsd_loader: Sync File log updated for 6ecdbb62-56df-4def-9608-3202e643d22c successfully]
[2025-04-02 17:42:07,020: INFO: dsd_loader: The file '/home/lamisplus/server/temp/A1xxdELs2fm/prep_clinic_0_20250122060805_decrypted.json' does not exist. Skipping to next file]
[2025-04-02 17:42:07,188: INFO: dsd_loader: Sync File log updated for 9a42dd16-bc04-46ee-9e10-5e709148f6b0 successfully]
[2025-04-02 17:42:07,189: INFO: dsd_loader: The file '/home/lamisplus/server/temp/A1xxdELs2fm/prep_eligibility_0_20250122060805_decrypted.json' does not exist. Skipping to next file]
[2025-04-02 17:42:07,361: INFO: dsd_loader: Sync File log updated for 980c8446-624b-4ae2-acae-e2db2506348b successfully]
[2025-04-02 17:42:07,361: INFO: dsd_loader: The file '/home/lamisplus/server/temp/A2O8vKakKks/prep_eligibility_0_20250106120002_decrypted.json' does not exist. Skipping to next file]
[2025-04-02 17:42:07,496: INFO: dsd_loader: Sync File log updated for 10ba3a9d-fd60-40ec-85db-56d469283fbc successfully]
[2025-04-02 17:42:07,497: INFO: dsd_loader: The file '/home/lamisplus/server/temp/A2O8vKakKks/dsd_devolvement_0_20250122125904_decrypted.json' does not exist. Skipping to next file]
[2025-04-02 17:42:07,643: INFO: dsd_loader: Sync File log updated for da0ea55b-717e-414a-8c37-1e03e2c2091d successfully]
[2025-04-02 17:42:07,644: INFO: dsd_loader: The file '/home/lamisplus/server/temp/A2O8vKakKks/hiv_art_clinical_0_20250122125904_decrypted.json' does not exist. Skipping to next file]
[2025-04-02 17:42:07,794: INFO: dsd_loader: Sync File log updated for dfbf0021-d26a-4e70-b474-868f307bb388 successfully]
[2025-04-02 17:42:07,795: INFO: dsd_loader: The file '/home/lamisplus/server/temp/A2O8vKakKks/hiv_art_clinical_1_20250122125904_decrypted.json' does not exist. Skipping to next file]
[2025-04-02 17:42:07,937: INFO: dsd_loader: Sync File log updated for 66256dae-5d09-4fc9-8d01-751efb3920e8 successfully]
[2025-04-02 17:42:07,937: INFO: dsd_loader: The file '/home/lamisplus/server/temp/A2O8vKakKks/dsd_devolvement_0_20250104183651_decrypted.json' does not exist. Skipping to next file]
[2025-04-02 17:42:08,095: INFO: dsd_loader: Sync File log updated for 5429677a-af71-4444-8395-24903f27d9c2 successfully]
[2025-04-02 17:42:08,096: INFO: dsd_loader: The file '/home/lamisplus/server/temp/A2O8vKakKks/pmtct_anc_0_20250104183651_decrypted.json' does not exist. Skipping to next file]
[2025-04-02 17:42:08,255: INFO: dsd_loader: Sync File log updated for 75062904-ffee-4dad-a4bb-67f30e7cfa9a successfully]
[2025-04-02 17:42:08,256: INFO: dsd_loader: The file '/home/lamisplus/server/temp/A2O8vKakKks/prep_clinic_0_20250104183651_decrypted.json' does not exist. Skipping to next file]
[2025-04-02 17:42:08,400: INFO: dsd_loader: Sync File log updated for 4997040d-b2f6-463c-8ca0-587fd3b43dbd successfully]
[2025-04-02 17:42:08,401: INFO: dsd_loader: The file '/home/lamisplus/server/temp/A2O8vKakKks/prep_eligibility_0_20250104183651_decrypted.json' does not exist. Skipping to next file]
[2025-04-02 17:42:08,581: INFO: dsd_loader: Sync File log updated for 736961c1-2520-45cd-ab63-4a7ac8fce69c successfully]
[2025-04-02 17:42:08,581: INFO: dsd_loader: The file '/home/lamisplus/server/temp/A2O8vKakKks/hiv_art_clinical_0_20250106120002_decrypted.json' does not exist. Skipping to next file]
[2025-04-02 17:42:08,738: INFO: dsd_loader: Sync File log updated for bea66a10-a70e-4073-89e4-ea4c07b48994 successfully]
[2025-04-02 17:42:08,738: INFO: dsd_loader: The file '/home/lamisplus/server/temp/A2O8vKakKks/pmtct_anc_0_20250106120002_decrypted.json' does not exist. Skipping to next file]
[2025-04-02 17:42:08,889: INFO: dsd_loader: Sync File log updated for 71f1091e-8826-436b-aac2-23a2728bdfc4 successfully]
[2025-04-02 17:42:08,890: INFO: dsd_loader: The file '/home/lamisplus/server/temp/A2O8vKakKks/hiv_art_clinical_1_20250106120002_decrypted.json' does not exist. Skipping to next file]
[2025-04-02 17:42:09,037: INFO: dsd_loader: Sync File log updated for 4b7b14fd-8e4d-4e7f-a81c-deed89a5eeb9 successfully]
[2025-04-02 17:42:09,038: INFO: dsd_loader: The file '/home/lamisplus/server/temp/A2O8vKakKks/prep_clinic_0_20250106120002_decrypted.json' does not exist. Skipping to next file]
[2025-04-02 17:42:09,189: INFO: dsd_loader: Sync File log updated for 5f7d9630-ca7e-4b2a-9cd2-76f44fd36432 successfully]
[2025-04-02 17:42:09,189: INFO: dsd_loader: The file '/home/lamisplus/server/temp/A2O8vKakKks/pmtct_anc_0_20250122125904_decrypted.json' does not exist. Skipping to next file]
[2025-04-02 17:42:09,350: INFO: dsd_loader: Sync File log updated for bb18d5cb-78e3-449f-98d7-c1822584d9d1 successfully]
[2025-04-02 17:42:09,351: INFO: dsd_loader: The file '/home/lamisplus/server/temp/A2O8vKakKks/hiv_art_clinical_0_20250104183651_decrypted.json' does not exist. Skipping to next file]
[2025-04-02 17:42:09,516: INFO: dsd_loader: Sync File log updated for bced98b5-8cae-4d12-adde-c800ff26c481 successfully]
[2025-04-02 17:42:09,516: INFO: dsd_loader: The file '/home/lamisplus/server/temp/A2O8vKakKks/hiv_art_clinical_1_20250104183651_decrypted.json' does not exist. Skipping to next file]
[2025-04-02 17:42:09,668: INFO: dsd_loader: Sync File log updated for ce4312a2-ad33-467e-9028-66aa91a2e721 successfully]
[2025-04-02 17:42:09,668: INFO: dsd_loader: The file '/home/lamisplus/server/temp/A2O8vKakKks/dsd_devolvement_0_20250106120002_decrypted.json' does not exist. Skipping to next file]
[2025-04-02 17:42:09,825: INFO: dsd_loader: Sync File log updated for 5260315b-7dca-480e-82ae-b98d6b4547ef successfully]
[2025-04-02 17:42:09,825: INFO: dsd_loader: The file '/home/lamisplus/server/temp/A2O8vKakKks/prep_eligibility_0_20250122125904_decrypted.json' does not exist. Skipping to next file]
[2025-04-02 17:42:09,998: INFO: dsd_loader: Sync File log updated for 5b8604a1-2dbb-4d43-97fb-a9599bdc68fd successfully]
[2025-04-02 17:42:09,998: INFO: dsd_loader: The file '/home/lamisplus/server/temp/A2O8vKakKks/prep_clinic_0_20250122125904_decrypted.json' does not exist. Skipping to next file]
[2025-04-02 17:42:10,143: INFO: dsd_loader: Sync File log updated for c1a74f88-bc4a-45b6-81b8-f223af345284 successfully]
[2025-04-02 17:42:10,144: INFO: dsd_loader: The file '/home/lamisplus/server/temp/A30KxirCAp2/prep_clinic_0_20250124101110_decrypted.json' does not exist. Skipping to next file]
[2025-04-02 17:42:10,306: INFO: dsd_loader: Sync File log updated for 91e11d70-2d2e-44fe-adc9-1b2fc934b385 successfully]
[2025-04-02 17:42:10,307: INFO: dsd_loader: The file '/home/lamisplus/server/temp/A30KxirCAp2/prep_eligibility_0_20250124101110_decrypted.json' does not exist. Skipping to next file]
[2025-04-02 17:42:10,461: INFO: dsd_loader: Sync File log updated for 9b72627d-d20e-465c-91f6-39322e09c0ce successfully]
[2025-04-02 17:42:10,462: INFO: dsd_loader: The file '/home/lamisplus/server/temp/A30KxirCAp2/dsd_devolvement_0_20250124101110_decrypted.json' does not exist. Skipping to next file]
[2025-04-02 17:42:10,611: INFO: dsd_loader: Sync File log updated for 03606769-d2ca-4c38-b93b-dc0d975a6fc1 successfully]
[2025-04-02 17:42:10,612: INFO: dsd_loader: The file '/home/lamisplus/server/temp/A30KxirCAp2/hiv_art_clinical_0_20250124101110_decrypted.json' does not exist. Skipping to next file]
[2025-04-02 17:42:10,792: INFO: dsd_loader: Sync File log updated for eb2b1487-bbf3-4cc8-b7c0-e0e2fa19cd4e successfully]
[2025-04-02 17:42:10,793: INFO: dsd_loader: The file '/home/lamisplus/server/temp/A30KxirCAp2/pmtct_anc_0_20250110104052_decrypted.json' does not exist. Skipping to next file]
[2025-04-02 17:42:10,975: INFO: dsd_loader: Sync File log updated for f21e6357-accb-4761-aa67-335e64ee31fc successfully]
[2025-04-02 17:42:10,975: INFO: dsd_loader: The file '/home/lamisplus/server/temp/A30KxirCAp2/dsd_devolvement_0_20250103130033_decrypted.json' does not exist. Skipping to next file]
[2025-04-02 17:42:11,124: INFO: dsd_loader: Sync File log updated for 76ffa22f-0de6-412f-9c8c-c434f8bda15a successfully]
[2025-04-02 17:42:11,125: INFO: dsd_loader: The file '/home/lamisplus/server/temp/A30KxirCAp2/pmtct_anc_0_20250103130033_decrypted.json' does not exist. Skipping to next file]
[2025-04-02 17:42:11,291: INFO: dsd_loader: Sync File log updated for 6e855ab0-e727-4b6d-a0e1-d67f8beea13a successfully]
[2025-04-02 17:42:11,292: INFO: dsd_loader: The file '/home/lamisplus/server/temp/A30KxirCAp2/pmtct_anc_0_20250103130033_decrypted.json' does not exist. Skipping to next file]
[2025-04-02 17:42:11,441: INFO: dsd_loader: Sync File log updated for 9e7bf6be-3de2-44fe-b5cb-7d5b0f16f006 successfully]
[2025-04-02 17:42:11,442: INFO: dsd_loader: The file '/home/lamisplus/server/temp/A30KxirCAp2/hiv_art_clinical_1_20250103130033_decrypted.json' does not exist. Skipping to next file]
[2025-04-02 17:42:11,609: INFO: dsd_loader: Sync File log updated for b8a2638a-aacd-4e47-9104-055afc15a20d successfully]
[2025-04-02 17:42:11,609: INFO: dsd_loader: The file '/home/lamisplus/server/temp/A30KxirCAp2/hiv_art_clinical_0_20250103130033_decrypted.json' does not exist. Skipping to next file]
[2025-04-02 17:42:11,753: INFO: dsd_loader: Sync File log updated for 69a3b86e-5f5f-497b-a76a-189888aa613e successfully]
[2025-04-02 17:42:11,754: INFO: dsd_loader: The file '/home/lamisplus/server/temp/A30KxirCAp2/hiv_art_clinical_1_20250103130033_decrypted.json' does not exist. Skipping to next file]
[2025-04-02 17:42:11,908: INFO: dsd_loader: Sync File log updated for 2ecc50e9-fa1c-4b72-999a-7292886c67e1 successfully]
[2025-04-02 17:42:11,908: INFO: dsd_loader: The file '/home/lamisplus/server/temp/A30KxirCAp2/hiv_art_clinical_0_20250103130033_decrypted.json' does not exist. Skipping to next file]
[2025-04-02 17:42:12,071: INFO: dsd_loader: Sync File log updated for 0fb12449-4106-4909-a35d-eed6fad92550 successfully]
[2025-04-02 17:42:12,072: INFO: dsd_loader: The file '/home/lamisplus/server/temp/A30KxirCAp2/prep_eligibility_0_20250103130033_decrypted.json' does not exist. Skipping to next file]
[2025-04-02 17:42:12,217: INFO: dsd_loader: Sync File log updated for efcb3c8e-1549-40c8-b692-7f799caedaff successfully]
[2025-04-02 17:42:12,218: INFO: dsd_loader: The file '/home/lamisplus/server/temp/A30KxirCAp2/prep_eligibility_0_20250103130033_decrypted.json' does not exist. Skipping to next file]
[2025-04-02 17:42:12,374: INFO: dsd_loader: Sync File log updated for 741a0439-eb4f-4c16-9979-d7e7618575e1 successfully]
[2025-04-02 17:42:12,374: INFO: dsd_loader: The file '/home/lamisplus/server/temp/A30KxirCAp2/prep_clinic_0_20250103130033_decrypted.json' does not exist. Skipping to next file]
[2025-04-02 17:42:12,544: INFO: dsd_loader: Sync File log updated for 995470d8-738c-4bf4-8007-94ad44708210 successfully]
[2025-04-02 17:42:12,545: INFO: dsd_loader: The file '/home/lamisplus/server/temp/A30KxirCAp2/prep_clinic_0_20250103130033_decrypted.json' does not exist. Skipping to next file]
[2025-04-02 17:42:12,705: INFO: dsd_loader: Sync File log updated for 2b46bba6-e4cb-4f9e-9c07-251621ad301e successfully]
[2025-04-02 17:42:12,705: INFO: dsd_loader: The file '/home/lamisplus/server/temp/A30KxirCAp2/pmtct_anc_0_20250110104052_decrypted.json' does not exist. Skipping to next file]
[2025-04-02 17:42:12,882: INFO: dsd_loader: Sync File log updated for 0294f5b9-3b9c-4b8a-b99e-d6f0dd5a75b9 successfully]
[2025-04-02 17:42:12,883: INFO: dsd_loader: The file '/home/lamisplus/server/temp/A30KxirCAp2/dsd_devolvement_0_20250110104052_decrypted.json' does not exist. Skipping to next file]
[2025-04-02 17:42:21,155: INFO: file_loader: Processing file]
[2025-04-02 17:42:21,315: INFO: file_loader: successfully updated start_time, file_name and stg_table in sync_file]
[2025-04-02 17:42:21,315: INFO: file_loader: The file '/home/server_user/server/temp/A2O8vKakKks/base_application_codeset_0_20250104183651_decrypted.json' does not exist. Skipping to next file]
[2025-04-02 17:42:21,473: INFO: file_loader: Sync File log updated for d46ddfe1-8a20-458c-ae93-46d08916a47f successfully]
[2025-04-02 17:42:21,473: INFO: file_loader: Processing file]
[2025-04-02 17:42:21,621: INFO: file_loader: successfully updated start_time, file_name and stg_table in sync_file]
[2025-04-02 17:42:21,622: INFO: file_loader: The file '/home/server_user/server/temp/A2O8vKakKks/base_organisation_unit_0_20250104183651_decrypted.json' does not exist. Skipping to next file]
[2025-04-02 17:42:21,770: INFO: file_loader: Sync File log updated for 0ced6ea5-66a9-4b91-bc08-342f6979e53d successfully]
[2025-04-02 17:42:21,770: INFO: file_loader: Processing file]
[2025-04-02 17:42:21,922: INFO: file_loader: successfully updated start_time, file_name and stg_table in sync_file]
[2025-04-02 17:42:21,922: INFO: file_loader: The file '/home/server_user/server/temp/A2O8vKakKks/base_organisation_unit_1_20250104183651_decrypted.json' does not exist. Skipping to next file]
[2025-04-02 17:42:22,083: INFO: file_loader: Sync File log updated for e61fa603-8500-41af-8f3d-751abf416e3f successfully]
[2025-04-02 17:42:22,084: INFO: file_loader: Processing file]
[2025-04-02 17:42:22,249: INFO: file_loader: successfully updated start_time, file_name and stg_table in sync_file]
[2025-04-02 17:42:22,249: INFO: file_loader: The file '/home/server_user/server/temp/A2O8vKakKks/biometric_1_20250104183651_decrypted.json' does not exist. Skipping to next file]
[2025-04-02 17:42:22,403: INFO: file_loader: Sync File log updated for 1cb56470-23ac-4b07-808c-9c96dfaea3da successfully]
[2025-04-02 17:42:22,403: INFO: file_loader: Processing file]
[2025-04-02 17:42:22,558: INFO: file_loader: successfully updated start_time, file_name and stg_table in sync_file]
[2025-04-02 17:42:22,558: INFO: file_loader: The file '/home/server_user/server/temp/A2O8vKakKks/biometric_2_20250104183651_decrypted.json' does not exist. Skipping to next file]
[2025-04-02 19:36:40,491: INFO: dsd_ingestion_process: Log ID: IPID_20250402_19_36]
[2025-04-02 19:36:40,502: INFO: dsd_ingestion_process: Job Started]
[2025-04-02 19:36:41,343: INFO: dsd_loader: The file '/home/lamisplus/server/temp/A30KxirCAp2/dsd_devolvement_0_20250110104052_decrypted.json' does not exist. Skipping to next file]
[2025-04-02 19:36:41,929: INFO: dsd_loader: Sync File log updated for 66ea5084-c9fd-4690-862d-520a6d9f254f successfully]
[2025-04-02 19:36:41,931: INFO: dsd_loader: The file '/home/lamisplus/server/temp/A30KxirCAp2/hiv_art_clinical_1_20250110104052_decrypted.json' does not exist. Skipping to next file]
[2025-04-02 19:36:42,743: INFO: dsd_loader: Sync File log updated for 959560c4-6ff4-48a6-b3a7-5a971034ff24 successfully]
[2025-04-02 19:36:42,745: INFO: dsd_loader: The file '/home/lamisplus/server/temp/A30KxirCAp2/hiv_art_clinical_0_20250110104052_decrypted.json' does not exist. Skipping to next file]
[2025-04-02 19:36:43,085: INFO: dsd_loader: Sync File log updated for 3f91d0e9-abb4-4a82-84aa-3395e90d0f3c successfully]
[2025-04-02 19:36:43,086: INFO: dsd_loader: The file '/home/lamisplus/server/temp/A30KxirCAp2/prep_clinic_0_20250110104052_decrypted.json' does not exist. Skipping to next file]
[2025-04-02 19:36:43,553: INFO: dsd_loader: Sync File log updated for 3aa2273d-56e4-4211-b320-093b8e68a56c successfully]
[2025-04-02 19:36:43,554: INFO: dsd_loader: The file '/home/lamisplus/server/temp/A30KxirCAp2/hiv_art_clinical_1_20250110104052_decrypted.json' does not exist. Skipping to next file]
[2025-04-02 19:36:44,030: INFO: dsd_loader: Sync File log updated for b04a809d-21ea-4f4e-ae61-80f93b306648 successfully]
[2025-04-02 19:36:44,030: INFO: dsd_loader: The file '/home/lamisplus/server/temp/A30KxirCAp2/hiv_art_clinical_0_20250110104052_decrypted.json' does not exist. Skipping to next file]
[2025-04-02 19:36:44,436: INFO: dsd_loader: Sync File log updated for c2bea137-26fd-4179-a84b-9c529d36abc9 successfully]
[2025-04-02 19:36:44,437: INFO: dsd_loader: The file '/home/lamisplus/server/temp/A30KxirCAp2/prep_eligibility_0_20250110104052_decrypted.json' does not exist. Skipping to next file]
[2025-04-02 19:36:44,827: INFO: dsd_loader: Sync File log updated for 5e853f9d-178a-4a3d-a82e-9c742c925163 successfully]
[2025-04-02 19:36:44,828: INFO: dsd_loader: The file '/home/lamisplus/server/temp/A30KxirCAp2/prep_eligibility_0_20250110104052_decrypted.json' does not exist. Skipping to next file]
[2025-04-02 19:36:45,252: INFO: dsd_loader: Sync File log updated for 38bf4eb1-9bd6-4f0a-bbc4-7986f7f05648 successfully]
[2025-04-02 19:36:45,253: INFO: dsd_loader: The file '/home/lamisplus/server/temp/A30KxirCAp2/prep_clinic_0_20250110104052_decrypted.json' does not exist. Skipping to next file]
[2025-04-02 19:36:45,792: INFO: dsd_loader: Sync File log updated for 5a525b4c-6926-4e28-a072-07ef058f2884 successfully]
[2025-04-02 19:36:45,798: INFO: dsd_loader: The file '/home/lamisplus/server/temp/A4VsXrMgMv4/pmtct_anc_0_20250110113139_decrypted.json' does not exist. Skipping to next file]
[2025-04-02 19:36:46,270: INFO: dsd_loader: Sync File log updated for af8e72df-eadc-4f6b-be0f-a8fd3f74b76a successfully]
[2025-04-02 19:36:46,271: INFO: dsd_loader: The file '/home/lamisplus/server/temp/A4VsXrMgMv4/hiv_art_clinical_8_20250110113139_decrypted.json' does not exist. Skipping to next file]
[2025-04-02 19:36:46,607: INFO: dsd_loader: Sync File log updated for e8d1a84c-c60a-4e15-8a7f-ec64a54c0fd5 successfully]
[2025-04-02 19:36:46,608: INFO: dsd_loader: The file '/home/lamisplus/server/temp/A4VsXrMgMv4/hiv_art_clinical_8_20250122122718_decrypted.json' does not exist. Skipping to next file]
[2025-04-02 19:36:46,974: INFO: dsd_loader: Sync File log updated for 817a8318-c797-4ee7-bd18-d429ce96ebbf successfully]
[2025-04-02 19:36:46,974: INFO: dsd_loader: The file '/home/lamisplus/server/temp/A4VsXrMgMv4/dsd_devolvement_0_20250122122718_decrypted.json' does not exist. Skipping to next file]
[2025-04-02 19:36:47,361: INFO: dsd_loader: Sync File log updated for f164c80a-7c93-4469-959b-a03db1757e1e successfully]
[2025-04-02 19:36:47,362: INFO: dsd_loader: The file '/home/lamisplus/server/temp/A4VsXrMgMv4/hiv_art_clinical_4_20250122122718_decrypted.json' does not exist. Skipping to next file]
[2025-04-02 19:36:47,752: INFO: dsd_loader: Sync File log updated for 4aa60c6c-4e09-43e7-bdfd-4ff5815b5162 successfully]
[2025-04-02 19:36:47,753: INFO: dsd_loader: The file '/home/lamisplus/server/temp/A4VsXrMgMv4/hiv_art_clinical_6_20250122122718_decrypted.json' does not exist. Skipping to next file]
[2025-04-03 09:43:39,835: INFO: multi_file_ingestion_process: Facility batch file uploads inserted into batch_facility_processing]
[2025-04-03 09:43:42,602: INFO: multi_file_ingestion_process: Starting ingestion process with log ID: IPID_20250403_09_43]
[2025-04-03 09:43:42,632: INFO: multi_file_ingestion_process: ingestion of 13 files for A2O8vKakKks started]
[2025-04-03 09:43:42,661: INFO: multithread_file_loader: Processing file]
[2025-04-03 09:43:42,873: INFO: multithread_file_loader: successfully updated start_time, file_name and stg_table in sync_file]
[2025-04-03 09:43:42,874: INFO: multithread_file_loader: The file '/home/lamisplus/server/temp/A2O8vKakKks/hiv_regimen_drug_0_20250104183651_decrypted.json' does not exist. Skipping to next file]
[2025-04-03 09:43:43,066: INFO: multithread_file_loader: Sync File log updated for afee298e-85a1-4709-bf27-99af5c66fee3 successfully]
[2025-04-03 09:43:43,067: INFO: multithread_file_loader: Processing file]
[2025-04-03 09:43:43,245: INFO: multithread_file_loader: successfully updated start_time, file_name and stg_table in sync_file]
[2025-04-03 09:43:43,245: INFO: multithread_file_loader: The file '/home/lamisplus/server/temp/A2O8vKakKks/hiv_regimen_resolver_0_20250104183651_decrypted.json' does not exist. Skipping to next file]
[2025-04-03 09:43:43,434: INFO: multithread_file_loader: Sync File log updated for f25857db-4c1e-4a62-a935-57b272398cff successfully]
[2025-04-03 09:43:43,435: INFO: multithread_file_loader: Processing file]
[2025-04-03 09:43:43,619: INFO: multithread_file_loader: successfully updated start_time, file_name and stg_table in sync_file]
[2025-04-03 09:43:43,619: INFO: multithread_file_loader: The file '/home/lamisplus/server/temp/A2O8vKakKks/hiv_regimen_type_0_20250104183651_decrypted.json' does not exist. Skipping to next file]
[2025-04-03 09:43:43,809: INFO: multithread_file_loader: Sync File log updated for 4e9f0d1b-1650-4597-9e45-0f6774699a72 successfully]
[2025-04-03 09:43:43,809: INFO: multithread_file_loader: Processing file]
[2025-04-03 09:43:44,033: INFO: multithread_file_loader: successfully updated start_time, file_name and stg_table in sync_file]
[2025-04-03 09:43:44,033: INFO: multithread_file_loader: The file '/home/lamisplus/server/temp/A2O8vKakKks/hiv_art_pharmacy_regimens_3_20250104183651_decrypted.json' does not exist. Skipping to next file]
[2025-04-03 09:43:44,215: INFO: multithread_file_loader: Sync File log updated for efc1ebd8-10ba-475f-b4e2-e10c5a076345 successfully]
[2025-04-03 09:43:44,216: INFO: multithread_file_loader: Processing file]
[2025-04-03 09:43:44,412: INFO: multithread_file_loader: successfully updated start_time, file_name and stg_table in sync_file]
[2025-04-03 09:43:44,412: INFO: multithread_file_loader: The file '/home/lamisplus/server/temp/A2O8vKakKks/hiv_observation_0_20250104183651_decrypted.json' does not exist. Skipping to next file]
[2025-04-03 09:43:44,596: INFO: multithread_file_loader: Sync File log updated for 7ba7166c-e86e-44e5-85e3-7f1482bff0f8 successfully]
[2025-04-03 09:43:44,596: INFO: multithread_file_loader: Processing file]
[2025-04-03 09:43:44,775: INFO: multithread_file_loader: successfully updated start_time, file_name and stg_table in sync_file]
[2025-04-03 09:43:44,775: INFO: multithread_file_loader: The file '/home/lamisplus/server/temp/A2O8vKakKks/patient_visit_0_20250104183651_decrypted.json' does not exist. Skipping to next file]
[2025-04-03 09:43:44,980: INFO: multithread_file_loader: Sync File log updated for 25b42512-b02a-4e49-9cd7-8ae447b9b9a7 successfully]
[2025-04-03 09:43:44,980: INFO: multithread_file_loader: Processing file]
[2025-04-03 09:43:45,169: INFO: multithread_file_loader: successfully updated start_time, file_name and stg_table in sync_file]
[2025-04-03 09:43:45,169: INFO: multithread_file_loader: The file '/home/lamisplus/server/temp/A2O8vKakKks/biometric_2_20250104183651_decrypted.json' does not exist. Skipping to next file]
[2025-04-03 09:43:45,354: INFO: multithread_file_loader: Sync File log updated for d619fda8-1d35-41e0-95de-a5063b97096c successfully]
[2025-04-03 09:43:45,354: INFO: multithread_file_loader: Processing file]
[2025-04-03 09:43:45,560: INFO: multithread_file_loader: successfully updated start_time, file_name and stg_table in sync_file]
[2025-04-03 09:43:45,561: INFO: multithread_file_loader: The file '/home/lamisplus/server/temp/A2O8vKakKks/case_manager_0_20250104183651_decrypted.json' does not exist. Skipping to next file]
[2025-04-03 09:43:45,786: INFO: multithread_file_loader: Sync File log updated for 240561c6-519a-4933-b4c0-a3fed53e37d2 successfully]
[2025-04-03 09:43:45,786: INFO: multithread_file_loader: Processing file]
[2025-04-03 09:43:45,970: INFO: multithread_file_loader: successfully updated start_time, file_name and stg_table in sync_file]
[2025-04-03 09:43:45,970: INFO: multithread_file_loader: The file '/home/lamisplus/server/temp/A2O8vKakKks/case_manager_patients_0_20250104183651_decrypted.json' does not exist. Skipping to next file]
[2025-04-03 09:43:46,171: INFO: multithread_file_loader: Sync File log updated for f974366e-1f93-468d-bd63-b39d4aba1ae8 successfully]
[2025-04-03 09:43:46,171: INFO: multithread_file_loader: Processing file]
[2025-04-03 09:43:46,354: INFO: multithread_file_loader: successfully updated start_time, file_name and stg_table in sync_file]
[2025-04-03 09:43:46,355: INFO: multithread_file_loader: The file '/home/lamisplus/server/temp/A2O8vKakKks/hiv_art_pharmacy_regimens_4_20250104183651_decrypted.json' does not exist. Skipping to next file]
[2025-04-03 09:43:46,560: INFO: multithread_file_loader: Sync File log updated for 08732a03-5900-4ae6-864a-e0e01633001e successfully]
[2025-04-03 09:43:46,561: INFO: multithread_file_loader: Processing file]
[2025-04-03 09:43:46,750: INFO: multithread_file_loader: successfully updated start_time, file_name and stg_table in sync_file]
[2025-04-03 09:43:46,751: INFO: multithread_file_loader: The file '/home/lamisplus/server/temp/A2O8vKakKks/hiv_art_pharmacy_regimens_7_20250104183651_decrypted.json' does not exist. Skipping to next file]
[2025-04-03 09:43:46,940: INFO: multithread_file_loader: Sync File log updated for 5443044c-17d8-4b52-b015-6bbf16ac1ac1 successfully]
[2025-04-03 09:43:46,941: INFO: multithread_file_loader: Processing file]
[2025-04-03 09:43:47,137: INFO: multithread_file_loader: successfully updated start_time, file_name and stg_table in sync_file]
[2025-04-03 09:43:47,137: INFO: multithread_file_loader: The file '/home/lamisplus/server/temp/A2O8vKakKks/hiv_eac_0_20250104183651_decrypted.json' does not exist. Skipping to next file]
[2025-04-03 09:43:47,328: INFO: multithread_file_loader: Sync File log updated for 2bbd65fb-4c1e-442b-81ce-9c6affa071e7 successfully]
[2025-04-03 09:43:47,329: INFO: multithread_file_loader: Processing file]
[2025-04-03 09:43:47,507: INFO: multithread_file_loader: successfully updated start_time, file_name and stg_table in sync_file]
[2025-04-03 09:43:47,507: INFO: multithread_file_loader: The file '/home/lamisplus/server/temp/A2O8vKakKks/hiv_eac_out_come_0_20250104183651_decrypted.json' does not exist. Skipping to next file]
[2025-04-03 09:43:47,693: INFO: multithread_file_loader: Sync File log updated for 02b5a448-fe22-4cf1-be40-0e303702d935 successfully]
[2025-04-03 09:43:47,694: INFO: multithread_file_loader: json files successfully processed]
[2025-04-03 09:43:47,736: INFO: multi_file_ingestion_process: files updated for A2O8vKakKks in batch_facility_processing]
[2025-04-03 09:43:47,736: INFO: multi_file_ingestion_process: ingestion of 13 files for A2O8vKakKks completed]
[2025-04-03 09:43:47,762: INFO: multi_file_ingestion_process: File ingestion process completed successfully.]
[2025-04-03 15:05:11,223: INFO: dsd_ingestion_process: Log ID: IPID_20250403_15_05]
[2025-04-03 15:05:11,228: INFO: dsd_ingestion_process: Job Started]
[2025-04-03 15:05:13,278: INFO: dsd_loader: json files successfully processed]
[2025-04-03 15:05:14,145: INFO: dsd_ingestion_process: Job was run Successfully]
[2025-04-03 15:07:54,522: INFO: file_loader: json files successfully processed]
[2025-04-03 15:24:06,334: INFO: file_loader: json files successfully processed]
[2025-04-03 15:30:24,556: INFO: file_loader: json files successfully processed]
[2025-04-03 15:31:07,380: INFO: multi_file_ingestion_process: Facility batch file uploads inserted into batch_facility_processing]
[2025-04-03 15:31:08,064: INFO: multi_file_ingestion_process: No unprocessed facilities found.]
[2025-04-03 15:41:08,813: INFO: dsd_loader: json files successfully processed]
[2025-04-03 15:41:25,405: INFO: file_loader: Processing file]
[2025-04-03 15:41:26,119: INFO: file_loader: successfully updated start_time, file_name and stg_table in sync_file]
[2025-04-03 15:41:26,120: INFO: file_loader: The file '/home/server_user/server/temp/f0J277xHATh/laboratory_test_0_20250101030456_decrypted.json' does not exist. Skipping to next file]
[2025-04-03 15:41:26,626: INFO: file_loader: Sync File log updated for 60e3caa4-1d68-491d-98d5-fb7e83292f92 successfully]
[2025-04-03 15:41:26,627: INFO: file_loader: Processing file]
[2025-04-03 15:41:27,347: INFO: file_loader: successfully updated start_time, file_name and stg_table in sync_file]
[2025-04-03 15:41:27,348: INFO: file_loader: The file '/home/server_user/server/temp/f0J277xHATh/laboratory_sample_type_0_20250101030456_decrypted.json' does not exist. Skipping to next file]
[2025-04-03 15:41:27,859: INFO: file_loader: Sync File log updated for fff67ba5-1638-40e7-877c-0fe019199245 successfully]
[2025-04-03 15:41:27,860: INFO: file_loader: json files successfully processed]
[2025-04-03 15:41:54,893: INFO: multi_file_ingestion_process: Facility batch file uploads inserted into batch_facility_processing]
[2025-04-03 15:41:55,444: INFO: multi_file_ingestion_process: Starting ingestion process with log ID: IPID_20250403_15_41]
[2025-04-03 15:41:55,453: INFO: multi_file_ingestion_process: ingestion of 39 files for f0J277xHATh started]
[2025-04-03 15:41:55,454: INFO: multi_file_ingestion_process: ingestion of 11 files for iWJPpf18IyU started]
[2025-04-03 15:41:55,512: INFO: multithread_file_loader: Processing file]
[2025-04-03 15:41:55,515: INFO: multithread_file_loader: Processing file]
[2025-04-03 15:41:56,330: INFO: multithread_file_loader: successfully updated start_time, file_name and stg_table in sync_file]
[2025-04-03 15:41:56,330: INFO: multithread_file_loader: The file '/home/lamisplus/server/temp/iWJPpf18IyU/laboratory_sample_type_0_20250101045710_decrypted.json' does not exist. Skipping to next file]
[2025-04-03 15:41:56,351: INFO: multithread_file_loader: successfully updated start_time, file_name and stg_table in sync_file]
[2025-04-03 15:41:56,352: INFO: multithread_file_loader: The file '/home/lamisplus/server/temp/f0J277xHATh/laboratory_sample_0_20250101030456_decrypted.json' does not exist. Skipping to next file]
[2025-04-03 15:41:56,766: INFO: multithread_file_loader: Sync File log updated for 32f678bf-1f33-4bd2-8c19-c169f682e97f successfully]
[2025-04-03 15:41:56,767: INFO: multithread_file_loader: Processing file]
[2025-04-03 15:41:56,883: INFO: multithread_file_loader: Sync File log updated for 66906d05-e378-43dd-9185-c68f2290097b successfully]
[2025-04-03 15:41:56,883: INFO: multithread_file_loader: Processing file]
[2025-04-03 15:41:57,493: INFO: multithread_file_loader: successfully updated start_time, file_name and stg_table in sync_file]
[2025-04-03 15:41:57,494: INFO: multithread_file_loader: The file '/home/lamisplus/server/temp/iWJPpf18IyU/laboratory_labtestgroup_0_20250101045710_decrypted.json' does not exist. Skipping to next file]
[2025-04-03 15:41:57,583: INFO: multithread_file_loader: successfully updated start_time, file_name and stg_table in sync_file]
[2025-04-03 15:41:57,583: INFO: multithread_file_loader: The file '/home/lamisplus/server/temp/f0J277xHATh/laboratory_order_0_20250101030456_decrypted.json' does not exist. Skipping to next file]
[2025-04-03 15:41:58,034: INFO: multithread_file_loader: Sync File log updated for 0c6320ce-28ea-43fd-9fd8-f6b8600a3ff8 successfully]
[2025-04-03 15:41:58,035: INFO: multithread_file_loader: Processing file]
[2025-04-03 15:41:58,108: INFO: multithread_file_loader: Sync File log updated for c2d3c582-4e01-4768-990d-2e106d6a852e successfully]
[2025-04-03 15:41:58,109: INFO: multithread_file_loader: Processing file]
[2025-04-03 15:41:58,659: INFO: multithread_file_loader: successfully updated start_time, file_name and stg_table in sync_file]
[2025-04-03 15:41:58,660: INFO: multithread_file_loader: The file '/home/lamisplus/server/temp/iWJPpf18IyU/laboratory_labtest_0_20250101045710_decrypted.json' does not exist. Skipping to next file]
[2025-04-03 15:41:58,769: INFO: multithread_file_loader: successfully updated start_time, file_name and stg_table in sync_file]
[2025-04-03 15:41:58,769: INFO: multithread_file_loader: The file '/home/lamisplus/server/temp/f0J277xHATh/laboratory_result_0_20250101030456_decrypted.json' does not exist. Skipping to next file]
[2025-04-03 15:41:59,233: INFO: multithread_file_loader: Sync File log updated for 5e27dec3-fe8a-4c47-9ad0-eec540221404 successfully]
[2025-04-03 15:41:59,234: INFO: multithread_file_loader: Processing file]
[2025-04-03 15:41:59,321: INFO: multithread_file_loader: Sync File log updated for e34e1a9a-97ef-45b5-92a5-13a7c6d860bd successfully]
[2025-04-03 15:41:59,322: INFO: multithread_file_loader: Processing file]
[2025-04-03 15:41:59,833: INFO: multithread_file_loader: successfully updated start_time, file_name and stg_table in sync_file]
[2025-04-03 15:41:59,833: INFO: multithread_file_loader: The file '/home/lamisplus/server/temp/iWJPpf18IyU/hiv_regimen_resolver_0_20250101045710_decrypted.json' does not exist. Skipping to next file]
[2025-04-03 15:41:59,971: INFO: multithread_file_loader: successfully updated start_time, file_name and stg_table in sync_file]
[2025-04-03 15:41:59,972: INFO: multithread_file_loader: The file '/home/lamisplus/server/temp/f0J277xHATh/laboratory_labtestgroup_0_20250101030456_decrypted.json' does not exist. Skipping to next file]
[2025-04-03 15:42:00,273: INFO: multithread_file_loader: Sync File log updated for d4a31b48-f630-4a68-a8d9-48cfdfa1739c successfully]
[2025-04-03 15:42:00,274: INFO: multithread_file_loader: Processing file]
[2025-04-03 15:42:00,349: INFO: multithread_file_loader: Sync File log updated for 73d66814-36e7-42f4-a01d-5737e08fa7f5 successfully]
[2025-04-03 15:42:00,350: INFO: multithread_file_loader: Processing file]
[2025-04-03 15:42:00,839: INFO: multithread_file_loader: successfully updated start_time, file_name and stg_table in sync_file]
[2025-04-03 15:42:00,839: INFO: multithread_file_loader: The file '/home/lamisplus/server/temp/iWJPpf18IyU/hiv_regimen_type_0_20250101045710_decrypted.json' does not exist. Skipping to next file]
[2025-04-03 15:42:00,909: INFO: multithread_file_loader: successfully updated start_time, file_name and stg_table in sync_file]
[2025-04-03 15:42:00,909: INFO: multithread_file_loader: The file '/home/lamisplus/server/temp/f0J277xHATh/laboratory_labtest_0_20250101030456_decrypted.json' does not exist. Skipping to next file]
[2025-04-03 15:42:01,173: INFO: multithread_file_loader: Sync File log updated for fd9335a2-40f7-4b62-869b-cd356e53fd4f successfully]
[2025-04-03 15:42:01,173: INFO: multithread_file_loader: Processing file]
[2025-04-03 15:42:01,434: INFO: multithread_file_loader: Sync File log updated for 6bebc1b3-3fd2-4669-803b-d6a0ac08358d successfully]
[2025-04-03 15:42:01,434: INFO: multithread_file_loader: Processing file]
[2025-04-03 15:42:01,720: INFO: multithread_file_loader: successfully updated start_time, file_name and stg_table in sync_file]
[2025-04-03 15:42:01,721: INFO: multithread_file_loader: The file '/home/lamisplus/server/temp/iWJPpf18IyU/hiv_regimen_drug_0_20250101045710_decrypted.json' does not exist. Skipping to next file]
[2025-04-03 15:42:01,812: INFO: multithread_file_loader: successfully updated start_time, file_name and stg_table in sync_file]
[2025-04-03 15:42:01,813: INFO: multithread_file_loader: The file '/home/lamisplus/server/temp/f0J277xHATh/mhpss_screening_0_20250101030456_decrypted.json' does not exist. Skipping to next file]
[2025-04-03 15:42:02,089: INFO: multithread_file_loader: Sync File log updated for b31553de-66d6-43f4-9b1c-41d0e4499d7f successfully]
[2025-04-03 15:42:02,090: INFO: multithread_file_loader: Processing file]
[2025-04-03 15:42:02,383: INFO: multithread_file_loader: Sync File log updated for 1fecfd68-3ea9-4d6f-ab11-1208151bf959 successfully]
[2025-04-03 15:42:02,384: INFO: multithread_file_loader: Processing file]
[2025-04-03 15:42:02,695: INFO: multithread_file_loader: successfully updated start_time, file_name and stg_table in sync_file]
[2025-04-03 15:42:02,696: INFO: multithread_file_loader: The file '/home/lamisplus/server/temp/iWJPpf18IyU/hiv_art_pharmacy_regimens_14_20250101045710_decrypted.json' does not exist. Skipping to next file]
[2025-04-03 15:42:03,072: INFO: multithread_file_loader: successfully updated start_time, file_name and stg_table in sync_file]
[2025-04-03 15:42:03,073: INFO: multithread_file_loader: The file '/home/lamisplus/server/temp/f0J277xHATh/case_manager_patients_0_20250101030456_decrypted.json' does not exist. Skipping to next file]
[2025-04-03 15:42:03,204: INFO: multithread_file_loader: Sync File log updated for 5b116181-0bc4-4782-902e-d47b99cd826b successfully]
[2025-04-03 15:42:03,205: INFO: multithread_file_loader: Processing file]
[2025-04-03 15:42:03,639: INFO: multithread_file_loader: Sync File log updated for 4f6dfdd7-c9b4-4995-940b-bf336d2fadb5 successfully]
[2025-04-03 15:42:03,640: INFO: multithread_file_loader: Processing file]
[2025-04-03 15:42:03,697: INFO: multithread_file_loader: successfully updated start_time, file_name and stg_table in sync_file]
[2025-04-03 15:42:03,698: INFO: multithread_file_loader: The file '/home/lamisplus/server/temp/iWJPpf18IyU/hiv_art_pharmacy_regimens_15_20250101045710_decrypted.json' does not exist. Skipping to next file]
[2025-04-03 15:42:04,268: INFO: multithread_file_loader: Sync File log updated for 21f94ac1-c7b1-4996-86de-5890615b7f7c successfully]
[2025-04-03 15:42:04,269: INFO: multithread_file_loader: Processing file]
[2025-04-03 15:42:04,273: INFO: multithread_file_loader: successfully updated start_time, file_name and stg_table in sync_file]
[2025-04-03 15:42:04,273: INFO: multithread_file_loader: The file '/home/lamisplus/server/temp/f0J277xHATh/hiv_regimen_drug_0_20250101030456_decrypted.json' does not exist. Skipping to next file]
[2025-04-03 15:42:04,748: INFO: multithread_file_loader: Sync File log updated for 51c148ea-616b-4587-832b-e98fa1ebec95 successfully]
[2025-04-03 15:42:04,749: INFO: multithread_file_loader: Processing file]
[2025-04-03 15:42:04,989: INFO: multithread_file_loader: successfully updated start_time, file_name and stg_table in sync_file]
[2025-04-03 15:42:04,989: INFO: multithread_file_loader: The file '/home/lamisplus/server/temp/iWJPpf18IyU/hiv_art_pharmacy_regimens_16_20250101045710_decrypted.json' does not exist. Skipping to next file]
[2025-04-03 15:42:05,364: INFO: multithread_file_loader: Sync File log updated for 3413955a-73d4-4172-bb23-f8be8901afcb successfully]
[2025-04-03 15:42:05,365: INFO: multithread_file_loader: Processing file]
[2025-04-03 15:42:05,385: INFO: multithread_file_loader: successfully updated start_time, file_name and stg_table in sync_file]
[2025-04-03 15:42:05,386: INFO: multithread_file_loader: The file '/home/lamisplus/server/temp/f0J277xHATh/hiv_regimen_resolver_0_20250101030456_decrypted.json' does not exist. Skipping to next file]
[2025-04-03 15:42:05,953: INFO: multithread_file_loader: successfully updated start_time, file_name and stg_table in sync_file]
[2025-04-03 15:42:05,954: INFO: multithread_file_loader: The file '/home/lamisplus/server/temp/iWJPpf18IyU/hiv_regimen_0_20250101045710_decrypted.json' does not exist. Skipping to next file]
[2025-04-03 15:42:05,954: INFO: multithread_file_loader: Sync File log updated for 150e7be0-cf9b-41d2-a877-cd2c66e029d3 successfully]
[2025-04-03 15:42:05,955: INFO: multithread_file_loader: Processing file]
[2025-04-03 15:42:06,468: INFO: multithread_file_loader: Sync File log updated for 2044bcfb-36b6-4a24-9385-2d67b0201270 successfully]
[2025-04-03 15:42:06,469: INFO: multithread_file_loader: Processing file]
[2025-04-03 15:42:06,524: INFO: multithread_file_loader: successfully updated start_time, file_name and stg_table in sync_file]
[2025-04-03 15:42:06,525: INFO: multithread_file_loader: The file '/home/lamisplus/server/temp/f0J277xHATh/hiv_regimen_type_0_20250101030456_decrypted.json' does not exist. Skipping to next file]
[2025-04-03 15:42:07,043: INFO: multithread_file_loader: Sync File log updated for c57e215a-cd2d-4e11-bee6-7ddee8167d25 successfully]
[2025-04-03 15:42:07,044: INFO: multithread_file_loader: Processing file]
[2025-04-03 15:42:07,120: INFO: multithread_file_loader: successfully updated start_time, file_name and stg_table in sync_file]
[2025-04-03 15:42:07,121: INFO: multithread_file_loader: The file '/home/lamisplus/server/temp/iWJPpf18IyU/hiv_art_pharmacy_regimens_9_20250101045710_decrypted.json' does not exist. Skipping to next file]
[2025-04-03 15:42:07,607: INFO: multithread_file_loader: successfully updated start_time, file_name and stg_table in sync_file]
[2025-04-03 15:42:07,611: INFO: multithread_file_loader: The file '/home/lamisplus/server/temp/f0J277xHATh/hiv_regimen_0_20250101030456_decrypted.json' does not exist. Skipping to next file]
[2025-04-03 15:42:07,620: INFO: multithread_file_loader: Sync File log updated for 162925de-a346-4d04-842f-5b7be1ef162d successfully]
[2025-04-03 15:42:07,621: INFO: multithread_file_loader: Processing file]
[2025-04-03 15:42:08,115: INFO: multithread_file_loader: Sync File log updated for 6df904c6-45d4-4640-a652-c72b95b48a55 successfully]
[2025-04-03 15:42:08,115: INFO: multithread_file_loader: Processing file]
[2025-04-03 15:42:08,176: INFO: multithread_file_loader: successfully updated start_time, file_name and stg_table in sync_file]
[2025-04-03 15:42:08,177: INFO: multithread_file_loader: The file '/home/lamisplus/server/temp/iWJPpf18IyU/hiv_art_pharmacy_regimens_10_20250101045710_decrypted.json' does not exist. Skipping to next file]
[2025-04-03 15:42:08,684: INFO: multithread_file_loader: successfully updated start_time, file_name and stg_table in sync_file]
[2025-04-03 15:42:08,685: INFO: multithread_file_loader: The file '/home/lamisplus/server/temp/f0J277xHATh/hiv_art_pharmacy_regimens_10_20250101030456_decrypted.json' does not exist. Skipping to next file]
[2025-04-03 15:42:08,695: INFO: multithread_file_loader: Sync File log updated for 5ec71e43-3317-4d3a-8146-f57b2486b3a6 successfully]
[2025-04-03 15:42:08,695: INFO: multithread_file_loader: Processing file]
[2025-04-03 15:42:09,168: INFO: multithread_file_loader: successfully updated start_time, file_name and stg_table in sync_file]
[2025-04-03 15:42:09,169: INFO: multithread_file_loader: The file '/home/lamisplus/server/temp/iWJPpf18IyU/hiv_art_pharmacy_regimens_11_20250101045710_decrypted.json' does not exist. Skipping to next file]
[2025-04-03 15:42:09,222: INFO: multithread_file_loader: Sync File log updated for a8b6bce9-4cd2-4b02-917a-dee04954b143 successfully]
[2025-04-03 15:42:09,223: INFO: multithread_file_loader: Processing file]
[2025-04-03 15:42:09,662: INFO: multithread_file_loader: Sync File log updated for 8d313836-0368-4c49-b26f-fabf4aff8e17 successfully]
[2025-04-03 15:42:09,662: INFO: multithread_file_loader: Processing file]
[2025-04-03 15:42:09,813: INFO: multithread_file_loader: successfully updated start_time, file_name and stg_table in sync_file]
[2025-04-03 15:42:09,813: INFO: multithread_file_loader: The file '/home/lamisplus/server/temp/f0J277xHATh/hiv_art_pharmacy_regimens_9_20250101030456_decrypted.json' does not exist. Skipping to next file]
[2025-04-03 15:42:10,226: INFO: multithread_file_loader: Sync File log updated for a2da0823-0483-42e3-b388-bf5fb1d7dddd successfully]
[2025-04-03 15:42:10,227: INFO: multithread_file_loader: Processing file]
[2025-04-03 15:42:10,235: INFO: multithread_file_loader: successfully updated start_time, file_name and stg_table in sync_file]
[2025-04-03 15:42:10,235: INFO: multithread_file_loader: The file '/home/lamisplus/server/temp/iWJPpf18IyU/hiv_art_pharmacy_regimens_12_20250101045710_decrypted.json' does not exist. Skipping to next file]
[2025-04-03 15:42:10,798: INFO: multithread_file_loader: Sync File log updated for e23fb09b-acd1-49f4-ae62-477e0c38a9d6 successfully]
[2025-04-03 15:42:10,799: INFO: multithread_file_loader: Processing file]
[2025-04-03 15:42:10,807: INFO: multithread_file_loader: successfully updated start_time, file_name and stg_table in sync_file]
[2025-04-03 15:42:10,808: INFO: multithread_file_loader: The file '/home/lamisplus/server/temp/f0J277xHATh/hiv_art_pharmacy_regimens_8_20250101030456_decrypted.json' does not exist. Skipping to next file]
[2025-04-03 15:42:11,367: INFO: multithread_file_loader: Sync File log updated for 5068dc71-4014-4378-868d-867ef3329480 successfully]
[2025-04-03 15:42:11,368: INFO: multithread_file_loader: Processing file]
[2025-04-03 15:42:11,431: INFO: multithread_file_loader: successfully updated start_time, file_name and stg_table in sync_file]
[2025-04-03 15:42:11,432: INFO: multithread_file_loader: The file '/home/lamisplus/server/temp/iWJPpf18IyU/hiv_art_pharmacy_regimens_13_20250101045710_decrypted.json' does not exist. Skipping to next file]
[2025-04-03 15:42:11,969: INFO: multithread_file_loader: Sync File log updated for bd0ef478-1325-415c-8080-ea29a260aeb3 successfully]
[2025-04-03 15:42:11,970: INFO: multithread_file_loader: Processing file]
[2025-04-03 15:42:11,999: INFO: multithread_file_loader: successfully updated start_time, file_name and stg_table in sync_file]
[2025-04-03 15:42:12,000: INFO: multithread_file_loader: The file '/home/lamisplus/server/temp/f0J277xHATh/hiv_art_pharmacy_regimens_5_20250101030456_decrypted.json' does not exist. Skipping to next file]
[2025-04-03 15:42:12,513: INFO: multithread_file_loader: Sync File log updated for 4c26af55-248e-479d-acca-3f836e3d7472 successfully]
[2025-04-03 15:42:12,514: INFO: multithread_file_loader: Processing file]
[2025-04-03 15:42:12,555: INFO: multithread_file_loader: successfully updated start_time, file_name and stg_table in sync_file]
[2025-04-03 15:42:12,555: INFO: multithread_file_loader: The file '/home/lamisplus/server/temp/iWJPpf18IyU/hiv_art_pharmacy_regimens_6_20250101045710_decrypted.json' does not exist. Skipping to next file]
[2025-04-03 15:42:12,905: INFO: multithread_file_loader: Sync File log updated for 45a3d216-3b95-4e67-afe8-07bb7cf68593 successfully]
[2025-04-03 15:42:12,906: INFO: multithread_file_loader: Processing file]
[2025-04-03 15:42:13,115: INFO: multithread_file_loader: successfully updated start_time, file_name and stg_table in sync_file]
[2025-04-03 15:42:13,116: INFO: multithread_file_loader: The file '/home/lamisplus/server/temp/f0J277xHATh/hiv_art_pharmacy_regimens_6_20250101030456_decrypted.json' does not exist. Skipping to next file]
[2025-04-03 15:42:13,457: INFO: multithread_file_loader: successfully updated start_time, file_name and stg_table in sync_file]
[2025-04-03 15:42:13,458: INFO: multithread_file_loader: The file '/home/lamisplus/server/temp/iWJPpf18IyU/hiv_art_pharmacy_regimens_7_20250101045710_decrypted.json' does not exist. Skipping to next file]
[2025-04-03 15:42:13,619: INFO: multithread_file_loader: Sync File log updated for 6a272b10-1e2b-44b6-b42c-14840e771140 successfully]
[2025-04-03 15:42:13,620: INFO: multithread_file_loader: Processing file]
[2025-04-03 15:42:14,006: INFO: multithread_file_loader: Sync File log updated for 5676d378-2701-40da-beed-60d360053a68 successfully]
[2025-04-03 15:42:14,007: INFO: multithread_file_loader: Processing file]
[2025-04-03 15:42:14,224: INFO: multithread_file_loader: successfully updated start_time, file_name and stg_table in sync_file]
[2025-04-03 15:42:14,224: INFO: multithread_file_loader: The file '/home/lamisplus/server/temp/f0J277xHATh/hiv_art_pharmacy_regimens_7_20250101030456_decrypted.json' does not exist. Skipping to next file]
[2025-04-03 15:42:14,518: INFO: multithread_file_loader: successfully updated start_time, file_name and stg_table in sync_file]
[2025-04-03 15:42:14,519: INFO: multithread_file_loader: The file '/home/lamisplus/server/temp/iWJPpf18IyU/hiv_art_pharmacy_regimens_8_20250101045710_decrypted.json' does not exist. Skipping to next file]
[2025-04-03 15:42:14,582: INFO: multithread_file_loader: Sync File log updated for 3597e537-23be-4f84-9f82-f8560ada398a successfully]
[2025-04-03 15:42:14,583: INFO: multithread_file_loader: Processing file]
[2025-04-03 15:42:15,011: INFO: multithread_file_loader: Sync File log updated for 45794fbd-0bc5-4349-860c-bad634fc97d3 successfully]
[2025-04-03 15:42:15,012: INFO: multithread_file_loader: Processing file]
[2025-04-03 15:42:15,131: INFO: multithread_file_loader: successfully updated start_time, file_name and stg_table in sync_file]
[2025-04-03 15:42:15,131: INFO: multithread_file_loader: The file '/home/lamisplus/server/temp/f0J277xHATh/hiv_art_pharmacy_regimens_2_20250101030456_decrypted.json' does not exist. Skipping to next file]
[2025-04-03 15:42:15,555: INFO: multithread_file_loader: successfully updated start_time, file_name and stg_table in sync_file]
[2025-04-03 15:42:15,555: INFO: multithread_file_loader: The file '/home/lamisplus/server/temp/iWJPpf18IyU/hiv_art_pharmacy_regimens_2_20250101045710_decrypted.json' does not exist. Skipping to next file]
[2025-04-03 15:42:15,672: INFO: multithread_file_loader: Sync File log updated for d530f2ac-4b5d-4a26-afd0-fb9aeb88d8fc successfully]
[2025-04-03 15:42:15,672: INFO: multithread_file_loader: Processing file]
[2025-04-03 15:42:16,091: INFO: multithread_file_loader: Sync File log updated for 12bc530d-6e70-4e5c-9b78-78eb59467515 successfully]
[2025-04-03 15:42:16,091: INFO: multithread_file_loader: Processing file]
[2025-04-03 15:42:16,276: INFO: multithread_file_loader: successfully updated start_time, file_name and stg_table in sync_file]
[2025-04-03 15:42:16,277: INFO: multithread_file_loader: The file '/home/lamisplus/server/temp/f0J277xHATh/hiv_art_pharmacy_regimens_3_20250101030456_decrypted.json' does not exist. Skipping to next file]
[2025-04-03 15:42:16,679: INFO: multithread_file_loader: successfully updated start_time, file_name and stg_table in sync_file]
[2025-04-03 15:42:16,681: INFO: multithread_file_loader: The file '/home/lamisplus/server/temp/iWJPpf18IyU/hiv_art_pharmacy_regimens_3_20250101045710_decrypted.json' does not exist. Skipping to next file]
[2025-04-03 15:42:16,828: INFO: multithread_file_loader: Sync File log updated for 0ccf9dee-2f94-4f2f-9489-05279a382058 successfully]
[2025-04-03 15:42:16,829: INFO: multithread_file_loader: Processing file]
[2025-04-03 15:42:17,255: INFO: multithread_file_loader: Sync File log updated for 242eaaec-753c-40b8-a9aa-246609bd69f0 successfully]
[2025-04-03 15:42:17,255: INFO: multithread_file_loader: Processing file]
[2025-04-03 15:42:17,459: INFO: multithread_file_loader: successfully updated start_time, file_name and stg_table in sync_file]
[2025-04-03 15:42:17,460: INFO: multithread_file_loader: The file '/home/lamisplus/server/temp/f0J277xHATh/hiv_art_pharmacy_regimens_4_20250101030456_decrypted.json' does not exist. Skipping to next file]
[2025-04-03 15:42:17,820: INFO: multithread_file_loader: successfully updated start_time, file_name and stg_table in sync_file]
[2025-04-03 15:42:17,821: INFO: multithread_file_loader: The file '/home/lamisplus/server/temp/iWJPpf18IyU/hiv_art_pharmacy_regimens_4_20250101045710_decrypted.json' does not exist. Skipping to next file]
[2025-04-03 15:42:17,995: INFO: multithread_file_loader: Sync File log updated for b5d41730-0150-4b7d-b02f-8baa146aaf65 successfully]
[2025-04-03 15:42:17,996: INFO: multithread_file_loader: Processing file]
[2025-04-03 15:42:18,233: INFO: multithread_file_loader: Sync File log updated for 5106c8b4-05c6-4112-b384-95e7046e04a7 successfully]
[2025-04-03 15:42:18,233: INFO: multithread_file_loader: Processing file]
[2025-04-03 15:42:18,613: INFO: multithread_file_loader: successfully updated start_time, file_name and stg_table in sync_file]
[2025-04-03 15:42:18,614: INFO: multithread_file_loader: The file '/home/lamisplus/server/temp/f0J277xHATh/hiv_art_pharmacy_regimens_1_20250101030456_decrypted.json' does not exist. Skipping to next file]
[2025-04-03 15:42:18,816: INFO: multithread_file_loader: successfully updated start_time, file_name and stg_table in sync_file]
[2025-04-03 15:42:18,817: INFO: multithread_file_loader: The file '/home/lamisplus/server/temp/iWJPpf18IyU/hiv_art_pharmacy_regimens_5_20250101045710_decrypted.json' does not exist. Skipping to next file]
[2025-04-03 15:42:19,088: INFO: multithread_file_loader: Sync File log updated for 27a003a3-aef5-4958-83ae-af79a02c6473 successfully]
[2025-04-03 15:42:19,089: INFO: multithread_file_loader: Processing file]
[2025-04-03 15:42:19,366: INFO: multithread_file_loader: Sync File log updated for d8f9ab55-e294-4c14-a3c4-3b22773d0316 successfully]
[2025-04-03 15:42:19,367: INFO: multithread_file_loader: Processing file]
[2025-04-03 15:42:19,643: INFO: multithread_file_loader: successfully updated start_time, file_name and stg_table in sync_file]
[2025-04-03 15:42:19,644: INFO: multithread_file_loader: The file '/home/lamisplus/server/temp/f0J277xHATh/hiv_art_pharmacy_regimens_0_20250101030456_decrypted.json' does not exist. Skipping to next file]
[2025-04-03 15:42:19,953: INFO: multithread_file_loader: successfully updated start_time, file_name and stg_table in sync_file]
[2025-04-03 15:42:19,954: INFO: multithread_file_loader: The file '/home/lamisplus/server/temp/iWJPpf18IyU/hiv_art_pharmacy_regimens_0_20250101045710_decrypted.json' does not exist. Skipping to next file]
[2025-04-03 15:42:20,146: INFO: multithread_file_loader: Sync File log updated for 8e0eb101-3170-4e12-aa2c-92ccbf58b55a successfully]
[2025-04-03 15:42:20,147: INFO: multithread_file_loader: Processing file]
[2025-04-03 15:42:20,336: INFO: multithread_file_loader: Sync File log updated for 2b0b01f8-a97b-4097-85fb-53f8ef76ceb3 successfully]
[2025-04-03 15:42:20,337: INFO: multithread_file_loader: Processing file]
[2025-04-03 15:42:20,703: INFO: multithread_file_loader: successfully updated start_time, file_name and stg_table in sync_file]
[2025-04-03 15:42:20,704: INFO: multithread_file_loader: The file '/home/lamisplus/server/temp/f0J277xHATh/hiv_status_tracker_0_20250101030456_decrypted.json' does not exist. Skipping to next file]
[2025-04-03 15:42:20,885: INFO: multithread_file_loader: successfully updated start_time, file_name and stg_table in sync_file]
[2025-04-03 15:42:20,885: INFO: multithread_file_loader: The file '/home/lamisplus/server/temp/iWJPpf18IyU/hiv_art_pharmacy_regimens_1_20250101045710_decrypted.json' does not exist. Skipping to next file]
[2025-04-03 15:42:21,242: INFO: multithread_file_loader: Sync File log updated for d404651b-bf62-4670-bcf0-c734f6f06dcb successfully]
[2025-04-03 15:42:21,242: INFO: multithread_file_loader: Processing file]
[2025-04-03 15:42:21,405: INFO: multithread_file_loader: Sync File log updated for 0bf22338-1652-4583-af1a-b2385f1c0461 successfully]
[2025-04-03 15:42:21,406: INFO: multithread_file_loader: Processing file]
[2025-04-03 15:42:21,777: INFO: multithread_file_loader: successfully updated start_time, file_name and stg_table in sync_file]
[2025-04-03 15:42:21,778: INFO: multithread_file_loader: The file '/home/lamisplus/server/temp/f0J277xHATh/hiv_observation_0_20250101030456_decrypted.json' does not exist. Skipping to next file]
[2025-04-03 15:42:21,979: INFO: multithread_file_loader: successfully updated start_time, file_name and stg_table in sync_file]
[2025-04-03 15:42:21,979: INFO: multithread_file_loader: The file '/home/lamisplus/server/temp/iWJPpf18IyU/hiv_status_tracker_0_20250101045710_decrypted.json' does not exist. Skipping to next file]
[2025-04-03 15:42:22,200: INFO: multithread_file_loader: Sync File log updated for 57e66e1e-c858-4131-a4b3-fb632d808d3d successfully]
[2025-04-03 15:42:22,201: INFO: multithread_file_loader: Processing file]
[2025-04-03 15:42:22,481: INFO: multithread_file_loader: Sync File log updated for 4e59239b-18ac-419d-835c-082549d8fb1a successfully]
[2025-04-03 15:42:22,482: INFO: multithread_file_loader: Processing file]
[2025-04-03 15:42:22,872: INFO: multithread_file_loader: successfully updated start_time, file_name and stg_table in sync_file]
[2025-04-03 15:42:22,873: INFO: multithread_file_loader: The file '/home/lamisplus/server/temp/f0J277xHATh/hiv_enrollment_0_20250101030456_decrypted.json' does not exist. Skipping to next file]
[2025-04-03 15:42:23,033: INFO: multithread_file_loader: successfully updated start_time, file_name and stg_table in sync_file]
[2025-04-03 15:42:23,033: INFO: multithread_file_loader: The file '/home/lamisplus/server/temp/iWJPpf18IyU/hiv_observation_0_20250101045710_decrypted.json' does not exist. Skipping to next file]
[2025-04-03 15:42:23,340: INFO: multithread_file_loader: Sync File log updated for 404cf63b-362f-4507-8c43-7a7158eb1112 successfully]
[2025-04-03 15:42:23,341: INFO: multithread_file_loader: Processing file]
[2025-04-03 15:42:23,551: INFO: multithread_file_loader: Sync File log updated for 4f37b78f-8b58-425e-93d1-87f13ca1e0d7 successfully]
[2025-04-03 15:42:23,551: INFO: multithread_file_loader: Processing file]
[2025-04-03 15:42:23,927: INFO: multithread_file_loader: successfully updated start_time, file_name and stg_table in sync_file]
[2025-04-03 15:42:23,928: INFO: multithread_file_loader: The file '/home/lamisplus/server/temp/f0J277xHATh/hiv_art_pharmacy_0_20250101030456_decrypted.json' does not exist. Skipping to next file]
[2025-04-03 15:42:24,142: INFO: multithread_file_loader: successfully updated start_time, file_name and stg_table in sync_file]
[2025-04-03 15:42:24,143: INFO: multithread_file_loader: The file '/home/lamisplus/server/temp/iWJPpf18IyU/hiv_art_pharmacy_0_20250101045710_decrypted.json' does not exist. Skipping to next file]
[2025-04-03 15:42:24,280: INFO: multithread_file_loader: Sync File log updated for 2e9ee0cd-8114-4a20-889d-2a0b42ef7083 successfully]
[2025-04-03 15:42:24,281: INFO: multithread_file_loader: Processing file]
[2025-04-03 15:42:24,571: INFO: multithread_file_loader: Sync File log updated for f665f7be-bd6e-4b2e-ab60-de44d33df598 successfully]
[2025-04-03 15:42:24,572: INFO: multithread_file_loader: Processing file]
[2025-04-03 15:42:24,769: INFO: multithread_file_loader: successfully updated start_time, file_name and stg_table in sync_file]
[2025-04-03 15:42:24,770: INFO: multithread_file_loader: The file '/home/lamisplus/server/temp/f0J277xHATh/hts_index_elicitation_0_20250101030456_decrypted.json' does not exist. Skipping to next file]
[2025-04-03 15:42:25,145: INFO: multithread_file_loader: successfully updated start_time, file_name and stg_table in sync_file]
[2025-04-03 15:42:25,146: INFO: multithread_file_loader: The file '/home/lamisplus/server/temp/iWJPpf18IyU/prep_regimen_0_20250101045710_decrypted.json' does not exist. Skipping to next file]
[2025-04-03 15:42:25,216: INFO: multithread_file_loader: Sync File log updated for 5d4e7b6b-0c42-40bf-be7a-0f93d7ee45e2 successfully]
[2025-04-03 15:42:25,216: INFO: multithread_file_loader: Processing file]
[2025-04-03 15:42:25,657: INFO: multithread_file_loader: Sync File log updated for 63eba355-15e0-4ec7-81dc-010d36552c24 successfully]
[2025-04-03 15:42:25,658: INFO: multithread_file_loader: Processing file]
[2025-04-03 15:42:25,739: INFO: multithread_file_loader: successfully updated start_time, file_name and stg_table in sync_file]
[2025-04-03 15:42:25,739: INFO: multithread_file_loader: The file '/home/lamisplus/server/temp/f0J277xHATh/hts_client_0_20250101030456_decrypted.json' does not exist. Skipping to next file]
[2025-04-03 15:42:26,251: INFO: multithread_file_loader: Sync File log updated for 29b5f4b5-5ee6-4e7d-8b33-ace944b7fde2 successfully]
[2025-04-03 15:42:26,251: INFO: multithread_file_loader: Processing file]
[2025-04-03 15:42:26,270: INFO: multithread_file_loader: successfully updated start_time, file_name and stg_table in sync_file]
[2025-04-03 15:42:26,271: INFO: multithread_file_loader: The file '/home/lamisplus/server/temp/iWJPpf18IyU/biometric_0_20250101045710_decrypted.json' does not exist. Skipping to next file]
[2025-04-03 15:42:26,815: INFO: multithread_file_loader: Sync File log updated for 8b8d0134-7a84-40ce-84c5-55494d936b54 successfully]
[2025-04-03 15:42:26,816: INFO: multithread_file_loader: Processing file]
[2025-04-03 15:42:26,853: INFO: multithread_file_loader: successfully updated start_time, file_name and stg_table in sync_file]
[2025-04-03 15:42:26,854: INFO: multithread_file_loader: The file '/home/lamisplus/server/temp/f0J277xHATh/prep_regimen_0_20250101030456_decrypted.json' does not exist. Skipping to next file]
[2025-04-03 15:42:27,364: INFO: multithread_file_loader: Sync File log updated for b697a328-30f5-4e88-a5da-50b77f2d4a59 successfully]
[2025-04-03 15:42:27,365: INFO: multithread_file_loader: Processing file]
[2025-04-03 15:42:27,457: INFO: multithread_file_loader: successfully updated start_time, file_name and stg_table in sync_file]
[2025-04-03 15:42:27,458: INFO: multithread_file_loader: The file '/home/lamisplus/server/temp/iWJPpf18IyU/triage_vital_sign_0_20250101045710_decrypted.json' does not exist. Skipping to next file]
[2025-04-03 15:42:27,890: INFO: multithread_file_loader: successfully updated start_time, file_name and stg_table in sync_file]
[2025-04-03 15:42:27,891: INFO: multithread_file_loader: The file '/home/lamisplus/server/temp/f0J277xHATh/prep_enrollment_0_20250101030456_decrypted.json' does not exist. Skipping to next file]
[2025-04-03 15:42:27,978: INFO: multithread_file_loader: Sync File log updated for efbc05c0-3d3c-4e22-91ef-c7063db4d853 successfully]
[2025-04-03 15:42:27,979: INFO: multithread_file_loader: Processing file]
[2025-04-03 15:42:28,306: INFO: multithread_file_loader: Sync File log updated for 5cea9f76-64ab-4c5f-b5e5-2568ed707c33 successfully]
[2025-04-03 15:42:28,306: INFO: multithread_file_loader: Processing file]
[2025-04-03 15:42:28,491: INFO: multithread_file_loader: successfully updated start_time, file_name and stg_table in sync_file]
[2025-04-03 15:42:28,492: INFO: multithread_file_loader: The file '/home/lamisplus/server/temp/iWJPpf18IyU/patient_visit_0_20250101045710_decrypted.json' does not exist. Skipping to next file]
[2025-04-03 15:42:28,876: INFO: multithread_file_loader: successfully updated start_time, file_name and stg_table in sync_file]
[2025-04-03 15:42:28,877: INFO: multithread_file_loader: The file '/home/lamisplus/server/temp/f0J277xHATh/biometric_0_20250101030456_decrypted.json' does not exist. Skipping to next file]
[2025-04-03 15:42:29,008: INFO: multithread_file_loader: Sync File log updated for 57d0a42c-315d-40df-8448-cd2160cfbc52 successfully]
[2025-04-03 15:42:29,009: INFO: multithread_file_loader: Processing file]
[2025-04-03 15:42:29,232: INFO: multithread_file_loader: Sync File log updated for 68211542-4a04-4fef-8a5b-11abed8aaaa5 successfully]
[2025-04-03 15:42:29,232: INFO: multithread_file_loader: Processing file]
[2025-04-03 15:42:29,592: INFO: multithread_file_loader: successfully updated start_time, file_name and stg_table in sync_file]
[2025-04-03 15:42:29,592: INFO: multithread_file_loader: The file '/home/lamisplus/server/temp/iWJPpf18IyU/patient_encounter_0_20250101045710_decrypted.json' does not exist. Skipping to next file]
[2025-04-03 15:42:29,768: INFO: multithread_file_loader: successfully updated start_time, file_name and stg_table in sync_file]
[2025-04-03 15:42:29,769: INFO: multithread_file_loader: The file '/home/lamisplus/server/temp/f0J277xHATh/triage_vital_sign_0_20250101030456_decrypted.json' does not exist. Skipping to next file]
[2025-04-03 15:42:30,009: INFO: multithread_file_loader: Sync File log updated for 9a96a658-0d82-48ad-8aa3-732175c259cd successfully]
[2025-04-03 15:42:30,010: INFO: multithread_file_loader: Processing file]
[2025-04-03 15:42:30,082: INFO: multithread_file_loader: Sync File log updated for 2dc068de-c28c-4ed8-9ef8-e9352087a395 successfully]
[2025-04-03 15:42:30,082: INFO: multithread_file_loader: Processing file]
[2025-04-03 15:42:30,424: INFO: multithread_file_loader: successfully updated start_time, file_name and stg_table in sync_file]
[2025-04-03 15:42:30,425: INFO: multithread_file_loader: The file '/home/lamisplus/server/temp/iWJPpf18IyU/base_organisation_unit_1_20250101045710_decrypted.json' does not exist. Skipping to next file]
[2025-04-03 15:42:30,530: INFO: multithread_file_loader: successfully updated start_time, file_name and stg_table in sync_file]
[2025-04-03 15:42:30,531: INFO: multithread_file_loader: The file '/home/lamisplus/server/temp/f0J277xHATh/patient_visit_0_20250101030456_decrypted.json' does not exist. Skipping to next file]
[2025-04-03 15:42:30,918: INFO: multithread_file_loader: Sync File log updated for 09feca16-e0c0-4aae-b5e5-6807ce6dd537 successfully]
[2025-04-03 15:42:30,919: INFO: multithread_file_loader: Processing file]
[2025-04-03 15:42:30,934: INFO: multithread_file_loader: Sync File log updated for a84ce7a3-8f81-4330-ad2c-c17a985d3664 successfully]
[2025-04-03 15:42:30,935: INFO: multithread_file_loader: Processing file]
[2025-04-03 15:42:31,231: INFO: multithread_file_loader: successfully updated start_time, file_name and stg_table in sync_file]
[2025-04-03 15:42:31,232: INFO: multithread_file_loader: The file '/home/lamisplus/server/temp/f0J277xHATh/patient_person_0_20250101030456_decrypted.json' does not exist. Skipping to next file]
[2025-04-03 15:42:31,385: INFO: multithread_file_loader: successfully updated start_time, file_name and stg_table in sync_file]
[2025-04-03 15:42:31,386: INFO: multithread_file_loader: The file '/home/lamisplus/server/temp/iWJPpf18IyU/base_organisation_unit_0_20250101045710_decrypted.json' does not exist. Skipping to next file]
[2025-04-03 15:42:31,755: INFO: multithread_file_loader: Sync File log updated for bd5f9cf1-685e-4897-841b-9bd8981dcff6 successfully]
[2025-04-03 15:42:31,756: INFO: multithread_file_loader: Processing file]
[2025-04-03 15:42:31,767: INFO: multithread_file_loader: Sync File log updated for 8232b174-5276-4385-8af6-7ae60ec69a77 successfully]
[2025-04-03 15:42:31,768: INFO: multithread_file_loader: Processing file]
[2025-04-03 15:42:32,154: INFO: multithread_file_loader: successfully updated start_time, file_name and stg_table in sync_file]
[2025-04-03 15:42:32,155: INFO: multithread_file_loader: The file '/home/lamisplus/server/temp/f0J277xHATh/patient_encounter_0_20250101030456_decrypted.json' does not exist. Skipping to next file]
[2025-04-03 15:42:32,292: INFO: multithread_file_loader: successfully updated start_time, file_name and stg_table in sync_file]
[2025-04-03 15:42:32,293: INFO: multithread_file_loader: The file '/home/lamisplus/server/temp/iWJPpf18IyU/base_application_codeset_0_20250101045710_decrypted.json' does not exist. Skipping to next file]
[2025-04-03 15:42:32,468: INFO: multithread_file_loader: Sync File log updated for aae5425c-0bed-4c0b-bc96-470c4ae3ee5d successfully]
[2025-04-03 15:42:32,469: INFO: multithread_file_loader: Processing file]
[2025-04-03 15:42:32,820: INFO: multithread_file_loader: Sync File log updated for 743d95d5-6f51-4e1e-a739-d0b1ca6e981c successfully]
[2025-04-03 15:42:32,821: INFO: multithread_file_loader: json files successfully processed]
[2025-04-03 15:42:32,877: INFO: multi_file_ingestion_process: files updated for iWJPpf18IyU in batch_facility_processing]
[2025-04-03 15:42:32,878: INFO: multi_file_ingestion_process: ingestion of 11 files for iWJPpf18IyU completed]
[2025-04-03 15:42:33,033: INFO: multithread_file_loader: successfully updated start_time, file_name and stg_table in sync_file]
[2025-04-03 15:42:33,034: INFO: multithread_file_loader: The file '/home/lamisplus/server/temp/f0J277xHATh/base_organisation_unit_0_20250101030456_decrypted.json' does not exist. Skipping to next file]
[2025-04-03 15:42:33,526: INFO: multithread_file_loader: Sync File log updated for ae1733fa-421d-4882-aec5-6693655d8a3c successfully]
[2025-04-03 15:42:33,527: INFO: multithread_file_loader: Processing file]
[2025-04-03 15:42:34,123: INFO: multithread_file_loader: successfully updated start_time, file_name and stg_table in sync_file]
[2025-04-03 15:42:34,124: INFO: multithread_file_loader: The file '/home/lamisplus/server/temp/f0J277xHATh/base_organisation_unit_1_20250101030456_decrypted.json' does not exist. Skipping to next file]
[2025-04-03 15:42:34,608: INFO: multithread_file_loader: Sync File log updated for 61ab0519-4acc-40d4-bd78-3f8612791670 successfully]
[2025-04-03 15:42:34,609: INFO: multithread_file_loader: Processing file]
[2025-04-03 15:42:35,155: INFO: multithread_file_loader: successfully updated start_time, file_name and stg_table in sync_file]
[2025-04-03 15:42:35,156: INFO: multithread_file_loader: The file '/home/lamisplus/server/temp/f0J277xHATh/base_application_codeset_0_20250101030456_decrypted.json' does not exist. Skipping to next file]
[2025-04-03 15:42:35,663: INFO: multithread_file_loader: Sync File log updated for 8b4520a5-7e8c-4a4b-ad0a-557e6bbd8a8f successfully]
[2025-04-03 15:42:35,664: INFO: multithread_file_loader: Processing file]
[2025-04-03 15:42:36,243: INFO: multithread_file_loader: successfully updated start_time, file_name and stg_table in sync_file]
[2025-04-03 15:42:36,243: INFO: multithread_file_loader: The file '/home/lamisplus/server/temp/f0J277xHATh/hts_risk_stratification_0_20250101030456_decrypted.json' does not exist. Skipping to next file]
[2025-04-03 15:42:36,573: INFO: multithread_file_loader: Sync File log updated for cc896d89-b85d-4299-aee7-6c7568ff0c63 successfully]
[2025-04-03 15:42:36,574: INFO: multithread_file_loader: json files successfully processed]
[2025-04-03 15:42:36,630: INFO: multi_file_ingestion_process: files updated for f0J277xHATh in batch_facility_processing]
[2025-04-03 15:42:36,630: INFO: multi_file_ingestion_process: ingestion of 39 files for f0J277xHATh completed]
[2025-04-03 15:42:36,648: INFO: multi_file_ingestion_process: File ingestion process completed successfully.]
[2025-04-03 18:17:33,890: INFO: file_loader: json files successfully processed]
[2025-04-03 18:18:49,436: INFO: file_loader: Processing file]
[2025-04-03 18:18:49,958: INFO: file_loader: successfully updated start_time, file_name and stg_table in sync_file]
[2025-04-03 18:18:49,958: INFO: file_loader: The file '/home/server_user/server/temp/f0J277xHATh/laboratory_test_0_20250101030456_decrypted.json' does not exist. Skipping to next file]
[2025-04-03 18:18:50,483: INFO: file_loader: Sync File log updated for 60e3caa4-1d68-491d-98d5-fb7e83292f92 successfully]
[2025-04-03 18:18:50,484: INFO: file_loader: Processing file]
[2025-04-03 18:18:50,930: INFO: file_loader: successfully updated start_time, file_name and stg_table in sync_file]
[2025-04-03 18:18:50,931: INFO: file_loader: The file '/home/server_user/server/temp/f0J277xHATh/laboratory_sample_type_0_20250101030456_decrypted.json' does not exist. Skipping to next file]
[2025-04-03 18:18:51,457: INFO: file_loader: Sync File log updated for fff67ba5-1638-40e7-877c-0fe019199245 successfully]
[2025-04-03 18:18:51,458: INFO: file_loader: json files successfully processed]
[2025-04-03 19:46:43,308: INFO: file_loader: Processing file]
[2025-04-03 19:46:43,864: INFO: file_loader: successfully updated start_time, file_name and stg_table in sync_file]
[2025-04-03 19:46:43,865: INFO: file_loader: The file '/home/server_user/server/temp/f0J277xHATh/laboratory_sample_0_20250101030456_decrypted.json' does not exist. Skipping to next file]
[2025-04-03 19:46:44,432: INFO: file_loader: Sync File log updated for 66906d05-e378-43dd-9185-c68f2290097b successfully]
[2025-04-03 19:46:44,433: INFO: file_loader: Processing file]
[2025-04-03 19:46:44,972: INFO: file_loader: successfully updated start_time, file_name and stg_table in sync_file]
[2025-04-03 19:46:44,972: INFO: file_loader: The file '/home/server_user/server/temp/f0J277xHATh/laboratory_order_0_20250101030456_decrypted.json' does not exist. Skipping to next file]
[2025-04-03 19:46:45,513: INFO: file_loader: Sync File log updated for c2d3c582-4e01-4768-990d-2e106d6a852e successfully]
[2025-04-03 19:46:45,513: INFO: file_loader: json files successfully processed]
[2025-04-03 20:05:48,584: INFO: dsd_loader: json files successfully processed]
[2025-04-03 20:06:16,734: INFO: file_loader: Processing file]
[2025-04-03 20:06:17,318: INFO: file_loader: successfully updated start_time, file_name and stg_table in sync_file]
[2025-04-03 20:06:17,319: INFO: file_loader: The file '/home/server_user/server/temp/f0J277xHATh/laboratory_result_0_20250101030456_decrypted.json' does not exist. Skipping to next file]
[2025-04-03 20:06:17,878: INFO: file_loader: Sync File log updated for e34e1a9a-97ef-45b5-92a5-13a7c6d860bd successfully]
[2025-04-03 20:06:17,879: INFO: file_loader: Processing file]
[2025-04-03 20:06:18,446: INFO: file_loader: successfully updated start_time, file_name and stg_table in sync_file]
[2025-04-03 20:06:18,447: INFO: file_loader: The file '/home/server_user/server/temp/f0J277xHATh/laboratory_labtestgroup_0_20250101030456_decrypted.json' does not exist. Skipping to next file]
[2025-04-03 20:06:18,998: INFO: file_loader: Sync File log updated for d4a31b48-f630-4a68-a8d9-48cfdfa1739c successfully]
[2025-04-03 20:06:18,999: INFO: file_loader: json files successfully processed]
[2025-04-03 20:06:30,830: INFO: multi_file_ingestion_process: Facility batch file uploads inserted into batch_facility_processing]
[2025-04-03 20:06:31,525: INFO: multi_file_ingestion_process: Starting ingestion process with log ID: IPID_20250403_20_06]
[2025-04-03 20:06:31,546: INFO: multi_file_ingestion_process: ingestion of 35 files for f0J277xHATh started]
[2025-04-03 20:06:31,547: INFO: multi_file_ingestion_process: ingestion of 15 files for iWJPpf18IyU started]
[2025-04-03 20:06:31,606: INFO: multithread_file_loader: Processing file]
[2025-04-03 20:06:31,606: INFO: multithread_file_loader: Processing file]
[2025-04-03 20:06:32,169: INFO: multithread_file_loader: successfully updated start_time, file_name and stg_table in sync_file]
[2025-04-03 20:06:32,169: INFO: multithread_file_loader: The file '/home/lamisplus/server/temp/iWJPpf18IyU/laboratory_sample_type_0_20250101045710_decrypted.json' does not exist. Skipping to next file]
[2025-04-03 20:06:32,188: INFO: multithread_file_loader: successfully updated start_time, file_name and stg_table in sync_file]
[2025-04-03 20:06:32,189: INFO: multithread_file_loader: The file '/home/lamisplus/server/temp/f0J277xHATh/laboratory_labtest_0_20250101030456_decrypted.json' does not exist. Skipping to next file]
[2025-04-03 20:06:32,704: INFO: multithread_file_loader: Sync File log updated for 32f678bf-1f33-4bd2-8c19-c169f682e97f successfully]
[2025-04-03 20:06:32,705: INFO: multithread_file_loader: Processing file]
[2025-04-03 20:06:32,769: INFO: multithread_file_loader: Sync File log updated for 6bebc1b3-3fd2-4669-803b-d6a0ac08358d successfully]
[2025-04-03 20:06:32,770: INFO: multithread_file_loader: Processing file]
[2025-04-03 20:06:33,250: INFO: multithread_file_loader: successfully updated start_time, file_name and stg_table in sync_file]
[2025-04-03 20:06:33,251: INFO: multithread_file_loader: The file '/home/lamisplus/server/temp/iWJPpf18IyU/laboratory_labtestgroup_0_20250101045710_decrypted.json' does not exist. Skipping to next file]
[2025-04-03 20:06:33,306: INFO: multithread_file_loader: successfully updated start_time, file_name and stg_table in sync_file]
[2025-04-03 20:06:33,307: INFO: multithread_file_loader: The file '/home/lamisplus/server/temp/f0J277xHATh/mhpss_screening_0_20250101030456_decrypted.json' does not exist. Skipping to next file]
[2025-04-03 20:06:33,828: INFO: multithread_file_loader: Sync File log updated for 0c6320ce-28ea-43fd-9fd8-f6b8600a3ff8 successfully]
[2025-04-03 20:06:33,828: INFO: multithread_file_loader: Processing file]
[2025-04-03 20:06:33,888: INFO: multithread_file_loader: Sync File log updated for 1fecfd68-3ea9-4d6f-ab11-1208151bf959 successfully]
[2025-04-03 20:06:33,889: INFO: multithread_file_loader: Processing file]
[2025-04-03 20:06:34,211: INFO: multithread_file_loader: successfully updated start_time, file_name and stg_table in sync_file]
[2025-04-03 20:06:34,212: INFO: multithread_file_loader: The file '/home/lamisplus/server/temp/f0J277xHATh/case_manager_patients_0_20250101030456_decrypted.json' does not exist. Skipping to next file]
[2025-04-03 20:06:34,383: INFO: multithread_file_loader: successfully updated start_time, file_name and stg_table in sync_file]
[2025-04-03 20:06:34,384: INFO: multithread_file_loader: The file '/home/lamisplus/server/temp/iWJPpf18IyU/laboratory_labtest_0_20250101045710_decrypted.json' does not exist. Skipping to next file]
[2025-04-03 20:06:34,772: INFO: multithread_file_loader: Sync File log updated for 4f6dfdd7-c9b4-4995-940b-bf336d2fadb5 successfully]
[2025-04-03 20:06:34,773: INFO: multithread_file_loader: Processing file]
[2025-04-03 20:06:34,955: INFO: multithread_file_loader: Sync File log updated for 5e27dec3-fe8a-4c47-9ad0-eec540221404 successfully]
[2025-04-03 20:06:34,956: INFO: multithread_file_loader: Processing file]
[2025-04-03 20:06:35,267: INFO: multithread_file_loader: successfully updated start_time, file_name and stg_table in sync_file]
[2025-04-03 20:06:35,268: INFO: multithread_file_loader: The file '/home/lamisplus/server/temp/f0J277xHATh/hiv_regimen_drug_0_20250101030456_decrypted.json' does not exist. Skipping to next file]
[2025-04-03 20:06:35,503: INFO: multithread_file_loader: successfully updated start_time, file_name and stg_table in sync_file]
[2025-04-03 20:06:35,503: INFO: multithread_file_loader: The file '/home/lamisplus/server/temp/iWJPpf18IyU/hiv_regimen_resolver_0_20250101045710_decrypted.json' does not exist. Skipping to next file]
[2025-04-03 20:06:35,844: INFO: multithread_file_loader: Sync File log updated for 51c148ea-616b-4587-832b-e98fa1ebec95 successfully]
[2025-04-03 20:06:35,845: INFO: multithread_file_loader: Processing file]
[2025-04-03 20:06:36,024: INFO: multithread_file_loader: Sync File log updated for 73d66814-36e7-42f4-a01d-5737e08fa7f5 successfully]
[2025-04-03 20:06:36,025: INFO: multithread_file_loader: Processing file]
[2025-04-03 20:06:36,367: INFO: multithread_file_loader: successfully updated start_time, file_name and stg_table in sync_file]
[2025-04-03 20:06:36,368: INFO: multithread_file_loader: The file '/home/lamisplus/server/temp/f0J277xHATh/hiv_regimen_resolver_0_20250101030456_decrypted.json' does not exist. Skipping to next file]
[2025-04-03 20:06:36,562: INFO: multithread_file_loader: successfully updated start_time, file_name and stg_table in sync_file]
[2025-04-03 20:06:36,562: INFO: multithread_file_loader: The file '/home/lamisplus/server/temp/iWJPpf18IyU/hiv_regimen_type_0_20250101045710_decrypted.json' does not exist. Skipping to next file]
[2025-04-03 20:06:36,916: INFO: multithread_file_loader: Sync File log updated for 150e7be0-cf9b-41d2-a877-cd2c66e029d3 successfully]
[2025-04-03 20:06:36,916: INFO: multithread_file_loader: Processing file]
[2025-04-03 20:06:37,090: INFO: multithread_file_loader: Sync File log updated for fd9335a2-40f7-4b62-869b-cd356e53fd4f successfully]
[2025-04-03 20:06:37,091: INFO: multithread_file_loader: Processing file]
[2025-04-03 20:06:37,485: INFO: multithread_file_loader: successfully updated start_time, file_name and stg_table in sync_file]
[2025-04-03 20:06:37,486: INFO: multithread_file_loader: The file '/home/lamisplus/server/temp/f0J277xHATh/hiv_regimen_type_0_20250101030456_decrypted.json' does not exist. Skipping to next file]
[2025-04-03 20:06:37,640: INFO: multithread_file_loader: successfully updated start_time, file_name and stg_table in sync_file]
[2025-04-03 20:06:37,641: INFO: multithread_file_loader: The file '/home/lamisplus/server/temp/iWJPpf18IyU/hiv_regimen_drug_0_20250101045710_decrypted.json' does not exist. Skipping to next file]
[2025-04-03 20:06:38,023: INFO: multithread_file_loader: Sync File log updated for c57e215a-cd2d-4e11-bee6-7ddee8167d25 successfully]
[2025-04-03 20:06:38,024: INFO: multithread_file_loader: Sync File log updated for b31553de-66d6-43f4-9b1c-41d0e4499d7f successfully]
[2025-04-03 20:06:38,024: INFO: multithread_file_loader: Processing file]
[2025-04-03 20:06:38,025: INFO: multithread_file_loader: Processing file]
[2025-04-03 20:06:38,561: INFO: multithread_file_loader: successfully updated start_time, file_name and stg_table in sync_file]
[2025-04-03 20:06:38,562: INFO: multithread_file_loader: The file '/home/lamisplus/server/temp/f0J277xHATh/hiv_regimen_0_20250101030456_decrypted.json' does not exist. Skipping to next file]
[2025-04-03 20:06:38,569: INFO: multithread_file_loader: successfully updated start_time, file_name and stg_table in sync_file]
[2025-04-03 20:06:38,569: INFO: multithread_file_loader: The file '/home/lamisplus/server/temp/iWJPpf18IyU/hiv_art_pharmacy_regimens_14_20250101045710_decrypted.json' does not exist. Skipping to next file]
[2025-04-03 20:06:39,088: INFO: multithread_file_loader: Sync File log updated for 5b116181-0bc4-4782-902e-d47b99cd826b successfully]
[2025-04-03 20:06:39,088: INFO: multithread_file_loader: Processing file]
[2025-04-03 20:06:39,096: INFO: multithread_file_loader: Sync File log updated for 6df904c6-45d4-4640-a652-c72b95b48a55 successfully]
[2025-04-03 20:06:39,096: INFO: multithread_file_loader: Processing file]
[2025-04-03 20:06:39,439: INFO: multithread_file_loader: successfully updated start_time, file_name and stg_table in sync_file]
[2025-04-03 20:06:39,440: INFO: multithread_file_loader: The file '/home/lamisplus/server/temp/f0J277xHATh/hiv_art_pharmacy_regimens_10_20250101030456_decrypted.json' does not exist. Skipping to next file]
[2025-04-03 20:06:39,644: INFO: multithread_file_loader: successfully updated start_time, file_name and stg_table in sync_file]
[2025-04-03 20:06:39,645: INFO: multithread_file_loader: The file '/home/lamisplus/server/temp/iWJPpf18IyU/hiv_art_pharmacy_regimens_15_20250101045710_decrypted.json' does not exist. Skipping to next file]
[2025-04-03 20:06:40,000: INFO: multithread_file_loader: Sync File log updated for a8b6bce9-4cd2-4b02-917a-dee04954b143 successfully]
[2025-04-03 20:06:40,001: INFO: multithread_file_loader: Processing file]
[2025-04-03 20:06:40,124: INFO: multithread_file_loader: Sync File log updated for 21f94ac1-c7b1-4996-86de-5890615b7f7c successfully]
[2025-04-03 20:06:40,125: INFO: multithread_file_loader: Processing file]
[2025-04-03 20:06:40,551: INFO: multithread_file_loader: successfully updated start_time, file_name and stg_table in sync_file]
[2025-04-03 20:06:40,552: INFO: multithread_file_loader: The file '/home/lamisplus/server/temp/f0J277xHATh/hiv_art_pharmacy_regimens_9_20250101030456_decrypted.json' does not exist. Skipping to next file]
[2025-04-03 20:06:40,671: INFO: multithread_file_loader: successfully updated start_time, file_name and stg_table in sync_file]
[2025-04-03 20:06:40,672: INFO: multithread_file_loader: The file '/home/lamisplus/server/temp/iWJPpf18IyU/hiv_art_pharmacy_regimens_16_20250101045710_decrypted.json' does not exist. Skipping to next file]
[2025-04-03 20:06:40,947: INFO: multithread_file_loader: Sync File log updated for a2da0823-0483-42e3-b388-bf5fb1d7dddd successfully]
[2025-04-03 20:06:40,948: INFO: multithread_file_loader: Processing file]
[2025-04-03 20:06:41,204: INFO: multithread_file_loader: Sync File log updated for 3413955a-73d4-4172-bb23-f8be8901afcb successfully]
[2025-04-03 20:06:41,205: INFO: multithread_file_loader: Processing file]
[2025-04-03 20:06:41,522: INFO: multithread_file_loader: successfully updated start_time, file_name and stg_table in sync_file]
[2025-04-03 20:06:41,522: INFO: multithread_file_loader: The file '/home/lamisplus/server/temp/f0J277xHATh/hiv_art_pharmacy_regimens_8_20250101030456_decrypted.json' does not exist. Skipping to next file]
[2025-04-03 20:06:41,746: INFO: multithread_file_loader: successfully updated start_time, file_name and stg_table in sync_file]
[2025-04-03 20:06:41,747: INFO: multithread_file_loader: The file '/home/lamisplus/server/temp/iWJPpf18IyU/hiv_regimen_0_20250101045710_decrypted.json' does not exist. Skipping to next file]
[2025-04-03 20:06:42,038: INFO: multithread_file_loader: Sync File log updated for 5068dc71-4014-4378-868d-867ef3329480 successfully]
[2025-04-03 20:06:42,038: INFO: multithread_file_loader: Processing file]
[2025-04-03 20:06:42,237: INFO: multithread_file_loader: Sync File log updated for 2044bcfb-36b6-4a24-9385-2d67b0201270 successfully]
[2025-04-03 20:06:42,237: INFO: multithread_file_loader: Processing file]
[2025-04-03 20:06:42,586: INFO: multithread_file_loader: successfully updated start_time, file_name and stg_table in sync_file]
[2025-04-03 20:06:42,587: INFO: multithread_file_loader: The file '/home/lamisplus/server/temp/f0J277xHATh/hiv_art_pharmacy_regimens_5_20250101030456_decrypted.json' does not exist. Skipping to next file]
[2025-04-03 20:06:42,727: INFO: multithread_file_loader: successfully updated start_time, file_name and stg_table in sync_file]
[2025-04-03 20:06:42,728: INFO: multithread_file_loader: The file '/home/lamisplus/server/temp/iWJPpf18IyU/hiv_art_pharmacy_regimens_9_20250101045710_decrypted.json' does not exist. Skipping to next file]
[2025-04-03 20:06:43,129: INFO: multithread_file_loader: Sync File log updated for 4c26af55-248e-479d-acca-3f836e3d7472 successfully]
[2025-04-03 20:06:43,130: INFO: multithread_file_loader: Processing file]
[2025-04-03 20:06:43,239: INFO: multithread_file_loader: Sync File log updated for 162925de-a346-4d04-842f-5b7be1ef162d successfully]
[2025-04-03 20:06:43,240: INFO: multithread_file_loader: Processing file]
[2025-04-03 20:06:43,667: INFO: multithread_file_loader: successfully updated start_time, file_name and stg_table in sync_file]
[2025-04-03 20:06:43,668: INFO: multithread_file_loader: The file '/home/lamisplus/server/temp/f0J277xHATh/hiv_art_pharmacy_regimens_6_20250101030456_decrypted.json' does not exist. Skipping to next file]
[2025-04-03 20:06:43,700: INFO: multithread_file_loader: successfully updated start_time, file_name and stg_table in sync_file]
[2025-04-03 20:06:43,700: INFO: multithread_file_loader: The file '/home/lamisplus/server/temp/iWJPpf18IyU/hiv_art_pharmacy_regimens_10_20250101045710_decrypted.json' does not exist. Skipping to next file]
[2025-04-03 20:06:44,229: INFO: multithread_file_loader: Sync File log updated for 6a272b10-1e2b-44b6-b42c-14840e771140 successfully]
[2025-04-03 20:06:44,229: INFO: multithread_file_loader: Processing file]
[2025-04-03 20:06:44,268: INFO: multithread_file_loader: Sync File log updated for 5ec71e43-3317-4d3a-8146-f57b2486b3a6 successfully]
[2025-04-03 20:06:44,269: INFO: multithread_file_loader: Processing file]
[2025-04-03 20:06:44,609: INFO: multithread_file_loader: successfully updated start_time, file_name and stg_table in sync_file]
[2025-04-03 20:06:44,610: INFO: multithread_file_loader: The file '/home/lamisplus/server/temp/f0J277xHATh/hiv_art_pharmacy_regimens_7_20250101030456_decrypted.json' does not exist. Skipping to next file]
[2025-04-03 20:06:44,872: INFO: multithread_file_loader: successfully updated start_time, file_name and stg_table in sync_file]
[2025-04-03 20:06:44,872: INFO: multithread_file_loader: The file '/home/lamisplus/server/temp/iWJPpf18IyU/hiv_art_pharmacy_regimens_11_20250101045710_decrypted.json' does not exist. Skipping to next file]
[2025-04-03 20:06:45,138: INFO: multithread_file_loader: Sync File log updated for 3597e537-23be-4f84-9f82-f8560ada398a successfully]
[2025-04-03 20:06:45,138: INFO: multithread_file_loader: Processing file]
[2025-04-03 20:06:45,437: INFO: multithread_file_loader: Sync File log updated for 8d313836-0368-4c49-b26f-fabf4aff8e17 successfully]
[2025-04-03 20:06:45,437: INFO: multithread_file_loader: Processing file]
[2025-04-03 20:06:45,646: INFO: multithread_file_loader: successfully updated start_time, file_name and stg_table in sync_file]
[2025-04-03 20:06:45,647: INFO: multithread_file_loader: The file '/home/lamisplus/server/temp/f0J277xHATh/hiv_art_pharmacy_regimens_2_20250101030456_decrypted.json' does not exist. Skipping to next file]
[2025-04-03 20:06:45,992: INFO: multithread_file_loader: successfully updated start_time, file_name and stg_table in sync_file]
[2025-04-03 20:06:45,992: INFO: multithread_file_loader: The file '/home/lamisplus/server/temp/iWJPpf18IyU/hiv_art_pharmacy_regimens_12_20250101045710_decrypted.json' does not exist. Skipping to next file]
[2025-04-03 20:06:46,048: INFO: multithread_file_loader: Sync File log updated for d530f2ac-4b5d-4a26-afd0-fb9aeb88d8fc successfully]
[2025-04-03 20:06:46,049: INFO: multithread_file_loader: Processing file]
[2025-04-03 20:06:46,384: INFO: multithread_file_loader: Sync File log updated for e23fb09b-acd1-49f4-ae62-477e0c38a9d6 successfully]
[2025-04-03 20:06:46,385: INFO: multithread_file_loader: Processing file]
[2025-04-03 20:06:46,575: INFO: multithread_file_loader: successfully updated start_time, file_name and stg_table in sync_file]
[2025-04-03 20:06:46,576: INFO: multithread_file_loader: The file '/home/lamisplus/server/temp/f0J277xHATh/hiv_art_pharmacy_regimens_3_20250101030456_decrypted.json' does not exist. Skipping to next file]
[2025-04-03 20:06:46,974: INFO: multithread_file_loader: successfully updated start_time, file_name and stg_table in sync_file]
[2025-04-03 20:06:46,975: INFO: multithread_file_loader: The file '/home/lamisplus/server/temp/iWJPpf18IyU/hiv_art_pharmacy_regimens_13_20250101045710_decrypted.json' does not exist. Skipping to next file]
[2025-04-03 20:06:47,113: INFO: multithread_file_loader: Sync File log updated for 0ccf9dee-2f94-4f2f-9489-05279a382058 successfully]
[2025-04-03 20:06:47,114: INFO: multithread_file_loader: Processing file]
[2025-04-03 20:06:47,348: INFO: multithread_file_loader: Sync File log updated for bd0ef478-1325-415c-8080-ea29a260aeb3 successfully]
[2025-04-03 20:06:47,349: INFO: multithread_file_loader: Processing file]
[2025-04-03 20:06:47,516: INFO: multithread_file_loader: successfully updated start_time, file_name and stg_table in sync_file]
[2025-04-03 20:06:47,517: INFO: multithread_file_loader: The file '/home/lamisplus/server/temp/f0J277xHATh/hiv_art_pharmacy_regimens_4_20250101030456_decrypted.json' does not exist. Skipping to next file]
[2025-04-03 20:06:47,915: INFO: multithread_file_loader: successfully updated start_time, file_name and stg_table in sync_file]
[2025-04-03 20:06:47,916: INFO: multithread_file_loader: The file '/home/lamisplus/server/temp/iWJPpf18IyU/hiv_art_pharmacy_regimens_6_20250101045710_decrypted.json' does not exist. Skipping to next file]
[2025-04-03 20:06:48,049: INFO: multithread_file_loader: Sync File log updated for b5d41730-0150-4b7d-b02f-8baa146aaf65 successfully]
[2025-04-03 20:06:48,050: INFO: multithread_file_loader: Processing file]
[2025-04-03 20:06:48,478: INFO: multithread_file_loader: Sync File log updated for 45a3d216-3b95-4e67-afe8-07bb7cf68593 successfully]
[2025-04-03 20:06:48,479: INFO: multithread_file_loader: Processing file]
[2025-04-03 20:06:48,490: INFO: multithread_file_loader: successfully updated start_time, file_name and stg_table in sync_file]
[2025-04-03 20:06:48,491: INFO: multithread_file_loader: The file '/home/lamisplus/server/temp/f0J277xHATh/hiv_art_pharmacy_regimens_1_20250101030456_decrypted.json' does not exist. Skipping to next file]
[2025-04-03 20:06:49,025: INFO: multithread_file_loader: Sync File log updated for 27a003a3-aef5-4958-83ae-af79a02c6473 successfully]
[2025-04-03 20:06:49,026: INFO: multithread_file_loader: Processing file]
[2025-04-03 20:06:49,043: INFO: multithread_file_loader: successfully updated start_time, file_name and stg_table in sync_file]
[2025-04-03 20:06:49,044: INFO: multithread_file_loader: The file '/home/lamisplus/server/temp/iWJPpf18IyU/hiv_art_pharmacy_regimens_7_20250101045710_decrypted.json' does not exist. Skipping to next file]
[2025-04-03 20:06:49,408: INFO: multithread_file_loader: successfully updated start_time, file_name and stg_table in sync_file]
[2025-04-03 20:06:49,409: INFO: multithread_file_loader: The file '/home/lamisplus/server/temp/f0J277xHATh/hiv_art_pharmacy_regimens_0_20250101030456_decrypted.json' does not exist. Skipping to next file]
[2025-04-03 20:06:49,486: INFO: multithread_file_loader: Sync File log updated for 5676d378-2701-40da-beed-60d360053a68 successfully]
[2025-04-03 20:06:49,487: INFO: multithread_file_loader: Processing file]
[2025-04-03 20:06:49,900: INFO: multithread_file_loader: successfully updated start_time, file_name and stg_table in sync_file]
[2025-04-03 20:06:49,901: INFO: multithread_file_loader: The file '/home/lamisplus/server/temp/iWJPpf18IyU/hiv_art_pharmacy_regimens_8_20250101045710_decrypted.json' does not exist. Skipping to next file]
[2025-04-03 20:06:49,943: INFO: multithread_file_loader: Sync File log updated for 8e0eb101-3170-4e12-aa2c-92ccbf58b55a successfully]
[2025-04-03 20:06:49,944: INFO: multithread_file_loader: Processing file]
[2025-04-03 20:06:50,218: INFO: multithread_file_loader: Sync File log updated for 45794fbd-0bc5-4349-860c-bad634fc97d3 successfully]
[2025-04-03 20:06:50,218: INFO: multithread_file_loader: Processing file]
[2025-04-03 20:06:50,484: INFO: multithread_file_loader: successfully updated start_time, file_name and stg_table in sync_file]
[2025-04-03 20:06:50,484: INFO: multithread_file_loader: The file '/home/lamisplus/server/temp/f0J277xHATh/hiv_status_tracker_0_20250101030456_decrypted.json' does not exist. Skipping to next file]
[2025-04-03 20:06:50,806: INFO: multithread_file_loader: successfully updated start_time, file_name and stg_table in sync_file]
[2025-04-03 20:06:50,807: INFO: multithread_file_loader: The file '/home/lamisplus/server/temp/iWJPpf18IyU/hiv_art_pharmacy_regimens_2_20250101045710_decrypted.json' does not exist. Skipping to next file]
[2025-04-03 20:06:50,999: INFO: multithread_file_loader: Sync File log updated for d404651b-bf62-4670-bcf0-c734f6f06dcb successfully]
[2025-04-03 20:06:51,000: INFO: multithread_file_loader: Processing file]
[2025-04-03 20:06:51,329: INFO: multithread_file_loader: successfully updated start_time, file_name and stg_table in sync_file]
[2025-04-03 20:06:51,330: INFO: multithread_file_loader: The file '/home/lamisplus/server/temp/f0J277xHATh/hiv_observation_0_20250101030456_decrypted.json' does not exist. Skipping to next file]
[2025-04-03 20:06:51,382: INFO: multithread_file_loader: Sync File log updated for 12bc530d-6e70-4e5c-9b78-78eb59467515 successfully]
[2025-04-03 20:06:51,383: INFO: multithread_file_loader: Processing file]
[2025-04-03 20:06:51,906: INFO: multithread_file_loader: Sync File log updated for 57e66e1e-c858-4131-a4b3-fb632d808d3d successfully]
[2025-04-03 20:06:51,907: INFO: multithread_file_loader: Processing file]
[2025-04-03 20:06:51,928: INFO: multithread_file_loader: successfully updated start_time, file_name and stg_table in sync_file]
[2025-04-03 20:06:51,929: INFO: multithread_file_loader: The file '/home/lamisplus/server/temp/iWJPpf18IyU/hiv_art_pharmacy_regimens_3_20250101045710_decrypted.json' does not exist. Skipping to next file]
[2025-04-03 20:06:52,440: INFO: multithread_file_loader: successfully updated start_time, file_name and stg_table in sync_file]
[2025-04-03 20:06:52,441: INFO: multithread_file_loader: The file '/home/lamisplus/server/temp/f0J277xHATh/hiv_enrollment_0_20250101030456_decrypted.json' does not exist. Skipping to next file]
[2025-04-03 20:06:52,496: INFO: multithread_file_loader: Sync File log updated for 242eaaec-753c-40b8-a9aa-246609bd69f0 successfully]
[2025-04-03 20:06:52,497: INFO: multithread_file_loader: Processing file]
[2025-04-03 20:06:53,006: INFO: multithread_file_loader: Sync File log updated for 404cf63b-362f-4507-8c43-7a7158eb1112 successfully]
[2025-04-03 20:06:53,006: INFO: multithread_file_loader: Processing file]
[2025-04-03 20:06:53,031: INFO: multithread_file_loader: successfully updated start_time, file_name and stg_table in sync_file]
[2025-04-03 20:06:53,032: INFO: multithread_file_loader: The file '/home/lamisplus/server/temp/iWJPpf18IyU/hiv_art_pharmacy_regimens_4_20250101045710_decrypted.json' does not exist. Skipping to next file]
[2025-04-03 20:06:53,510: INFO: multithread_file_loader: successfully updated start_time, file_name and stg_table in sync_file]
[2025-04-03 20:06:53,511: INFO: multithread_file_loader: The file '/home/lamisplus/server/temp/f0J277xHATh/hiv_art_pharmacy_0_20250101030456_decrypted.json' does not exist. Skipping to next file]
[2025-04-03 20:06:53,567: INFO: multithread_file_loader: Sync File log updated for 5106c8b4-05c6-4112-b384-95e7046e04a7 successfully]
[2025-04-03 20:06:53,568: INFO: multithread_file_loader: Processing file]
[2025-04-03 20:06:54,055: INFO: multithread_file_loader: Sync File log updated for 2e9ee0cd-8114-4a20-889d-2a0b42ef7083 successfully]
[2025-04-03 20:06:54,055: INFO: multithread_file_loader: Processing file]
[2025-04-03 20:06:54,109: INFO: multithread_file_loader: successfully updated start_time, file_name and stg_table in sync_file]
[2025-04-03 20:06:54,110: INFO: multithread_file_loader: The file '/home/lamisplus/server/temp/iWJPpf18IyU/hiv_art_pharmacy_regimens_5_20250101045710_decrypted.json' does not exist. Skipping to next file]
[2025-04-03 20:06:54,574: INFO: multithread_file_loader: successfully updated start_time, file_name and stg_table in sync_file]
[2025-04-03 20:06:54,575: INFO: multithread_file_loader: The file '/home/lamisplus/server/temp/f0J277xHATh/hts_index_elicitation_0_20250101030456_decrypted.json' does not exist. Skipping to next file]
[2025-04-03 20:06:54,612: INFO: multithread_file_loader: Sync File log updated for d8f9ab55-e294-4c14-a3c4-3b22773d0316 successfully]
[2025-04-03 20:06:54,613: INFO: multithread_file_loader: Processing file]
[2025-04-03 20:06:55,119: INFO: multithread_file_loader: Sync File log updated for 5d4e7b6b-0c42-40bf-be7a-0f93d7ee45e2 successfully]
[2025-04-03 20:06:55,119: INFO: multithread_file_loader: Processing file]
[2025-04-03 20:06:55,148: INFO: multithread_file_loader: successfully updated start_time, file_name and stg_table in sync_file]
[2025-04-03 20:06:55,149: INFO: multithread_file_loader: The file '/home/lamisplus/server/temp/iWJPpf18IyU/hiv_art_pharmacy_regimens_0_20250101045710_decrypted.json' does not exist. Skipping to next file]
[2025-04-03 20:06:55,507: INFO: multithread_file_loader: successfully updated start_time, file_name and stg_table in sync_file]
[2025-04-03 20:06:55,508: INFO: multithread_file_loader: The file '/home/lamisplus/server/temp/f0J277xHATh/hts_client_0_20250101030456_decrypted.json' does not exist. Skipping to next file]
[2025-04-03 20:06:55,675: INFO: multithread_file_loader: Sync File log updated for 2b0b01f8-a97b-4097-85fb-53f8ef76ceb3 successfully]
[2025-04-03 20:06:55,676: INFO: multithread_file_loader: Processing file]
[2025-04-03 20:06:56,052: INFO: multithread_file_loader: Sync File log updated for 29b5f4b5-5ee6-4e7d-8b33-ace944b7fde2 successfully]
[2025-04-03 20:06:56,052: INFO: multithread_file_loader: Processing file]
[2025-04-03 20:06:56,239: INFO: multithread_file_loader: successfully updated start_time, file_name and stg_table in sync_file]
[2025-04-03 20:06:56,240: INFO: multithread_file_loader: The file '/home/lamisplus/server/temp/iWJPpf18IyU/hiv_art_pharmacy_regimens_1_20250101045710_decrypted.json' does not exist. Skipping to next file]
[2025-04-03 20:06:56,595: INFO: multithread_file_loader: successfully updated start_time, file_name and stg_table in sync_file]
[2025-04-03 20:06:56,596: INFO: multithread_file_loader: The file '/home/lamisplus/server/temp/f0J277xHATh/prep_regimen_0_20250101030456_decrypted.json' does not exist. Skipping to next file]
[2025-04-03 20:06:56,614: INFO: multithread_file_loader: Sync File log updated for 0bf22338-1652-4583-af1a-b2385f1c0461 successfully]
[2025-04-03 20:06:56,615: INFO: multithread_file_loader: Processing file]
[2025-04-03 20:06:57,134: INFO: multithread_file_loader: Sync File log updated for b697a328-30f5-4e88-a5da-50b77f2d4a59 successfully]
[2025-04-03 20:06:57,135: INFO: multithread_file_loader: Processing file]
[2025-04-03 20:06:57,181: INFO: multithread_file_loader: successfully updated start_time, file_name and stg_table in sync_file]
[2025-04-03 20:06:57,182: INFO: multithread_file_loader: The file '/home/lamisplus/server/temp/iWJPpf18IyU/hiv_status_tracker_0_20250101045710_decrypted.json' does not exist. Skipping to next file]
[2025-04-03 20:06:57,676: INFO: multithread_file_loader: successfully updated start_time, file_name and stg_table in sync_file]
[2025-04-03 20:06:57,677: INFO: multithread_file_loader: The file '/home/lamisplus/server/temp/f0J277xHATh/prep_enrollment_0_20250101030456_decrypted.json' does not exist. Skipping to next file]
[2025-04-03 20:06:57,714: INFO: multithread_file_loader: Sync File log updated for 4e59239b-18ac-419d-835c-082549d8fb1a successfully]
[2025-04-03 20:06:57,715: INFO: multithread_file_loader: Processing file]
[2025-04-03 20:06:58,269: INFO: multithread_file_loader: Sync File log updated for 5cea9f76-64ab-4c5f-b5e5-2568ed707c33 successfully]
[2025-04-03 20:06:58,270: INFO: multithread_file_loader: Processing file]
[2025-04-03 20:06:58,284: INFO: multithread_file_loader: successfully updated start_time, file_name and stg_table in sync_file]
[2025-04-03 20:06:58,284: INFO: multithread_file_loader: The file '/home/lamisplus/server/temp/iWJPpf18IyU/hiv_observation_0_20250101045710_decrypted.json' does not exist. Skipping to next file]
[2025-04-03 20:06:58,726: INFO: multithread_file_loader: successfully updated start_time, file_name and stg_table in sync_file]
[2025-04-03 20:06:58,727: INFO: multithread_file_loader: The file '/home/lamisplus/server/temp/f0J277xHATh/biometric_0_20250101030456_decrypted.json' does not exist. Skipping to next file]
[2025-04-03 20:06:58,794: INFO: multithread_file_loader: Sync File log updated for 4f37b78f-8b58-425e-93d1-87f13ca1e0d7 successfully]
[2025-04-03 20:06:58,794: INFO: multithread_file_loader: Processing file]
[2025-04-03 20:06:59,257: INFO: multithread_file_loader: Sync File log updated for 68211542-4a04-4fef-8a5b-11abed8aaaa5 successfully]
[2025-04-03 20:06:59,258: INFO: multithread_file_loader: Processing file]
[2025-04-03 20:06:59,397: INFO: multithread_file_loader: successfully updated start_time, file_name and stg_table in sync_file]
[2025-04-03 20:06:59,397: INFO: multithread_file_loader: The file '/home/lamisplus/server/temp/iWJPpf18IyU/hiv_art_pharmacy_0_20250101045710_decrypted.json' does not exist. Skipping to next file]
[2025-04-03 20:06:59,848: INFO: multithread_file_loader: successfully updated start_time, file_name and stg_table in sync_file]
[2025-04-03 20:06:59,849: INFO: multithread_file_loader: The file '/home/lamisplus/server/temp/f0J277xHATh/triage_vital_sign_0_20250101030456_decrypted.json' does not exist. Skipping to next file]
[2025-04-03 20:06:59,971: INFO: multithread_file_loader: Sync File log updated for f665f7be-bd6e-4b2e-ab60-de44d33df598 successfully]
[2025-04-03 20:06:59,972: INFO: multithread_file_loader: Processing file]
[2025-04-03 20:07:00,428: INFO: multithread_file_loader: Sync File log updated for 2dc068de-c28c-4ed8-9ef8-e9352087a395 successfully]
[2025-04-03 20:07:00,428: INFO: multithread_file_loader: Processing file]
[2025-04-03 20:07:00,549: INFO: multithread_file_loader: successfully updated start_time, file_name and stg_table in sync_file]
[2025-04-03 20:07:00,550: INFO: multithread_file_loader: The file '/home/lamisplus/server/temp/iWJPpf18IyU/prep_regimen_0_20250101045710_decrypted.json' does not exist. Skipping to next file]
[2025-04-03 20:07:01,009: INFO: multithread_file_loader: successfully updated start_time, file_name and stg_table in sync_file]
[2025-04-03 20:07:01,010: INFO: multithread_file_loader: The file '/home/lamisplus/server/temp/f0J277xHATh/patient_visit_0_20250101030456_decrypted.json' does not exist. Skipping to next file]
[2025-04-03 20:07:01,081: INFO: multithread_file_loader: Sync File log updated for 63eba355-15e0-4ec7-81dc-010d36552c24 successfully]
[2025-04-03 20:07:01,082: INFO: multithread_file_loader: Processing file]
[2025-04-03 20:07:01,563: INFO: multithread_file_loader: Sync File log updated for 09feca16-e0c0-4aae-b5e5-6807ce6dd537 successfully]
[2025-04-03 20:07:01,564: INFO: multithread_file_loader: Processing file]
[2025-04-03 20:07:01,608: INFO: multithread_file_loader: successfully updated start_time, file_name and stg_table in sync_file]
[2025-04-03 20:07:01,609: INFO: multithread_file_loader: The file '/home/lamisplus/server/temp/iWJPpf18IyU/biometric_0_20250101045710_decrypted.json' does not exist. Skipping to next file]
[2025-04-03 20:07:02,114: INFO: multithread_file_loader: successfully updated start_time, file_name and stg_table in sync_file]
[2025-04-03 20:07:02,114: INFO: multithread_file_loader: The file '/home/lamisplus/server/temp/f0J277xHATh/patient_person_0_20250101030456_decrypted.json' does not exist. Skipping to next file]
[2025-04-03 20:07:02,133: INFO: multithread_file_loader: Sync File log updated for 8b8d0134-7a84-40ce-84c5-55494d936b54 successfully]
[2025-04-03 20:07:02,133: INFO: multithread_file_loader: Processing file]
[2025-04-03 20:07:02,715: INFO: multithread_file_loader: Sync File log updated for bd5f9cf1-685e-4897-841b-9bd8981dcff6 successfully]
[2025-04-03 20:07:02,716: INFO: multithread_file_loader: Processing file]
[2025-04-03 20:07:02,740: INFO: multithread_file_loader: successfully updated start_time, file_name and stg_table in sync_file]
[2025-04-03 20:07:02,741: INFO: multithread_file_loader: The file '/home/lamisplus/server/temp/iWJPpf18IyU/triage_vital_sign_0_20250101045710_decrypted.json' does not exist. Skipping to next file]
[2025-04-03 20:07:03,197: INFO: multithread_file_loader: successfully updated start_time, file_name and stg_table in sync_file]
[2025-04-03 20:07:03,198: INFO: multithread_file_loader: The file '/home/lamisplus/server/temp/f0J277xHATh/patient_encounter_0_20250101030456_decrypted.json' does not exist. Skipping to next file]
[2025-04-03 20:07:03,325: INFO: multithread_file_loader: Sync File log updated for efbc05c0-3d3c-4e22-91ef-c7063db4d853 successfully]
[2025-04-03 20:07:03,326: INFO: multithread_file_loader: Processing file]
[2025-04-03 20:07:03,770: INFO: multithread_file_loader: Sync File log updated for aae5425c-0bed-4c0b-bc96-470c4ae3ee5d successfully]
[2025-04-03 20:07:03,771: INFO: multithread_file_loader: Processing file]
[2025-04-03 20:07:03,908: INFO: multithread_file_loader: successfully updated start_time, file_name and stg_table in sync_file]
[2025-04-03 20:07:03,912: INFO: multithread_file_loader: The file '/home/lamisplus/server/temp/iWJPpf18IyU/patient_visit_0_20250101045710_decrypted.json' does not exist. Skipping to next file]
[2025-04-03 20:07:04,184: INFO: multithread_file_loader: successfully updated start_time, file_name and stg_table in sync_file]
[2025-04-03 20:07:04,185: INFO: multithread_file_loader: The file '/home/lamisplus/server/temp/f0J277xHATh/base_organisation_unit_0_20250101030456_decrypted.json' does not exist. Skipping to next file]
[2025-04-03 20:07:04,470: INFO: multithread_file_loader: Sync File log updated for 57d0a42c-315d-40df-8448-cd2160cfbc52 successfully]
[2025-04-03 20:07:04,471: INFO: multithread_file_loader: Processing file]
[2025-04-03 20:07:04,749: INFO: multithread_file_loader: Sync File log updated for ae1733fa-421d-4882-aec5-6693655d8a3c successfully]
[2025-04-03 20:07:04,749: INFO: multithread_file_loader: Processing file]
[2025-04-03 20:07:05,040: INFO: multithread_file_loader: successfully updated start_time, file_name and stg_table in sync_file]
[2025-04-03 20:07:05,042: INFO: multithread_file_loader: The file '/home/lamisplus/server/temp/iWJPpf18IyU/patient_encounter_0_20250101045710_decrypted.json' does not exist. Skipping to next file]
[2025-04-03 20:07:05,337: INFO: multithread_file_loader: successfully updated start_time, file_name and stg_table in sync_file]
[2025-04-03 20:07:05,338: INFO: multithread_file_loader: The file '/home/lamisplus/server/temp/f0J277xHATh/base_organisation_unit_1_20250101030456_decrypted.json' does not exist. Skipping to next file]
[2025-04-03 20:07:05,619: INFO: multithread_file_loader: Sync File log updated for 9a96a658-0d82-48ad-8aa3-732175c259cd successfully]
[2025-04-03 20:07:05,620: INFO: multithread_file_loader: Processing file]
[2025-04-03 20:07:05,922: INFO: multithread_file_loader: Sync File log updated for 61ab0519-4acc-40d4-bd78-3f8612791670 successfully]
[2025-04-03 20:07:05,923: INFO: multithread_file_loader: Processing file]
[2025-04-03 20:07:06,144: INFO: multithread_file_loader: successfully updated start_time, file_name and stg_table in sync_file]
[2025-04-03 20:07:06,144: INFO: multithread_file_loader: The file '/home/lamisplus/server/temp/iWJPpf18IyU/base_organisation_unit_1_20250101045710_decrypted.json' does not exist. Skipping to next file]
[2025-04-03 20:07:06,490: INFO: multithread_file_loader: successfully updated start_time, file_name and stg_table in sync_file]
[2025-04-03 20:07:06,491: INFO: multithread_file_loader: The file '/home/lamisplus/server/temp/f0J277xHATh/base_application_codeset_0_20250101030456_decrypted.json' does not exist. Skipping to next file]
[2025-04-03 20:07:06,732: INFO: multithread_file_loader: Sync File log updated for a84ce7a3-8f81-4330-ad2c-c17a985d3664 successfully]
[2025-04-03 20:07:06,734: INFO: multithread_file_loader: Processing file]
[2025-04-03 20:07:07,045: INFO: multithread_file_loader: Sync File log updated for 8b4520a5-7e8c-4a4b-ad0a-557e6bbd8a8f successfully]
[2025-04-03 20:07:07,045: INFO: multithread_file_loader: Processing file]
[2025-04-03 20:07:07,341: INFO: multithread_file_loader: successfully updated start_time, file_name and stg_table in sync_file]
[2025-04-03 20:07:07,342: INFO: multithread_file_loader: The file '/home/lamisplus/server/temp/iWJPpf18IyU/base_organisation_unit_0_20250101045710_decrypted.json' does not exist. Skipping to next file]
[2025-04-03 20:07:07,593: INFO: multithread_file_loader: successfully updated start_time, file_name and stg_table in sync_file]
[2025-04-03 20:07:07,594: INFO: multithread_file_loader: The file '/home/lamisplus/server/temp/f0J277xHATh/hts_risk_stratification_0_20250101030456_decrypted.json' does not exist. Skipping to next file]
[2025-04-03 20:07:07,915: INFO: multithread_file_loader: Sync File log updated for 8232b174-5276-4385-8af6-7ae60ec69a77 successfully]
[2025-04-03 20:07:07,915: INFO: multithread_file_loader: Processing file]
[2025-04-03 20:07:08,139: INFO: multithread_file_loader: Sync File log updated for cc896d89-b85d-4299-aee7-6c7568ff0c63 successfully]
[2025-04-03 20:07:08,140: INFO: multithread_file_loader: json files successfully processed]
[2025-04-03 20:07:08,200: INFO: multi_file_ingestion_process: files updated for f0J277xHATh in batch_facility_processing]
[2025-04-03 20:07:08,200: INFO: multi_file_ingestion_process: ingestion of 35 files for f0J277xHATh completed]
[2025-04-03 20:07:08,478: INFO: multithread_file_loader: successfully updated start_time, file_name and stg_table in sync_file]
[2025-04-03 20:07:08,479: INFO: multithread_file_loader: The file '/home/lamisplus/server/temp/iWJPpf18IyU/base_application_codeset_0_20250101045710_decrypted.json' does not exist. Skipping to next file]
[2025-04-03 20:07:09,026: INFO: multithread_file_loader: Sync File log updated for 743d95d5-6f51-4e1e-a739-d0b1ca6e981c successfully]
[2025-04-03 20:07:09,027: INFO: multithread_file_loader: json files successfully processed]
[2025-04-03 20:07:09,086: INFO: multi_file_ingestion_process: files updated for iWJPpf18IyU in batch_facility_processing]
[2025-04-03 20:07:09,087: INFO: multi_file_ingestion_process: ingestion of 15 files for iWJPpf18IyU completed]
[2025-04-03 20:07:09,104: INFO: multi_file_ingestion_process: File ingestion process completed successfully.]
[2025-04-03 20:27:19,779: INFO: file_loader: Processing file]
[2025-04-03 20:27:20,307: INFO: file_loader: successfully updated start_time, file_name and stg_table in sync_file]
[2025-04-03 20:27:20,307: INFO: file_loader: The file '/home/server_user/server/temp/f0J277xHATh/laboratory_test_0_20250101030456_decrypted.json' does not exist. Skipping to next file]
[2025-04-03 20:27:20,856: INFO: file_loader: Sync File log updated for 60e3caa4-1d68-491d-98d5-fb7e83292f92 successfully]
[2025-04-03 20:27:20,857: INFO: file_loader: Processing file]
[2025-04-03 20:27:21,195: INFO: file_loader: successfully updated start_time, file_name and stg_table in sync_file]
[2025-04-03 20:27:21,196: INFO: file_loader: The file '/home/server_user/server/temp/f0J277xHATh/laboratory_sample_type_0_20250101030456_decrypted.json' does not exist. Skipping to next file]
[2025-04-03 20:27:21,757: INFO: file_loader: Sync File log updated for fff67ba5-1638-40e7-877c-0fe019199245 successfully]
[2025-04-03 20:27:21,758: INFO: file_loader: json files successfully processed]
[2025-04-03 20:32:06,529: INFO: file_loader: Processing file]
[2025-04-03 20:32:07,061: INFO: file_loader: successfully updated start_time, file_name and stg_table in sync_file]
[2025-04-03 20:32:07,062: INFO: file_loader: The file '/home/server_user/server/temp/f0J277xHATh/laboratory_sample_0_20250101030456_decrypted.json' does not exist. Skipping to next file]
[2025-04-03 20:32:07,592: INFO: file_loader: Sync File log updated for 66906d05-e378-43dd-9185-c68f2290097b successfully]
[2025-04-03 20:32:07,593: INFO: file_loader: Processing file]
[2025-04-03 20:32:08,124: INFO: file_loader: successfully updated start_time, file_name and stg_table in sync_file]
[2025-04-03 20:32:08,125: INFO: file_loader: The file '/home/server_user/server/temp/f0J277xHATh/laboratory_order_0_20250101030456_decrypted.json' does not exist. Skipping to next file]
[2025-04-03 20:32:08,648: INFO: file_loader: Sync File log updated for c2d3c582-4e01-4768-990d-2e106d6a852e successfully]
[2025-04-03 20:32:08,649: INFO: file_loader: json files successfully processed]
[2025-04-03 20:37:22,560: INFO: file_loader: Processing file]
[2025-04-03 20:37:23,057: INFO: file_loader: successfully updated start_time, file_name and stg_table in sync_file]
[2025-04-03 20:37:23,057: INFO: file_loader: The file '/home/server_user/server/temp/f0J277xHATh/laboratory_result_0_20250101030456_decrypted.json' does not exist. Skipping to next file]
[2025-04-03 20:37:23,579: INFO: file_loader: Sync File log updated for e34e1a9a-97ef-45b5-92a5-13a7c6d860bd successfully]
[2025-04-03 20:37:23,580: INFO: file_loader: Processing file]
[2025-04-03 20:37:24,088: INFO: file_loader: successfully updated start_time, file_name and stg_table in sync_file]
[2025-04-03 20:37:24,088: INFO: file_loader: The file '/home/server_user/server/temp/f0J277xHATh/laboratory_labtestgroup_0_20250101030456_decrypted.json' does not exist. Skipping to next file]
[2025-04-03 20:37:24,622: INFO: file_loader: Sync File log updated for d4a31b48-f630-4a68-a8d9-48cfdfa1739c successfully]
[2025-04-03 20:37:24,623: INFO: file_loader: Processing file]
[2025-04-03 20:37:25,129: INFO: file_loader: successfully updated start_time, file_name and stg_table in sync_file]
[2025-04-03 20:37:25,130: INFO: file_loader: The file '/home/server_user/server/temp/f0J277xHATh/laboratory_labtest_0_20250101030456_decrypted.json' does not exist. Skipping to next file]
[2025-04-03 20:37:25,639: INFO: file_loader: Sync File log updated for 6bebc1b3-3fd2-4669-803b-d6a0ac08358d successfully]
[2025-04-03 20:37:25,640: INFO: file_loader: Processing file]
[2025-04-03 20:37:26,165: INFO: file_loader: successfully updated start_time, file_name and stg_table in sync_file]
[2025-04-03 20:37:26,166: INFO: file_loader: The file '/home/server_user/server/temp/f0J277xHATh/mhpss_screening_0_20250101030456_decrypted.json' does not exist. Skipping to next file]
[2025-04-03 20:37:26,642: INFO: file_loader: Sync File log updated for 1fecfd68-3ea9-4d6f-ab11-1208151bf959 successfully]
[2025-04-03 20:37:26,643: INFO: file_loader: Processing file]
[2025-04-03 20:37:27,160: INFO: file_loader: successfully updated start_time, file_name and stg_table in sync_file]
[2025-04-03 20:37:27,160: INFO: file_loader: The file '/home/server_user/server/temp/f0J277xHATh/case_manager_patients_0_20250101030456_decrypted.json' does not exist. Skipping to next file]
[2025-04-03 20:37:27,655: INFO: file_loader: Sync File log updated for 4f6dfdd7-c9b4-4995-940b-bf336d2fadb5 successfully]
[2025-04-03 20:37:27,656: INFO: file_loader: Processing file]
[2025-04-03 20:37:28,173: INFO: file_loader: successfully updated start_time, file_name and stg_table in sync_file]
[2025-04-03 20:37:28,173: INFO: file_loader: The file '/home/server_user/server/temp/f0J277xHATh/hiv_regimen_drug_0_20250101030456_decrypted.json' does not exist. Skipping to next file]
[2025-04-03 20:37:28,681: INFO: file_loader: Sync File log updated for 51c148ea-616b-4587-832b-e98fa1ebec95 successfully]
[2025-04-03 20:37:28,682: INFO: file_loader: Processing file]
[2025-04-03 20:37:29,044: INFO: file_loader: successfully updated start_time, file_name and stg_table in sync_file]
[2025-04-03 20:37:29,045: INFO: file_loader: The file '/home/server_user/server/temp/f0J277xHATh/hiv_regimen_resolver_0_20250101030456_decrypted.json' does not exist. Skipping to next file]
[2025-04-03 20:37:29,459: INFO: file_loader: Sync File log updated for 150e7be0-cf9b-41d2-a877-cd2c66e029d3 successfully]
[2025-04-03 20:37:29,460: INFO: file_loader: Processing file]
[2025-04-03 20:37:29,983: INFO: file_loader: successfully updated start_time, file_name and stg_table in sync_file]
[2025-04-03 20:37:29,984: INFO: file_loader: The file '/home/server_user/server/temp/f0J277xHATh/hiv_regimen_type_0_20250101030456_decrypted.json' does not exist. Skipping to next file]
[2025-04-03 20:37:30,340: INFO: file_loader: Sync File log updated for c57e215a-cd2d-4e11-bee6-7ddee8167d25 successfully]
[2025-04-03 20:37:30,341: INFO: file_loader: Processing file]
[2025-04-03 20:37:30,669: INFO: file_loader: successfully updated start_time, file_name and stg_table in sync_file]
[2025-04-03 20:37:30,670: INFO: file_loader: The file '/home/server_user/server/temp/f0J277xHATh/hiv_regimen_0_20250101030456_decrypted.json' does not exist. Skipping to next file]
[2025-04-03 20:37:31,198: INFO: file_loader: Sync File log updated for 6df904c6-45d4-4640-a652-c72b95b48a55 successfully]
[2025-04-03 20:37:31,199: INFO: file_loader: Processing file]
[2025-04-03 20:37:31,684: INFO: file_loader: successfully updated start_time, file_name and stg_table in sync_file]
[2025-04-03 20:37:31,685: INFO: file_loader: The file '/home/server_user/server/temp/f0J277xHATh/hiv_art_pharmacy_regimens_10_20250101030456_decrypted.json' does not exist. Skipping to next file]
[2025-04-03 20:37:32,215: INFO: file_loader: Sync File log updated for a8b6bce9-4cd2-4b02-917a-dee04954b143 successfully]
[2025-04-03 20:37:32,216: INFO: file_loader: Processing file]
[2025-04-03 20:37:32,673: INFO: file_loader: successfully updated start_time, file_name and stg_table in sync_file]
[2025-04-03 20:37:32,674: INFO: file_loader: The file '/home/server_user/server/temp/f0J277xHATh/hiv_art_pharmacy_regimens_9_20250101030456_decrypted.json' does not exist. Skipping to next file]
[2025-04-03 20:37:33,183: INFO: file_loader: Sync File log updated for a2da0823-0483-42e3-b388-bf5fb1d7dddd successfully]
[2025-04-03 20:37:33,184: INFO: file_loader: Processing file]
[2025-04-03 20:37:33,704: INFO: file_loader: successfully updated start_time, file_name and stg_table in sync_file]
[2025-04-03 20:37:33,704: INFO: file_loader: The file '/home/server_user/server/temp/f0J277xHATh/hiv_art_pharmacy_regimens_8_20250101030456_decrypted.json' does not exist. Skipping to next file]
[2025-04-03 20:37:34,252: INFO: file_loader: Sync File log updated for 5068dc71-4014-4378-868d-867ef3329480 successfully]
[2025-04-03 20:37:34,253: INFO: file_loader: Processing file]
[2025-04-03 20:37:34,556: INFO: file_loader: successfully updated start_time, file_name and stg_table in sync_file]
[2025-04-03 20:37:34,557: INFO: file_loader: The file '/home/server_user/server/temp/f0J277xHATh/hiv_art_pharmacy_regimens_5_20250101030456_decrypted.json' does not exist. Skipping to next file]
[2025-04-03 20:37:35,057: INFO: file_loader: Sync File log updated for 4c26af55-248e-479d-acca-3f836e3d7472 successfully]
[2025-04-03 20:37:35,058: INFO: file_loader: Processing file]
[2025-04-03 20:37:35,558: INFO: file_loader: successfully updated start_time, file_name and stg_table in sync_file]
[2025-04-03 20:37:35,559: INFO: file_loader: The file '/home/server_user/server/temp/f0J277xHATh/hiv_art_pharmacy_regimens_6_20250101030456_decrypted.json' does not exist. Skipping to next file]
[2025-04-03 20:37:36,067: INFO: file_loader: Sync File log updated for 6a272b10-1e2b-44b6-b42c-14840e771140 successfully]
[2025-04-03 20:37:36,067: INFO: file_loader: Processing file]
[2025-04-03 20:37:36,562: INFO: file_loader: successfully updated start_time, file_name and stg_table in sync_file]
[2025-04-03 20:37:36,562: INFO: file_loader: The file '/home/server_user/server/temp/f0J277xHATh/hiv_art_pharmacy_regimens_7_20250101030456_decrypted.json' does not exist. Skipping to next file]
[2025-04-03 20:37:37,061: INFO: file_loader: Sync File log updated for 3597e537-23be-4f84-9f82-f8560ada398a successfully]
[2025-04-03 20:37:37,061: INFO: file_loader: Processing file]
[2025-04-03 20:37:37,561: INFO: file_loader: successfully updated start_time, file_name and stg_table in sync_file]
[2025-04-03 20:37:37,562: INFO: file_loader: The file '/home/server_user/server/temp/f0J277xHATh/hiv_art_pharmacy_regimens_2_20250101030456_decrypted.json' does not exist. Skipping to next file]
[2025-04-03 20:37:38,068: INFO: file_loader: Sync File log updated for d530f2ac-4b5d-4a26-afd0-fb9aeb88d8fc successfully]
[2025-04-03 20:37:38,069: INFO: file_loader: Processing file]
[2025-04-03 20:37:38,389: INFO: file_loader: successfully updated start_time, file_name and stg_table in sync_file]
[2025-04-03 20:37:38,390: INFO: file_loader: The file '/home/server_user/server/temp/f0J277xHATh/hiv_art_pharmacy_regimens_3_20250101030456_decrypted.json' does not exist. Skipping to next file]
[2025-04-03 20:37:38,922: INFO: file_loader: Sync File log updated for 0ccf9dee-2f94-4f2f-9489-05279a382058 successfully]
[2025-04-03 20:37:38,923: INFO: file_loader: Processing file]
[2025-04-03 20:37:39,449: INFO: file_loader: successfully updated start_time, file_name and stg_table in sync_file]
[2025-04-03 20:37:39,449: INFO: file_loader: The file '/home/server_user/server/temp/f0J277xHATh/hiv_art_pharmacy_regimens_4_20250101030456_decrypted.json' does not exist. Skipping to next file]
[2025-04-03 20:37:39,980: INFO: file_loader: Sync File log updated for b5d41730-0150-4b7d-b02f-8baa146aaf65 successfully]
[2025-04-03 20:37:39,981: INFO: file_loader: Processing file]
[2025-04-03 20:37:40,488: INFO: file_loader: successfully updated start_time, file_name and stg_table in sync_file]
[2025-04-03 20:37:40,488: INFO: file_loader: The file '/home/server_user/server/temp/f0J277xHATh/hiv_art_pharmacy_regimens_1_20250101030456_decrypted.json' does not exist. Skipping to next file]
[2025-04-03 20:37:41,032: INFO: file_loader: Sync File log updated for 27a003a3-aef5-4958-83ae-af79a02c6473 successfully]
[2025-04-03 20:37:41,033: INFO: file_loader: Processing file]
[2025-04-03 20:37:41,540: INFO: file_loader: successfully updated start_time, file_name and stg_table in sync_file]
[2025-04-03 20:37:41,541: INFO: file_loader: The file '/home/server_user/server/temp/f0J277xHATh/hiv_art_pharmacy_regimens_0_20250101030456_decrypted.json' does not exist. Skipping to next file]
[2025-04-03 20:37:42,054: INFO: file_loader: Sync File log updated for 8e0eb101-3170-4e12-aa2c-92ccbf58b55a successfully]
[2025-04-03 20:37:42,054: INFO: file_loader: Processing file]
[2025-04-03 20:37:42,558: INFO: file_loader: successfully updated start_time, file_name and stg_table in sync_file]
[2025-04-03 20:37:42,558: INFO: file_loader: The file '/home/server_user/server/temp/f0J277xHATh/hiv_status_tracker_0_20250101030456_decrypted.json' does not exist. Skipping to next file]
[2025-04-03 20:37:43,067: INFO: file_loader: Sync File log updated for d404651b-bf62-4670-bcf0-c734f6f06dcb successfully]
[2025-04-03 20:37:43,067: INFO: file_loader: Processing file]
[2025-04-03 20:37:43,579: INFO: file_loader: successfully updated start_time, file_name and stg_table in sync_file]
[2025-04-03 20:37:43,580: INFO: file_loader: The file '/home/server_user/server/temp/f0J277xHATh/hiv_observation_0_20250101030456_decrypted.json' does not exist. Skipping to next file]
[2025-04-03 20:37:43,940: INFO: file_loader: Sync File log updated for 57e66e1e-c858-4131-a4b3-fb632d808d3d successfully]
[2025-04-03 20:37:43,941: INFO: file_loader: Processing file]
[2025-04-03 20:37:44,468: INFO: file_loader: successfully updated start_time, file_name and stg_table in sync_file]
[2025-04-03 20:37:44,469: INFO: file_loader: The file '/home/server_user/server/temp/f0J277xHATh/hiv_enrollment_0_20250101030456_decrypted.json' does not exist. Skipping to next file]
[2025-04-03 20:37:44,988: INFO: file_loader: Sync File log updated for 404cf63b-362f-4507-8c43-7a7158eb1112 successfully]
[2025-04-03 20:37:44,989: INFO: file_loader: Processing file]
[2025-04-03 20:37:45,507: INFO: file_loader: successfully updated start_time, file_name and stg_table in sync_file]
[2025-04-03 20:37:45,508: INFO: file_loader: The file '/home/server_user/server/temp/f0J277xHATh/hiv_art_pharmacy_0_20250101030456_decrypted.json' does not exist. Skipping to next file]
[2025-04-03 20:37:46,081: INFO: file_loader: Sync File log updated for 2e9ee0cd-8114-4a20-889d-2a0b42ef7083 successfully]
[2025-04-03 20:37:46,082: INFO: file_loader: Processing file]
[2025-04-03 20:37:46,586: INFO: file_loader: successfully updated start_time, file_name and stg_table in sync_file]
[2025-04-03 20:37:46,587: INFO: file_loader: The file '/home/server_user/server/temp/f0J277xHATh/hts_risk_stratification_0_20250101030456_decrypted.json' does not exist. Skipping to next file]
[2025-04-03 20:37:47,102: INFO: file_loader: Sync File log updated for cc896d89-b85d-4299-aee7-6c7568ff0c63 successfully]
[2025-04-03 20:37:47,103: INFO: file_loader: Processing file]
[2025-04-03 20:37:47,602: INFO: file_loader: successfully updated start_time, file_name and stg_table in sync_file]
[2025-04-03 20:37:47,602: INFO: file_loader: The file '/home/server_user/server/temp/f0J277xHATh/hts_index_elicitation_0_20250101030456_decrypted.json' does not exist. Skipping to next file]
[2025-04-03 20:37:48,130: INFO: file_loader: Sync File log updated for 5d4e7b6b-0c42-40bf-be7a-0f93d7ee45e2 successfully]
[2025-04-03 20:37:48,130: INFO: file_loader: Processing file]
[2025-04-03 20:37:48,648: INFO: file_loader: successfully updated start_time, file_name and stg_table in sync_file]
[2025-04-03 20:37:48,649: INFO: file_loader: The file '/home/server_user/server/temp/f0J277xHATh/hts_client_0_20250101030456_decrypted.json' does not exist. Skipping to next file]
[2025-04-03 20:37:49,173: INFO: file_loader: Sync File log updated for 29b5f4b5-5ee6-4e7d-8b33-ace944b7fde2 successfully]
[2025-04-03 20:37:49,174: INFO: file_loader: Processing file]
[2025-04-03 20:37:49,726: INFO: file_loader: successfully updated start_time, file_name and stg_table in sync_file]
[2025-04-03 20:37:49,727: INFO: file_loader: The file '/home/server_user/server/temp/f0J277xHATh/prep_regimen_0_20250101030456_decrypted.json' does not exist. Skipping to next file]
[2025-04-03 20:37:50,274: INFO: file_loader: Sync File log updated for b697a328-30f5-4e88-a5da-50b77f2d4a59 successfully]
[2025-04-03 20:37:50,275: INFO: file_loader: Processing file]
[2025-04-03 20:37:50,822: INFO: file_loader: successfully updated start_time, file_name and stg_table in sync_file]
[2025-04-03 20:37:50,823: INFO: file_loader: The file '/home/server_user/server/temp/f0J277xHATh/prep_enrollment_0_20250101030456_decrypted.json' does not exist. Skipping to next file]
[2025-04-03 20:37:51,370: INFO: file_loader: Sync File log updated for 5cea9f76-64ab-4c5f-b5e5-2568ed707c33 successfully]
[2025-04-03 20:37:51,371: INFO: file_loader: Processing file]
[2025-04-03 20:37:51,739: INFO: file_loader: successfully updated start_time, file_name and stg_table in sync_file]
[2025-04-03 20:37:51,739: INFO: file_loader: The file '/home/server_user/server/temp/f0J277xHATh/biometric_0_20250101030456_decrypted.json' does not exist. Skipping to next file]
[2025-04-03 20:37:52,258: INFO: file_loader: Sync File log updated for 68211542-4a04-4fef-8a5b-11abed8aaaa5 successfully]
[2025-04-03 20:37:52,258: INFO: file_loader: Processing file]
[2025-04-03 20:37:52,804: INFO: file_loader: successfully updated start_time, file_name and stg_table in sync_file]
[2025-04-03 20:37:52,805: INFO: file_loader: The file '/home/server_user/server/temp/f0J277xHATh/triage_vital_sign_0_20250101030456_decrypted.json' does not exist. Skipping to next file]
[2025-04-03 20:37:53,328: INFO: file_loader: Sync File log updated for 2dc068de-c28c-4ed8-9ef8-e9352087a395 successfully]
[2025-04-03 20:37:53,329: INFO: file_loader: Processing file]
[2025-04-03 20:37:53,867: INFO: file_loader: successfully updated start_time, file_name and stg_table in sync_file]
[2025-04-03 20:37:53,868: INFO: file_loader: The file '/home/server_user/server/temp/f0J277xHATh/patient_visit_0_20250101030456_decrypted.json' does not exist. Skipping to next file]
[2025-04-03 20:37:54,411: INFO: file_loader: Sync File log updated for 09feca16-e0c0-4aae-b5e5-6807ce6dd537 successfully]
[2025-04-03 20:37:54,412: INFO: file_loader: Processing file]
[2025-04-03 20:37:54,952: INFO: file_loader: successfully updated start_time, file_name and stg_table in sync_file]
[2025-04-03 20:37:54,955: INFO: file_loader: The file '/home/server_user/server/temp/f0J277xHATh/patient_person_0_20250101030456_decrypted.json' does not exist. Skipping to next file]
[2025-04-03 20:37:55,469: INFO: file_loader: Sync File log updated for bd5f9cf1-685e-4897-841b-9bd8981dcff6 successfully]
[2025-04-03 20:37:55,469: INFO: file_loader: Processing file]
[2025-04-03 20:37:56,002: INFO: file_loader: successfully updated start_time, file_name and stg_table in sync_file]
[2025-04-03 20:37:56,003: INFO: file_loader: The file '/home/server_user/server/temp/f0J277xHATh/patient_encounter_0_20250101030456_decrypted.json' does not exist. Skipping to next file]
[2025-04-03 20:37:56,527: INFO: file_loader: Sync File log updated for aae5425c-0bed-4c0b-bc96-470c4ae3ee5d successfully]
[2025-04-03 20:37:56,527: INFO: file_loader: Processing file]
[2025-04-03 20:37:57,048: INFO: file_loader: successfully updated start_time, file_name and stg_table in sync_file]
[2025-04-03 20:37:57,049: INFO: file_loader: The file '/home/server_user/server/temp/f0J277xHATh/base_organisation_unit_0_20250101030456_decrypted.json' does not exist. Skipping to next file]
[2025-04-03 20:37:57,554: INFO: file_loader: Sync File log updated for ae1733fa-421d-4882-aec5-6693655d8a3c successfully]
[2025-04-03 20:37:57,554: INFO: file_loader: Processing file]
[2025-04-03 20:37:58,062: INFO: file_loader: successfully updated start_time, file_name and stg_table in sync_file]
[2025-04-03 20:37:58,063: INFO: file_loader: The file '/home/server_user/server/temp/f0J277xHATh/base_organisation_unit_1_20250101030456_decrypted.json' does not exist. Skipping to next file]
[2025-04-03 20:37:58,595: INFO: file_loader: Sync File log updated for 61ab0519-4acc-40d4-bd78-3f8612791670 successfully]
[2025-04-03 20:37:58,596: INFO: file_loader: Processing file]
[2025-04-03 20:37:59,110: INFO: file_loader: successfully updated start_time, file_name and stg_table in sync_file]
[2025-04-03 20:37:59,110: INFO: file_loader: The file '/home/server_user/server/temp/f0J277xHATh/base_application_codeset_0_20250101030456_decrypted.json' does not exist. Skipping to next file]
[2025-04-03 20:37:59,582: INFO: file_loader: Sync File log updated for 8b4520a5-7e8c-4a4b-ad0a-557e6bbd8a8f successfully]
[2025-04-03 20:37:59,583: INFO: file_loader: Processing file]
[2025-04-03 20:38:00,100: INFO: file_loader: successfully updated start_time, file_name and stg_table in sync_file]
[2025-04-03 20:38:00,101: INFO: file_loader: The file '/home/server_user/server/temp/iWJPpf18IyU/laboratory_sample_type_0_20250101045710_decrypted.json' does not exist. Skipping to next file]
[2025-04-03 20:38:00,612: INFO: file_loader: Sync File log updated for 32f678bf-1f33-4bd2-8c19-c169f682e97f successfully]
[2025-04-03 20:38:00,613: INFO: file_loader: Processing file]
[2025-04-03 20:38:01,117: INFO: file_loader: successfully updated start_time, file_name and stg_table in sync_file]
[2025-04-03 20:38:01,120: INFO: file_loader: The file '/home/server_user/server/temp/iWJPpf18IyU/laboratory_labtestgroup_0_20250101045710_decrypted.json' does not exist. Skipping to next file]
[2025-04-03 20:38:01,614: INFO: file_loader: Sync File log updated for 0c6320ce-28ea-43fd-9fd8-f6b8600a3ff8 successfully]
[2025-04-03 20:38:01,615: INFO: file_loader: Processing file]
[2025-04-03 20:38:02,116: INFO: file_loader: successfully updated start_time, file_name and stg_table in sync_file]
[2025-04-03 20:38:02,116: INFO: file_loader: The file '/home/server_user/server/temp/iWJPpf18IyU/laboratory_labtest_0_20250101045710_decrypted.json' does not exist. Skipping to next file]
[2025-04-03 20:38:02,501: INFO: file_loader: Sync File log updated for 5e27dec3-fe8a-4c47-9ad0-eec540221404 successfully]
[2025-04-03 20:38:02,502: INFO: file_loader: Processing file]
[2025-04-03 20:38:03,023: INFO: file_loader: successfully updated start_time, file_name and stg_table in sync_file]
[2025-04-03 20:38:03,023: INFO: file_loader: The file '/home/server_user/server/temp/iWJPpf18IyU/hiv_regimen_resolver_0_20250101045710_decrypted.json' does not exist. Skipping to next file]
[2025-04-03 20:38:03,552: INFO: file_loader: Sync File log updated for 73d66814-36e7-42f4-a01d-5737e08fa7f5 successfully]
[2025-04-03 20:38:03,553: INFO: file_loader: Processing file]
[2025-04-03 20:38:04,036: INFO: file_loader: successfully updated start_time, file_name and stg_table in sync_file]
[2025-04-03 20:38:04,037: INFO: file_loader: The file '/home/server_user/server/temp/iWJPpf18IyU/hiv_regimen_type_0_20250101045710_decrypted.json' does not exist. Skipping to next file]
[2025-04-03 20:38:04,556: INFO: file_loader: Sync File log updated for fd9335a2-40f7-4b62-869b-cd356e53fd4f successfully]
[2025-04-03 20:38:04,557: INFO: file_loader: Processing file]
[2025-04-03 20:38:05,070: INFO: file_loader: successfully updated start_time, file_name and stg_table in sync_file]
[2025-04-03 20:38:05,071: INFO: file_loader: The file '/home/server_user/server/temp/iWJPpf18IyU/hiv_regimen_drug_0_20250101045710_decrypted.json' does not exist. Skipping to next file]
[2025-04-03 20:38:05,575: INFO: file_loader: Sync File log updated for b31553de-66d6-43f4-9b1c-41d0e4499d7f successfully]
[2025-04-03 20:38:05,576: INFO: file_loader: Processing file]
[2025-04-03 20:38:06,064: INFO: file_loader: successfully updated start_time, file_name and stg_table in sync_file]
[2025-04-03 20:38:06,066: INFO: file_loader: The file '/home/server_user/server/temp/iWJPpf18IyU/hiv_art_pharmacy_regimens_14_20250101045710_decrypted.json' does not exist. Skipping to next file]
[2025-04-03 20:38:06,592: INFO: file_loader: Sync File log updated for 5b116181-0bc4-4782-902e-d47b99cd826b successfully]
[2025-04-03 20:38:06,593: INFO: file_loader: Processing file]
[2025-04-03 20:38:07,102: INFO: file_loader: successfully updated start_time, file_name and stg_table in sync_file]
[2025-04-03 20:38:07,102: INFO: file_loader: The file '/home/server_user/server/temp/iWJPpf18IyU/hiv_art_pharmacy_regimens_15_20250101045710_decrypted.json' does not exist. Skipping to next file]
[2025-04-03 20:38:07,651: INFO: file_loader: Sync File log updated for 21f94ac1-c7b1-4996-86de-5890615b7f7c successfully]
[2025-04-03 20:38:07,651: INFO: file_loader: Processing file]
[2025-04-03 20:38:08,160: INFO: file_loader: successfully updated start_time, file_name and stg_table in sync_file]
[2025-04-03 20:38:08,161: INFO: file_loader: The file '/home/server_user/server/temp/iWJPpf18IyU/hiv_art_pharmacy_regimens_16_20250101045710_decrypted.json' does not exist. Skipping to next file]
[2025-04-03 20:38:08,708: INFO: file_loader: Sync File log updated for 3413955a-73d4-4172-bb23-f8be8901afcb successfully]
[2025-04-03 20:38:08,709: INFO: file_loader: Processing file]
[2025-04-03 20:38:09,253: INFO: file_loader: successfully updated start_time, file_name and stg_table in sync_file]
[2025-04-03 20:38:09,254: INFO: file_loader: The file '/home/server_user/server/temp/iWJPpf18IyU/hiv_regimen_0_20250101045710_decrypted.json' does not exist. Skipping to next file]
[2025-04-03 20:38:09,824: INFO: file_loader: Sync File log updated for 2044bcfb-36b6-4a24-9385-2d67b0201270 successfully]
[2025-04-03 20:38:09,825: INFO: file_loader: Processing file]
[2025-04-03 20:38:10,369: INFO: file_loader: successfully updated start_time, file_name and stg_table in sync_file]
[2025-04-03 20:38:10,370: INFO: file_loader: The file '/home/server_user/server/temp/iWJPpf18IyU/hiv_art_pharmacy_regimens_9_20250101045710_decrypted.json' does not exist. Skipping to next file]
[2025-04-03 20:38:10,922: INFO: file_loader: Sync File log updated for 162925de-a346-4d04-842f-5b7be1ef162d successfully]
[2025-04-03 20:38:10,923: INFO: file_loader: Processing file]
[2025-04-03 20:38:11,463: INFO: file_loader: successfully updated start_time, file_name and stg_table in sync_file]
[2025-04-03 20:38:11,464: INFO: file_loader: The file '/home/server_user/server/temp/iWJPpf18IyU/hiv_art_pharmacy_regimens_10_20250101045710_decrypted.json' does not exist. Skipping to next file]
[2025-04-03 20:38:12,012: INFO: file_loader: Sync File log updated for 5ec71e43-3317-4d3a-8146-f57b2486b3a6 successfully]
[2025-04-03 20:38:12,013: INFO: file_loader: Processing file]
[2025-04-03 20:38:12,550: INFO: file_loader: successfully updated start_time, file_name and stg_table in sync_file]
[2025-04-03 20:38:12,551: INFO: file_loader: The file '/home/server_user/server/temp/iWJPpf18IyU/hiv_art_pharmacy_regimens_11_20250101045710_decrypted.json' does not exist. Skipping to next file]
[2025-04-03 20:38:13,060: INFO: file_loader: Sync File log updated for 8d313836-0368-4c49-b26f-fabf4aff8e17 successfully]
[2025-04-03 20:38:13,061: INFO: file_loader: Processing file]
[2025-04-03 20:38:13,567: INFO: file_loader: successfully updated start_time, file_name and stg_table in sync_file]
[2025-04-03 20:38:13,568: INFO: file_loader: The file '/home/server_user/server/temp/iWJPpf18IyU/hiv_art_pharmacy_regimens_12_20250101045710_decrypted.json' does not exist. Skipping to next file]
[2025-04-03 20:38:13,903: INFO: file_loader: Sync File log updated for e23fb09b-acd1-49f4-ae62-477e0c38a9d6 successfully]
[2025-04-03 20:38:13,904: INFO: file_loader: Processing file]
[2025-04-03 20:38:14,440: INFO: file_loader: successfully updated start_time, file_name and stg_table in sync_file]
[2025-04-03 20:38:14,440: INFO: file_loader: The file '/home/server_user/server/temp/iWJPpf18IyU/hiv_art_pharmacy_regimens_13_20250101045710_decrypted.json' does not exist. Skipping to next file]
[2025-04-03 20:38:14,974: INFO: file_loader: Sync File log updated for bd0ef478-1325-415c-8080-ea29a260aeb3 successfully]
[2025-04-03 20:38:14,974: INFO: file_loader: Processing file]
[2025-04-03 20:38:15,499: INFO: file_loader: successfully updated start_time, file_name and stg_table in sync_file]
[2025-04-03 20:38:15,500: INFO: file_loader: The file '/home/server_user/server/temp/iWJPpf18IyU/hiv_art_pharmacy_regimens_6_20250101045710_decrypted.json' does not exist. Skipping to next file]
[2025-04-03 20:38:16,023: INFO: file_loader: Sync File log updated for 45a3d216-3b95-4e67-afe8-07bb7cf68593 successfully]
[2025-04-03 20:38:16,023: INFO: file_loader: Processing file]
[2025-04-03 20:38:16,485: INFO: file_loader: successfully updated start_time, file_name and stg_table in sync_file]
[2025-04-03 20:38:16,486: INFO: file_loader: The file '/home/server_user/server/temp/iWJPpf18IyU/hiv_art_pharmacy_regimens_7_20250101045710_decrypted.json' does not exist. Skipping to next file]
[2025-04-03 20:38:16,999: INFO: file_loader: Sync File log updated for 5676d378-2701-40da-beed-60d360053a68 successfully]
[2025-04-03 20:38:17,000: INFO: file_loader: Processing file]
[2025-04-03 20:38:17,508: INFO: file_loader: successfully updated start_time, file_name and stg_table in sync_file]
[2025-04-03 20:38:17,509: INFO: file_loader: The file '/home/server_user/server/temp/iWJPpf18IyU/hiv_art_pharmacy_regimens_8_20250101045710_decrypted.json' does not exist. Skipping to next file]
[2025-04-03 20:38:18,020: INFO: file_loader: Sync File log updated for 45794fbd-0bc5-4349-860c-bad634fc97d3 successfully]
[2025-04-03 20:38:18,021: INFO: file_loader: Processing file]
[2025-04-03 20:38:18,542: INFO: file_loader: successfully updated start_time, file_name and stg_table in sync_file]
[2025-04-03 20:38:18,543: INFO: file_loader: The file '/home/server_user/server/temp/iWJPpf18IyU/hiv_art_pharmacy_regimens_2_20250101045710_decrypted.json' does not exist. Skipping to next file]
[2025-04-03 20:38:19,085: INFO: file_loader: Sync File log updated for 12bc530d-6e70-4e5c-9b78-78eb59467515 successfully]
[2025-04-03 20:38:19,086: INFO: file_loader: Processing file]
[2025-04-03 20:38:19,429: INFO: file_loader: successfully updated start_time, file_name and stg_table in sync_file]
[2025-04-03 20:38:19,429: INFO: file_loader: The file '/home/server_user/server/temp/iWJPpf18IyU/hiv_art_pharmacy_regimens_3_20250101045710_decrypted.json' does not exist. Skipping to next file]
[2025-04-03 20:38:19,961: INFO: file_loader: Sync File log updated for 242eaaec-753c-40b8-a9aa-246609bd69f0 successfully]
[2025-04-03 20:38:19,961: INFO: file_loader: Processing file]
[2025-04-03 20:38:20,371: INFO: file_loader: successfully updated start_time, file_name and stg_table in sync_file]
[2025-04-03 20:38:20,371: INFO: file_loader: The file '/home/server_user/server/temp/iWJPpf18IyU/hiv_art_pharmacy_regimens_4_20250101045710_decrypted.json' does not exist. Skipping to next file]
[2025-04-03 20:38:20,889: INFO: file_loader: Sync File log updated for 5106c8b4-05c6-4112-b384-95e7046e04a7 successfully]
[2025-04-03 20:38:20,890: INFO: file_loader: Processing file]
[2025-04-03 20:38:21,203: INFO: file_loader: successfully updated start_time, file_name and stg_table in sync_file]
[2025-04-03 20:38:21,204: INFO: file_loader: The file '/home/server_user/server/temp/iWJPpf18IyU/hiv_art_pharmacy_regimens_5_20250101045710_decrypted.json' does not exist. Skipping to next file]
[2025-04-03 20:38:21,710: INFO: file_loader: Sync File log updated for d8f9ab55-e294-4c14-a3c4-3b22773d0316 successfully]
[2025-04-03 20:38:21,711: INFO: file_loader: Processing file]
[2025-04-03 20:38:22,132: INFO: file_loader: successfully updated start_time, file_name and stg_table in sync_file]
[2025-04-03 20:38:22,132: INFO: file_loader: The file '/home/server_user/server/temp/iWJPpf18IyU/hiv_art_pharmacy_regimens_0_20250101045710_decrypted.json' does not exist. Skipping to next file]
[2025-04-03 20:38:22,644: INFO: file_loader: Sync File log updated for 2b0b01f8-a97b-4097-85fb-53f8ef76ceb3 successfully]
[2025-04-03 20:38:22,645: INFO: file_loader: Processing file]
[2025-04-03 20:38:23,157: INFO: file_loader: successfully updated start_time, file_name and stg_table in sync_file]
[2025-04-03 20:38:23,158: INFO: file_loader: The file '/home/server_user/server/temp/iWJPpf18IyU/hiv_art_pharmacy_regimens_1_20250101045710_decrypted.json' does not exist. Skipping to next file]
[2025-04-03 20:38:23,693: INFO: file_loader: Sync File log updated for 0bf22338-1652-4583-af1a-b2385f1c0461 successfully]
[2025-04-03 20:38:23,694: INFO: file_loader: Processing file]
[2025-04-03 20:38:24,226: INFO: file_loader: successfully updated start_time, file_name and stg_table in sync_file]
[2025-04-03 20:38:24,226: INFO: file_loader: The file '/home/server_user/server/temp/iWJPpf18IyU/hiv_status_tracker_0_20250101045710_decrypted.json' does not exist. Skipping to next file]
[2025-04-03 20:38:24,749: INFO: file_loader: Sync File log updated for 4e59239b-18ac-419d-835c-082549d8fb1a successfully]
[2025-04-03 20:38:24,750: INFO: file_loader: Processing file]
[2025-04-03 20:38:25,292: INFO: file_loader: successfully updated start_time, file_name and stg_table in sync_file]
[2025-04-03 20:38:25,293: INFO: file_loader: The file '/home/server_user/server/temp/iWJPpf18IyU/hiv_observation_0_20250101045710_decrypted.json' does not exist. Skipping to next file]
[2025-04-03 20:38:25,809: INFO: file_loader: Sync File log updated for 4f37b78f-8b58-425e-93d1-87f13ca1e0d7 successfully]
[2025-04-03 20:38:25,809: INFO: file_loader: Processing file]
[2025-04-03 20:38:26,340: INFO: file_loader: successfully updated start_time, file_name and stg_table in sync_file]
[2025-04-03 20:38:26,341: INFO: file_loader: The file '/home/server_user/server/temp/iWJPpf18IyU/hiv_art_pharmacy_0_20250101045710_decrypted.json' does not exist. Skipping to next file]
[2025-04-03 20:38:26,872: INFO: file_loader: Sync File log updated for f665f7be-bd6e-4b2e-ab60-de44d33df598 successfully]
[2025-04-03 20:38:26,873: INFO: file_loader: Processing file]
[2025-04-03 20:38:27,347: INFO: file_loader: successfully updated start_time, file_name and stg_table in sync_file]
[2025-04-03 20:38:27,347: INFO: file_loader: The file '/home/server_user/server/temp/iWJPpf18IyU/prep_regimen_0_20250101045710_decrypted.json' does not exist. Skipping to next file]
[2025-04-03 20:38:27,894: INFO: file_loader: Sync File log updated for 63eba355-15e0-4ec7-81dc-010d36552c24 successfully]
[2025-04-03 20:38:27,896: INFO: file_loader: Processing file]
[2025-04-03 20:38:28,190: INFO: file_loader: successfully updated start_time, file_name and stg_table in sync_file]
[2025-04-03 20:38:28,191: INFO: file_loader: The file '/home/server_user/server/temp/iWJPpf18IyU/biometric_0_20250101045710_decrypted.json' does not exist. Skipping to next file]
[2025-04-03 20:38:28,501: INFO: file_loader: Sync File log updated for 8b8d0134-7a84-40ce-84c5-55494d936b54 successfully]
[2025-04-03 20:38:28,502: INFO: file_loader: Processing file]
[2025-04-03 20:38:28,980: INFO: file_loader: successfully updated start_time, file_name and stg_table in sync_file]
[2025-04-03 20:38:28,981: INFO: file_loader: The file '/home/server_user/server/temp/iWJPpf18IyU/triage_vital_sign_0_20250101045710_decrypted.json' does not exist. Skipping to next file]
[2025-04-03 20:38:29,466: INFO: file_loader: Sync File log updated for efbc05c0-3d3c-4e22-91ef-c7063db4d853 successfully]
[2025-04-03 20:38:29,466: INFO: file_loader: Processing file]
[2025-04-03 20:38:29,998: INFO: file_loader: successfully updated start_time, file_name and stg_table in sync_file]
[2025-04-03 20:38:29,999: INFO: file_loader: The file '/home/server_user/server/temp/iWJPpf18IyU/patient_visit_0_20250101045710_decrypted.json' does not exist. Skipping to next file]
[2025-04-03 20:38:30,502: INFO: file_loader: Sync File log updated for 57d0a42c-315d-40df-8448-cd2160cfbc52 successfully]
[2025-04-03 20:38:30,503: INFO: file_loader: Processing file]
[2025-04-03 20:38:31,029: INFO: file_loader: successfully updated start_time, file_name and stg_table in sync_file]
[2025-04-03 20:38:31,030: INFO: file_loader: The file '/home/server_user/server/temp/iWJPpf18IyU/patient_encounter_0_20250101045710_decrypted.json' does not exist. Skipping to next file]
[2025-04-03 20:38:31,506: INFO: file_loader: Sync File log updated for 9a96a658-0d82-48ad-8aa3-732175c259cd successfully]
[2025-04-03 20:38:31,507: INFO: file_loader: Processing file]
[2025-04-03 20:38:32,037: INFO: file_loader: successfully updated start_time, file_name and stg_table in sync_file]
[2025-04-03 20:38:32,038: INFO: file_loader: The file '/home/server_user/server/temp/iWJPpf18IyU/base_organisation_unit_1_20250101045710_decrypted.json' does not exist. Skipping to next file]
[2025-04-03 20:38:32,574: INFO: file_loader: Sync File log updated for a84ce7a3-8f81-4330-ad2c-c17a985d3664 successfully]
[2025-04-03 20:38:32,575: INFO: file_loader: Processing file]
[2025-04-03 20:38:33,082: INFO: file_loader: successfully updated start_time, file_name and stg_table in sync_file]
[2025-04-03 20:38:33,083: INFO: file_loader: The file '/home/server_user/server/temp/iWJPpf18IyU/base_organisation_unit_0_20250101045710_decrypted.json' does not exist. Skipping to next file]
[2025-04-03 20:38:33,574: INFO: file_loader: Sync File log updated for 8232b174-5276-4385-8af6-7ae60ec69a77 successfully]
[2025-04-03 20:38:33,575: INFO: file_loader: Processing file]
[2025-04-03 20:38:34,086: INFO: file_loader: successfully updated start_time, file_name and stg_table in sync_file]
[2025-04-03 20:38:34,087: INFO: file_loader: The file '/home/server_user/server/temp/iWJPpf18IyU/base_application_codeset_0_20250101045710_decrypted.json' does not exist. Skipping to next file]
[2025-04-03 20:38:34,474: INFO: file_loader: Sync File log updated for 743d95d5-6f51-4e1e-a739-d0b1ca6e981c successfully]
[2025-04-03 20:38:34,475: INFO: file_loader: json files successfully processed]
[2025-04-03 20:46:05,192: INFO: dsd_loader: json files successfully processed]
[2025-04-03 20:49:42,788: INFO: dsd_loader: Processing file]
[2025-04-03 20:49:44,776: INFO: dsd_loader: successfully updated start_time, file_name and stg_table in sync_file]
[2025-04-03 20:49:44,777: INFO: dsd_loader: The file '/home/lamisplus/server/temp/f0J277xHATh/hiv_art_clinical_0_20250101030456_decrypted.json' does not exist. Skipping to next file]
[2025-04-03 20:49:44,825: INFO: dsd_loader: Sync File log updated for None successfully]
[2025-04-03 20:49:44,826: INFO: dsd_loader: Processing file]
[2025-04-03 20:49:45,448: INFO: dsd_loader: successfully updated start_time, file_name and stg_table in sync_file]
[2025-04-03 20:49:45,449: INFO: dsd_loader: The file '/home/lamisplus/server/temp/f0J277xHATh/prep_eligibility_0_20250101030456_decrypted.json' does not exist. Skipping to next file]
[2025-04-03 20:49:45,502: INFO: dsd_loader: Sync File log updated for None successfully]
[2025-04-03 20:49:45,503: INFO: dsd_loader: Processing file]
[2025-04-03 20:49:46,242: INFO: dsd_loader: successfully updated start_time, file_name and stg_table in sync_file]
[2025-04-03 20:49:46,243: INFO: dsd_loader: The file '/home/lamisplus/server/temp/f0J277xHATh/prep_clinic_0_20250101030456_decrypted.json' does not exist. Skipping to next file]
[2025-04-03 20:49:46,299: INFO: dsd_loader: Sync File log updated for None successfully]
[2025-04-03 20:49:46,300: INFO: dsd_loader: Processing file]
[2025-04-03 20:49:47,753: INFO: dsd_loader: successfully updated start_time, file_name and stg_table in sync_file]
[2025-04-03 20:49:47,754: INFO: dsd_loader: The file '/home/lamisplus/server/temp/f0J277xHATh/mhpss_confirmation_0_20250101030456_decrypted.json' does not exist. Skipping to next file]
[2025-04-03 20:49:47,807: INFO: dsd_loader: Sync File log updated for None successfully]
[2025-04-03 20:49:47,807: INFO: dsd_loader: Processing file]
[2025-04-03 20:49:49,151: INFO: dsd_loader: successfully updated start_time, file_name and stg_table in sync_file]
[2025-04-03 20:49:49,152: INFO: dsd_loader: The file '/home/lamisplus/server/temp/iWJPpf18IyU/hiv_art_clinical_0_20250101045710_decrypted.json' does not exist. Skipping to next file]
[2025-04-03 20:49:49,203: INFO: dsd_loader: Sync File log updated for None successfully]
[2025-04-03 20:49:49,204: INFO: dsd_loader: Processing file]
[2025-04-03 20:49:50,391: INFO: dsd_loader: successfully updated start_time, file_name and stg_table in sync_file]
[2025-04-03 20:49:50,392: INFO: dsd_loader: The file '/home/lamisplus/server/temp/iWJPpf18IyU/prep_eligibility_0_20250101045710_decrypted.json' does not exist. Skipping to next file]
[2025-04-03 20:49:50,435: INFO: dsd_loader: Sync File log updated for None successfully]
[2025-04-03 20:49:50,436: INFO: dsd_loader: json files successfully processed]
[2025-04-03 20:56:10,296: INFO: dsd_loader: Processing file]
[2025-04-03 20:56:10,330: ERROR: dsd_loader: 'FileLoader' object has no attribute 'syncfile_entryID']
Traceback (most recent call last):
  File "/home/lamisplus/ingestion_pipeline/records_ingestion/dsd_loader.py", line 120, in _fakeupsert_synclog
    self.syncfile_entryID))
AttributeError: 'FileLoader' object has no attribute 'syncfile_entryID'
[2025-04-03 20:56:10,331: ERROR: dsd_loader: 'FileLoader' object has no attribute 'syncfile_entryID']
Traceback (most recent call last):
  File "/home/lamisplus/ingestion_pipeline/records_ingestion/dsd_loader.py", line 277, in _retrieve_localdir_from_syncfile
    self._fakeupsert_synclog(decrypted_file_name,staging_table)
  File "/home/lamisplus/ingestion_pipeline/records_ingestion/dsd_loader.py", line 127, in _fakeupsert_synclog
    raise e
  File "/home/lamisplus/ingestion_pipeline/records_ingestion/dsd_loader.py", line 120, in _fakeupsert_synclog
    self.syncfile_entryID))
AttributeError: 'FileLoader' object has no attribute 'syncfile_entryID'
[2025-04-03 20:59:54,615: INFO: dsd_loader: Processing file]
[2025-04-03 20:59:55,147: INFO: dsd_loader: successfully updated start_time, file_name and stg_table in sync_file]
[2025-04-03 20:59:55,148: INFO: dsd_loader: The file '/home/lamisplus/server/temp/f0J277xHATh/hiv_art_clinical_0_20250101030456_decrypted.json' does not exist. Skipping to next file]
[2025-04-03 20:59:55,647: INFO: dsd_loader: Sync File log updated for 4319a2c4-4722-4278-9c33-45a0391c4a09 successfully]
[2025-04-03 20:59:55,648: INFO: dsd_loader: Processing file]
[2025-04-03 20:59:56,218: INFO: dsd_loader: successfully updated start_time, file_name and stg_table in sync_file]
[2025-04-03 20:59:56,218: INFO: dsd_loader: The file '/home/lamisplus/server/temp/f0J277xHATh/prep_eligibility_0_20250101030456_decrypted.json' does not exist. Skipping to next file]
[2025-04-03 20:59:56,767: INFO: dsd_loader: Sync File log updated for 615f3712-30c0-4563-a185-f3df0f18e3b9 successfully]
[2025-04-03 20:59:56,767: INFO: dsd_loader: Processing file]
[2025-04-03 20:59:57,438: INFO: dsd_loader: successfully updated start_time, file_name and stg_table in sync_file]
[2025-04-03 20:59:57,438: INFO: dsd_loader: The file '/home/lamisplus/server/temp/f0J277xHATh/prep_clinic_0_20250101030456_decrypted.json' does not exist. Skipping to next file]
[2025-04-03 20:59:57,972: INFO: dsd_loader: Sync File log updated for 3472315e-329e-43d1-af0c-463c93d6af6d successfully]
[2025-04-03 20:59:57,972: INFO: dsd_loader: Processing file]
[2025-04-03 20:59:58,524: INFO: dsd_loader: successfully updated start_time, file_name and stg_table in sync_file]
[2025-04-03 20:59:58,525: INFO: dsd_loader: The file '/home/lamisplus/server/temp/f0J277xHATh/mhpss_confirmation_0_20250101030456_decrypted.json' does not exist. Skipping to next file]
[2025-04-03 20:59:59,019: INFO: dsd_loader: Sync File log updated for b243da50-6d6e-4b99-875b-2cee4df51a6d successfully]
[2025-04-03 20:59:59,019: INFO: dsd_loader: Processing file]
[2025-04-03 20:59:59,551: INFO: dsd_loader: successfully updated start_time, file_name and stg_table in sync_file]
[2025-04-03 20:59:59,552: INFO: dsd_loader: The file '/home/lamisplus/server/temp/iWJPpf18IyU/hiv_art_clinical_0_20250101045710_decrypted.json' does not exist. Skipping to next file]
[2025-04-03 21:00:00,062: INFO: dsd_loader: Sync File log updated for 3f712be4-f0ca-4032-982b-1b3f6ca7d4fc successfully]
[2025-04-03 21:00:00,063: INFO: dsd_loader: Processing file]
[2025-04-03 21:00:00,597: INFO: dsd_loader: successfully updated start_time, file_name and stg_table in sync_file]
[2025-04-03 21:00:00,598: INFO: dsd_loader: The file '/home/lamisplus/server/temp/iWJPpf18IyU/prep_eligibility_0_20250101045710_decrypted.json' does not exist. Skipping to next file]
[2025-04-03 21:00:01,125: INFO: dsd_loader: Sync File log updated for 9a1d93f4-0597-4380-960f-976a48d0f721 successfully]
[2025-04-03 21:00:01,125: INFO: dsd_loader: json files successfully processed]
