2025-04-26 20:29:26: Starting the pipeline...
[2025-04-26 20:29:26,537: INFO: stg_records_deletion_process: DPID_20250426_20_29]
[2025-04-26 20:29:26,537: INFO: stg_records_deletion_process: Job Started]
[2025-04-26 20:29:26,538: INFO: stg_records_deletion_process: Deletion of records with Y processed status on stg_monitoring table started]
[2025-04-26 20:29:26,557: INFO: stg_records_deletion_process: Deletion of ods_migrated records from stg_biometric table started]
[2025-04-26 20:29:26,559: INFO: stg_records_deletion_process: Deletion of ods_migrated records from stg_base_application_codeset table started]
[2025-04-26 20:29:26,560: INFO: stg_records_deletion_process: Deletion of ods_migrated records from stg_base_organisation_unit table started]
[2025-04-26 20:29:26,561: INFO: stg_records_deletion_process: Deletion of ods_migrated records from stg_base_organisation_unit_identifier table started]
[2025-04-26 20:29:26,568: INFO: stg_records_deletion_process: Deletion of ods_migrated records from stg_case_manager table started]
[2025-04-26 20:29:27,104: INFO: stg_records_deletion_process: Deletion of ods_migrated records from stg_base_organisation_unit_identifier table completed]
[2025-04-26 20:29:28,521: INFO: stg_records_deletion_process: Deletion of ods_migrated records from stg_case_manager table completed]
[2025-04-26 20:29:45,438: INFO: stg_records_deletion_process: Deletion of ods_migrated records from stg_biometric table completed]
[2025-04-26 20:29:53,090: INFO: stg_records_deletion_process: Deletion of ods_migrated records from stg_base_application_codeset table completed]
[2025-04-26 20:29:53,267: INFO: stg_records_deletion_process: Deletion of ods_migrated records from stg_base_organisation_unit table completed]
[2025-04-26 20:29:53,288: INFO: stg_records_deletion_process: Deletion of ods_migrated records from stg_hiv_art_pharmacy_regimens table started]
[2025-04-26 20:29:53,289: INFO: stg_records_deletion_process: Deletion of ods_migrated records from stg_dsd_devolvement table started]
[2025-04-26 20:29:53,289: INFO: stg_records_deletion_process: Deletion of ods_migrated records from stg_case_manager_patients table started]
[2025-04-26 20:29:53,291: INFO: stg_records_deletion_process: Deletion of ods_migrated records from stg_hiv_art_clinical table started]
[2025-04-26 20:29:53,293: INFO: stg_records_deletion_process: Deletion of ods_migrated records from stg_hiv_art_pharmacy table started]
[2025-04-26 20:30:00,624: INFO: stg_records_deletion_process: Deletion of ods_migrated records from stg_case_manager_patients table completed]
[2025-04-26 20:30:18,845: INFO: stg_records_deletion_process: Deletion of ods_migrated records from stg_dsd_devolvement table completed]
[2025-04-26 20:33:50,130: INFO: stg_records_deletion_process: Deletion of ods_migrated records from stg_hiv_art_pharmacy_regimens table completed]
[2025-04-26 20:36:18,910: INFO: stg_records_deletion_process: Deletion of ods_migrated records from stg_hiv_art_pharmacy table completed]
[2025-04-26 20:39:30,425: INFO: stg_records_deletion_process: Deletion of ods_migrated records from stg_hiv_art_clinical table completed]
[2025-04-26 20:39:30,448: INFO: stg_records_deletion_process: Deletion of ods_migrated records from stg_hiv_enrollment table started]
[2025-04-26 20:39:30,450: INFO: stg_records_deletion_process: Deletion of ods_migrated records from stg_hiv_eac_session table started]
[2025-04-26 20:39:30,451: INFO: stg_records_deletion_process: Deletion of ods_migrated records from stg_hiv_observation table started]
[2025-04-26 20:39:30,452: INFO: stg_records_deletion_process: Deletion of ods_migrated records from stg_hiv_eac table started]
[2025-04-26 20:39:30,453: INFO: stg_records_deletion_process: Deletion of ods_migrated records from stg_hiv_eac_out_come table started]
[2025-04-26 20:39:32,323: INFO: stg_records_deletion_process: Deletion of ods_migrated records from stg_hiv_eac_out_come table completed]
[2025-04-26 20:39:34,374: INFO: stg_records_deletion_process: Deletion of ods_migrated records from stg_hiv_eac_session table completed]
[2025-04-26 20:39:34,375: INFO: stg_records_deletion_process: Deletion of ods_migrated records from stg_hiv_eac table completed]
[2025-04-26 20:39:55,489: INFO: stg_records_deletion_process: Deletion of ods_migrated records from stg_hiv_enrollment table completed]
[2025-04-26 20:44:14,656: INFO: stg_records_deletion_process: Deletion of ods_migrated records from stg_hiv_observation table completed]
[2025-04-26 20:44:14,688: INFO: stg_records_deletion_process: Deletion of ods_migrated records from stg_hts_client table started]
[2025-04-26 20:44:14,688: INFO: stg_records_deletion_process: Deletion of ods_migrated records from stg_hiv_regimen table started]
[2025-04-26 20:44:14,689: INFO: stg_records_deletion_process: Deletion of ods_migrated records from stg_hiv_status_tracker table started]
[2025-04-26 20:44:14,690: INFO: stg_records_deletion_process: Deletion of ods_migrated records from stg_hiv_regimen_resolver table started]
[2025-04-26 20:44:14,691: INFO: stg_records_deletion_process: Deletion of ods_migrated records from stg_hiv_regimen_type table started]
[2025-04-26 20:44:17,884: INFO: stg_records_deletion_process: Deletion of ods_migrated records from stg_hiv_regimen_type table completed]
[2025-04-26 20:44:18,126: INFO: stg_records_deletion_process: Deletion of ods_migrated records from stg_hiv_regimen_resolver table completed]
[2025-04-26 20:44:18,259: INFO: stg_records_deletion_process: Deletion of ods_migrated records from stg_hiv_regimen table completed]
[2025-04-26 20:49:06,184: INFO: stg_records_deletion_process: Deletion of ods_migrated records from stg_hiv_status_tracker table completed]
[2025-04-26 20:54:03,846: INFO: stg_records_deletion_process: Deletion of ods_migrated records from stg_hts_client table completed]
[2025-04-26 20:54:03,866: INFO: stg_records_deletion_process: Deletion of ods_migrated records from stg_hts_risk_stratification table started]
[2025-04-26 20:54:03,870: INFO: stg_records_deletion_process: Deletion of ods_migrated records from stg_laboratory_labtest table started]
[2025-04-26 20:54:03,870: INFO: stg_records_deletion_process: Deletion of ods_migrated records from stg_hts_client_referral table started]
[2025-04-26 20:54:03,875: INFO: stg_records_deletion_process: Deletion of ods_migrated records from stg_hts_index_elicitation table started]
[2025-04-26 20:54:03,876: INFO: stg_records_deletion_process: Deletion of ods_migrated records from stg_laboratory_order table started]
[2025-04-26 20:54:06,931: INFO: stg_records_deletion_process: Deletion of ods_migrated records from stg_hts_client_referral table completed]
[2025-04-26 20:54:07,319: INFO: stg_records_deletion_process: Deletion of ods_migrated records from stg_laboratory_labtest table completed]
[2025-04-26 20:54:07,437: INFO: stg_records_deletion_process: Deletion of ods_migrated records from stg_hts_index_elicitation table completed]
[2025-04-26 20:54:48,084: INFO: stg_records_deletion_process: Deletion of ods_migrated records from stg_laboratory_order table completed]
[2025-04-26 20:54:58,615: INFO: stg_records_deletion_process: Deletion of ods_migrated records from stg_hts_risk_stratification table completed]
[2025-04-26 20:54:58,637: INFO: stg_records_deletion_process: Deletion of ods_migrated records from stg_laboratory_result table started]
[2025-04-26 20:54:58,638: INFO: stg_records_deletion_process: Deletion of ods_migrated records from stg_patient_encounter table started]
[2025-04-26 20:54:58,640: INFO: stg_records_deletion_process: Deletion of ods_migrated records from stg_laboratory_test table started]
[2025-04-26 20:54:58,646: INFO: stg_records_deletion_process: Deletion of ods_migrated records from stg_laboratory_sample table started]
[2025-04-26 20:54:58,649: INFO: stg_records_deletion_process: Deletion of ods_migrated records from stg_patient_person table started]
[2025-04-26 20:55:52,793: INFO: stg_records_deletion_process: Deletion of ods_migrated records from stg_patient_encounter table completed]
[2025-04-26 20:56:03,533: INFO: stg_records_deletion_process: Deletion of ods_migrated records from stg_laboratory_sample table completed]
[2025-04-26 20:56:04,025: INFO: stg_records_deletion_process: Deletion of ods_migrated records from stg_laboratory_result table completed]
[2025-04-26 20:56:06,721: INFO: stg_records_deletion_process: Deletion of ods_migrated records from stg_laboratory_test table completed]
[2025-04-26 21:01:58,417: INFO: stg_records_deletion_process: Deletion of ods_migrated records from stg_patient_person table completed]
[2025-04-26 21:01:58,435: INFO: stg_records_deletion_process: Deletion of ods_migrated records from stg_patient_visit table started]
[2025-04-26 21:01:58,443: INFO: stg_records_deletion_process: Deletion of ods_migrated records from stg_pmtct_anc table started]
[2025-04-26 21:01:58,446: INFO: stg_records_deletion_process: Deletion of ods_migrated records from stg_pmtct_enrollment table started]
[2025-04-26 21:01:58,447: INFO: stg_records_deletion_process: Deletion of ods_migrated records from stg_pmtct_delivery table started]
[2025-04-26 21:01:58,449: INFO: stg_records_deletion_process: Deletion of ods_migrated records from stg_pmtct_infant_arv table started]
[2025-04-26 21:02:00,437: INFO: stg_records_deletion_process: Deletion of ods_migrated records from stg_pmtct_delivery table completed]
[2025-04-26 21:02:00,486: INFO: stg_records_deletion_process: Deletion of ods_migrated records from stg_pmtct_infant_arv table completed]
[2025-04-26 21:02:00,508: INFO: stg_records_deletion_process: Deletion of ods_migrated records from stg_pmtct_enrollment table completed]
[2025-04-26 21:02:02,126: INFO: stg_records_deletion_process: Deletion of ods_migrated records from stg_pmtct_anc table completed]
[2025-04-26 21:05:44,816: INFO: stg_records_deletion_process: Deletion of ods_migrated records from stg_patient_visit table completed]
[2025-04-26 21:05:44,842: INFO: stg_records_deletion_process: Deletion of ods_migrated records from stg_pmtct_infant_visit table started]
[2025-04-26 21:05:44,843: INFO: stg_records_deletion_process: Deletion of ods_migrated records from stg_pmtct_infant_information table started]
[2025-04-26 21:05:44,844: INFO: stg_records_deletion_process: Deletion of ods_migrated records from stg_pmtct_infant_mother_art table started]
[2025-04-26 21:05:44,846: INFO: stg_records_deletion_process: Deletion of ods_migrated records from stg_pmtct_infant_pcr table started]
[2025-04-26 21:05:44,848: INFO: stg_records_deletion_process: Deletion of ods_migrated records from stg_pmtct_infant_rapid_antibody table started]
[2025-04-26 21:05:46,430: INFO: stg_records_deletion_process: Deletion of ods_migrated records from stg_pmtct_infant_visit table completed]
[2025-04-26 21:05:46,525: INFO: stg_records_deletion_process: Deletion of ods_migrated records from stg_pmtct_infant_mother_art table completed]
[2025-04-26 21:05:46,663: INFO: stg_records_deletion_process: Deletion of ods_migrated records from stg_pmtct_infant_pcr table completed]
[2025-04-26 21:05:46,733: INFO: stg_records_deletion_process: Deletion of ods_migrated records from stg_pmtct_infant_information table completed]
[2025-04-26 21:05:46,759: INFO: stg_records_deletion_process: Deletion of ods_migrated records from stg_pmtct_infant_rapid_antibody table completed]
[2025-04-26 21:05:46,781: INFO: stg_records_deletion_process: Deletion of ods_migrated records from stg_prep_eligibility table started]
[2025-04-26 21:05:46,783: INFO: stg_records_deletion_process: Deletion of ods_migrated records from stg_prep_interruption table started]
[2025-04-26 21:05:46,786: INFO: stg_records_deletion_process: Deletion of ods_migrated records from stg_prep_clinic table started]
[2025-04-26 21:05:46,787: INFO: stg_records_deletion_process: Deletion of ods_migrated records from stg_pmtct_mother_visitation table started]
[2025-04-26 21:05:46,787: INFO: stg_records_deletion_process: Deletion of ods_migrated records from stg_prep_enrollment table started]
[2025-04-26 21:05:48,532: INFO: stg_records_deletion_process: Deletion of ods_migrated records from stg_prep_interruption table completed]
[2025-04-26 21:05:48,664: INFO: stg_records_deletion_process: Deletion of ods_migrated records from stg_pmtct_mother_visitation table completed]
[2025-04-26 21:05:48,810: INFO: stg_records_deletion_process: Deletion of ods_migrated records from stg_prep_eligibility table completed]
[2025-04-26 21:05:49,096: INFO: stg_records_deletion_process: Deletion of ods_migrated records from stg_prep_clinic table completed]
[2025-04-26 21:05:50,583: INFO: stg_records_deletion_process: Deletion of ods_migrated records from stg_prep_enrollment table completed]
[2025-04-26 21:05:50,606: INFO: stg_records_deletion_process: Deletion of ods_migrated records from stg_triage_vital_sign table started]
[2025-04-26 21:07:54,142: INFO: stg_records_deletion_process: Deletion of ods_migrated records from stg_triage_vital_sign table completed]
[2025-04-26 21:07:54,172: INFO: stg_records_deletion_process: Deletion of records with Y processed status on stg_monitoring table completed]
2025-04-26 21:07:55: Pipeline completed successfully.
2025-04-27 02:00:01: Starting the pipeline...
[2025-04-27 02:00:01,917: INFO: stg_records_deletion_process: DPID_20250427_02_00]
[2025-04-27 02:00:01,917: INFO: stg_records_deletion_process: Job Started]
[2025-04-27 02:00:01,917: INFO: stg_records_deletion_process: Deletion of records with Y processed status on stg_monitoring table started]
[2025-04-27 02:00:01,941: INFO: stg_records_deletion_process: Deletion of ods_migrated records from stg_base_application_codeset table started]
[2025-04-27 02:00:01,942: INFO: stg_records_deletion_process: Deletion of ods_migrated records from stg_case_manager table started]
[2025-04-27 02:00:01,944: INFO: stg_records_deletion_process: Deletion of ods_migrated records from stg_base_organisation_unit_identifier table started]
[2025-04-27 02:00:01,946: INFO: stg_records_deletion_process: Deletion of ods_migrated records from stg_biometric table started]
[2025-04-27 02:00:01,947: INFO: stg_records_deletion_process: Deletion of ods_migrated records from stg_base_organisation_unit table started]
[2025-04-27 02:00:02,521: INFO: stg_records_deletion_process: Deletion of ods_migrated records from stg_base_organisation_unit_identifier table completed]
[2025-04-27 02:00:03,638: INFO: stg_records_deletion_process: Deletion of ods_migrated records from stg_base_organisation_unit table completed]
[2025-04-27 02:00:03,785: INFO: stg_records_deletion_process: Deletion of ods_migrated records from stg_case_manager table completed]
[2025-04-27 02:00:04,706: INFO: stg_records_deletion_process: Deletion of ods_migrated records from stg_base_application_codeset table completed]
[2025-04-27 02:00:09,123: INFO: stg_records_deletion_process: Deletion of ods_migrated records from stg_biometric table completed]
[2025-04-27 02:00:09,150: INFO: stg_records_deletion_process: Deletion of ods_migrated records from stg_case_manager_patients table started]
[2025-04-27 02:00:09,151: INFO: stg_records_deletion_process: Deletion of ods_migrated records from stg_hiv_art_pharmacy_regimens table started]
[2025-04-27 02:00:09,151: INFO: stg_records_deletion_process: Deletion of ods_migrated records from stg_hiv_art_clinical table started]
[2025-04-27 02:00:09,152: INFO: stg_records_deletion_process: Deletion of ods_migrated records from stg_hiv_art_pharmacy table started]
[2025-04-27 02:00:09,153: INFO: stg_records_deletion_process: Deletion of ods_migrated records from stg_dsd_devolvement table started]
[2025-04-27 02:00:11,114: INFO: stg_records_deletion_process: Deletion of ods_migrated records from stg_case_manager_patients table completed]
[2025-04-27 02:00:12,012: INFO: stg_records_deletion_process: Deletion of ods_migrated records from stg_hiv_art_pharmacy table completed]
[2025-04-27 02:00:12,629: INFO: stg_records_deletion_process: Deletion of ods_migrated records from stg_dsd_devolvement table completed]
[2025-04-27 02:02:52,174: INFO: stg_records_deletion_process: Deletion of ods_migrated records from stg_hiv_art_pharmacy_regimens table completed]
[2025-04-27 02:08:11,497: INFO: stg_records_deletion_process: Deletion of ods_migrated records from stg_hiv_art_clinical table completed]
[2025-04-27 02:08:11,515: INFO: stg_records_deletion_process: Deletion of ods_migrated records from stg_hiv_eac table started]
[2025-04-27 02:08:11,520: INFO: stg_records_deletion_process: Deletion of ods_migrated records from stg_hiv_eac_out_come table started]
[2025-04-27 02:08:11,521: INFO: stg_records_deletion_process: Deletion of ods_migrated records from stg_hiv_observation table started]
[2025-04-27 02:08:11,523: INFO: stg_records_deletion_process: Deletion of ods_migrated records from stg_hiv_eac_session table started]
[2025-04-27 02:08:11,524: INFO: stg_records_deletion_process: Deletion of ods_migrated records from stg_hiv_enrollment table started]
[2025-04-27 02:08:14,235: INFO: stg_records_deletion_process: Deletion of ods_migrated records from stg_hiv_eac_out_come table completed]
[2025-04-27 02:08:14,635: INFO: stg_records_deletion_process: Deletion of ods_migrated records from stg_hiv_eac table completed]
[2025-04-27 02:08:14,744: INFO: stg_records_deletion_process: Deletion of ods_migrated records from stg_hiv_eac_session table completed]
[2025-04-27 02:08:34,313: INFO: stg_records_deletion_process: Deletion of ods_migrated records from stg_hiv_enrollment table completed]
[2025-04-27 02:11:58,356: INFO: stg_records_deletion_process: Deletion of ods_migrated records from stg_hiv_observation table completed]
[2025-04-27 02:11:58,378: INFO: stg_records_deletion_process: Deletion of ods_migrated records from stg_hiv_regimen_resolver table started]
[2025-04-27 02:11:58,379: INFO: stg_records_deletion_process: Deletion of ods_migrated records from stg_hiv_regimen table started]
[2025-04-27 02:11:58,380: INFO: stg_records_deletion_process: Deletion of ods_migrated records from stg_hts_client table started]
[2025-04-27 02:11:58,382: INFO: stg_records_deletion_process: Deletion of ods_migrated records from stg_hiv_regimen_type table started]
[2025-04-27 02:11:58,383: INFO: stg_records_deletion_process: Deletion of ods_migrated records from stg_hiv_status_tracker table started]
[2025-04-27 02:12:00,409: INFO: stg_records_deletion_process: Deletion of ods_migrated records from stg_hiv_regimen_type table completed]
[2025-04-27 02:12:00,498: INFO: stg_records_deletion_process: Deletion of ods_migrated records from stg_hiv_regimen table completed]
[2025-04-27 02:12:00,549: INFO: stg_records_deletion_process: Deletion of ods_migrated records from stg_hiv_regimen_resolver table completed]
[2025-04-27 02:16:24,228: INFO: stg_records_deletion_process: Deletion of ods_migrated records from stg_hiv_status_tracker table completed]
[2025-04-27 02:19:57,393: INFO: stg_records_deletion_process: Deletion of ods_migrated records from stg_hts_client table completed]
[2025-04-27 02:19:57,427: INFO: stg_records_deletion_process: Deletion of ods_migrated records from stg_laboratory_labtest table started]
[2025-04-27 02:19:57,428: INFO: stg_records_deletion_process: Deletion of ods_migrated records from stg_hts_index_elicitation table started]
[2025-04-27 02:19:57,428: INFO: stg_records_deletion_process: Deletion of ods_migrated records from stg_hts_client_referral table started]
[2025-04-27 02:19:57,430: INFO: stg_records_deletion_process: Deletion of ods_migrated records from stg_laboratory_order table started]
[2025-04-27 02:19:57,431: INFO: stg_records_deletion_process: Deletion of ods_migrated records from stg_hts_risk_stratification table started]
[2025-04-27 02:20:00,440: INFO: stg_records_deletion_process: Deletion of ods_migrated records from stg_laboratory_labtest table completed]
[2025-04-27 02:20:00,464: INFO: stg_records_deletion_process: Deletion of ods_migrated records from stg_hts_client_referral table completed]
[2025-04-27 02:20:00,550: INFO: stg_records_deletion_process: Deletion of ods_migrated records from stg_laboratory_order table completed]
[2025-04-27 02:20:00,569: INFO: stg_records_deletion_process: Deletion of ods_migrated records from stg_hts_index_elicitation table completed]
[2025-04-27 02:20:00,673: INFO: stg_records_deletion_process: Deletion of ods_migrated records from stg_hts_risk_stratification table completed]
[2025-04-27 02:20:00,696: INFO: stg_records_deletion_process: Deletion of ods_migrated records from stg_laboratory_result table started]
[2025-04-27 02:20:00,697: INFO: stg_records_deletion_process: Deletion of ods_migrated records from stg_laboratory_sample table started]
[2025-04-27 02:20:00,697: INFO: stg_records_deletion_process: Deletion of ods_migrated records from stg_laboratory_test table started]
[2025-04-27 02:20:00,701: INFO: stg_records_deletion_process: Deletion of ods_migrated records from stg_patient_encounter table started]
[2025-04-27 02:20:00,703: INFO: stg_records_deletion_process: Deletion of ods_migrated records from stg_patient_person table started]
[2025-04-27 02:20:02,625: INFO: stg_records_deletion_process: Deletion of ods_migrated records from stg_laboratory_result table completed]
[2025-04-27 02:20:02,696: INFO: stg_records_deletion_process: Deletion of ods_migrated records from stg_laboratory_sample table completed]
[2025-04-27 02:20:02,735: INFO: stg_records_deletion_process: Deletion of ods_migrated records from stg_laboratory_test table completed]
[2025-04-27 02:20:02,784: INFO: stg_records_deletion_process: Deletion of ods_migrated records from stg_patient_encounter table completed]
[2025-04-27 02:20:03,304: INFO: stg_records_deletion_process: Deletion of ods_migrated records from stg_patient_person table completed]
[2025-04-27 02:20:03,327: INFO: stg_records_deletion_process: Deletion of ods_migrated records from stg_patient_visit table started]
[2025-04-27 02:20:03,332: INFO: stg_records_deletion_process: Deletion of ods_migrated records from stg_pmtct_enrollment table started]
[2025-04-27 02:20:03,335: INFO: stg_records_deletion_process: Deletion of ods_migrated records from stg_pmtct_infant_arv table started]
[2025-04-27 02:20:03,336: INFO: stg_records_deletion_process: Deletion of ods_migrated records from stg_pmtct_delivery table started]
[2025-04-27 02:20:03,336: INFO: stg_records_deletion_process: Deletion of ods_migrated records from stg_pmtct_anc table started]
[2025-04-27 02:20:04,894: INFO: stg_records_deletion_process: Deletion of ods_migrated records from stg_pmtct_infant_arv table completed]
[2025-04-27 02:20:05,005: INFO: stg_records_deletion_process: Deletion of ods_migrated records from stg_pmtct_enrollment table completed]
[2025-04-27 02:20:05,093: INFO: stg_records_deletion_process: Deletion of ods_migrated records from stg_pmtct_delivery table completed]
[2025-04-27 02:20:05,133: INFO: stg_records_deletion_process: Deletion of ods_migrated records from stg_pmtct_anc table completed]
[2025-04-27 02:20:05,282: INFO: stg_records_deletion_process: Deletion of ods_migrated records from stg_patient_visit table completed]
[2025-04-27 02:20:05,306: INFO: stg_records_deletion_process: Deletion of ods_migrated records from stg_pmtct_infant_information table started]
[2025-04-27 02:20:05,307: INFO: stg_records_deletion_process: Deletion of ods_migrated records from stg_pmtct_infant_mother_art table started]
[2025-04-27 02:20:05,309: INFO: stg_records_deletion_process: Deletion of ods_migrated records from stg_pmtct_infant_rapid_antibody table started]
[2025-04-27 02:20:05,310: INFO: stg_records_deletion_process: Deletion of ods_migrated records from stg_pmtct_infant_pcr table started]
[2025-04-27 02:20:05,310: INFO: stg_records_deletion_process: Deletion of ods_migrated records from stg_pmtct_infant_visit table started]
[2025-04-27 02:20:06,719: INFO: stg_records_deletion_process: Deletion of ods_migrated records from stg_pmtct_infant_visit table completed]
[2025-04-27 02:20:06,719: INFO: stg_records_deletion_process: Deletion of ods_migrated records from stg_pmtct_infant_mother_art table completed]
[2025-04-27 02:20:06,773: INFO: stg_records_deletion_process: Deletion of ods_migrated records from stg_pmtct_infant_rapid_antibody table completed]
[2025-04-27 02:20:06,787: INFO: stg_records_deletion_process: Deletion of ods_migrated records from stg_pmtct_infant_information table completed]
[2025-04-27 02:20:06,789: INFO: stg_records_deletion_process: Deletion of ods_migrated records from stg_pmtct_infant_pcr table completed]
[2025-04-27 02:20:06,812: INFO: stg_records_deletion_process: Deletion of ods_migrated records from stg_prep_clinic table started]
[2025-04-27 02:20:06,812: INFO: stg_records_deletion_process: Deletion of ods_migrated records from stg_prep_interruption table started]
[2025-04-27 02:20:06,813: INFO: stg_records_deletion_process: Deletion of ods_migrated records from stg_pmtct_mother_visitation table started]
[2025-04-27 02:20:06,814: INFO: stg_records_deletion_process: Deletion of ods_migrated records from stg_prep_enrollment table started]
[2025-04-27 02:20:06,815: INFO: stg_records_deletion_process: Deletion of ods_migrated records from stg_prep_eligibility table started]
[2025-04-27 02:20:08,292: INFO: stg_records_deletion_process: Deletion of ods_migrated records from stg_prep_interruption table completed]
[2025-04-27 02:20:08,302: INFO: stg_records_deletion_process: Deletion of ods_migrated records from stg_pmtct_mother_visitation table completed]
[2025-04-27 02:20:08,515: INFO: stg_records_deletion_process: Deletion of ods_migrated records from stg_prep_enrollment table completed]
[2025-04-27 02:20:08,612: INFO: stg_records_deletion_process: Deletion of ods_migrated records from stg_prep_eligibility table completed]
[2025-04-27 02:20:08,648: INFO: stg_records_deletion_process: Deletion of ods_migrated records from stg_prep_clinic table completed]
[2025-04-27 02:20:08,673: INFO: stg_records_deletion_process: Deletion of ods_migrated records from stg_triage_vital_sign table started]
[2025-04-27 02:20:10,648: INFO: stg_records_deletion_process: Deletion of ods_migrated records from stg_triage_vital_sign table completed]
[2025-04-27 02:20:10,694: INFO: stg_records_deletion_process: Deletion of records with Y processed status on stg_monitoring table completed]
2025-04-27 02:20:10: Pipeline completed successfully.
2025-04-27 03:00:01: Starting the pipeline...
Traceback (most recent call last):
  File "/home/lamisplus/ingestion_pipeline/records_deletion/stg_records_deletion_process.py", line 3, in <module>
    from src import logger
ImportError: cannot import name 'logger' from 'src' (unknown location)
2025-04-27 03:00:01: Pipeline failed. See log file for details.
2025-04-28 02:00:01: Starting the pipeline...
[2025-04-28 02:00:01,559: INFO: stg_records_deletion_process: DPID_20250428_02_00]
[2025-04-28 02:00:01,560: INFO: stg_records_deletion_process: Job Started]
[2025-04-28 02:00:01,560: INFO: stg_records_deletion_process: Deletion of records with Y processed status on stg_monitoring table started]
[2025-04-28 02:00:01,579: INFO: stg_records_deletion_process: Deletion of ods_migrated records from stg_base_application_codeset table started]
[2025-04-28 02:00:01,580: INFO: stg_records_deletion_process: Deletion of ods_migrated records from stg_biometric table started]
[2025-04-28 02:00:01,581: INFO: stg_records_deletion_process: Deletion of ods_migrated records from stg_base_organisation_unit_identifier table started]
[2025-04-28 02:00:01,582: INFO: stg_records_deletion_process: Deletion of ods_migrated records from stg_case_manager table started]
[2025-04-28 02:00:01,585: INFO: stg_records_deletion_process: Deletion of ods_migrated records from stg_base_organisation_unit table started]
[2025-04-28 02:00:03,441: INFO: stg_records_deletion_process: Deletion of ods_migrated records from stg_base_organisation_unit_identifier table completed]
[2025-04-28 02:00:03,929: INFO: stg_records_deletion_process: Deletion of ods_migrated records from stg_case_manager table completed]
[2025-04-28 02:00:03,986: INFO: stg_records_deletion_process: Deletion of ods_migrated records from stg_base_organisation_unit table completed]
[2025-04-28 02:00:04,153: INFO: stg_records_deletion_process: Deletion of ods_migrated records from stg_base_application_codeset table completed]
[2025-04-28 02:00:18,917: INFO: stg_records_deletion_process: Deletion of ods_migrated records from stg_biometric table completed]
[2025-04-28 02:00:18,941: INFO: stg_records_deletion_process: Deletion of ods_migrated records from stg_case_manager_patients table started]
[2025-04-28 02:00:18,944: INFO: stg_records_deletion_process: Deletion of ods_migrated records from stg_dsd_devolvement table started]
[2025-04-28 02:00:18,945: INFO: stg_records_deletion_process: Deletion of ods_migrated records from stg_hiv_art_pharmacy table started]
[2025-04-28 02:00:18,945: INFO: stg_records_deletion_process: Deletion of ods_migrated records from stg_hiv_art_clinical table started]
[2025-04-28 02:00:18,946: INFO: stg_records_deletion_process: Deletion of ods_migrated records from stg_hiv_art_pharmacy_regimens table started]
[2025-04-28 02:00:20,866: INFO: stg_records_deletion_process: Deletion of ods_migrated records from stg_case_manager_patients table completed]
[2025-04-28 02:00:20,917: INFO: stg_records_deletion_process: Deletion of ods_migrated records from stg_hiv_art_pharmacy table completed]
[2025-04-28 02:00:20,917: INFO: stg_records_deletion_process: Deletion of ods_migrated records from stg_dsd_devolvement table completed]
[2025-04-28 02:02:49,146: INFO: stg_records_deletion_process: Deletion of ods_migrated records from stg_hiv_art_pharmacy_regimens table completed]
[2025-04-28 02:08:06,417: INFO: stg_records_deletion_process: Deletion of ods_migrated records from stg_hiv_art_clinical table completed]
[2025-04-28 02:08:06,442: INFO: stg_records_deletion_process: Deletion of ods_migrated records from stg_hiv_eac_out_come table started]
[2025-04-28 02:08:06,444: INFO: stg_records_deletion_process: Deletion of ods_migrated records from stg_hiv_eac_session table started]
[2025-04-28 02:08:06,444: INFO: stg_records_deletion_process: Deletion of ods_migrated records from stg_hiv_enrollment table started]
[2025-04-28 02:08:06,445: INFO: stg_records_deletion_process: Deletion of ods_migrated records from stg_hiv_observation table started]
[2025-04-28 02:08:06,445: INFO: stg_records_deletion_process: Deletion of ods_migrated records from stg_hiv_eac table started]
[2025-04-28 02:08:07,998: INFO: stg_records_deletion_process: Deletion of ods_migrated records from stg_hiv_eac_out_come table completed]
[2025-04-28 02:08:08,156: INFO: stg_records_deletion_process: Deletion of ods_migrated records from stg_hiv_eac table completed]
[2025-04-28 02:08:08,229: INFO: stg_records_deletion_process: Deletion of ods_migrated records from stg_hiv_eac_session table completed]
[2025-04-28 02:08:26,406: INFO: stg_records_deletion_process: Deletion of ods_migrated records from stg_hiv_enrollment table completed]
[2025-04-28 02:11:31,866: INFO: stg_records_deletion_process: Deletion of ods_migrated records from stg_hiv_observation table completed]
[2025-04-28 02:11:31,890: INFO: stg_records_deletion_process: Deletion of ods_migrated records from stg_hiv_regimen_resolver table started]
[2025-04-28 02:11:31,891: INFO: stg_records_deletion_process: Deletion of ods_migrated records from stg_hts_client table started]
[2025-04-28 02:11:31,892: INFO: stg_records_deletion_process: Deletion of ods_migrated records from stg_hiv_regimen table started]
[2025-04-28 02:11:31,893: INFO: stg_records_deletion_process: Deletion of ods_migrated records from stg_hiv_regimen_type table started]
[2025-04-28 02:11:31,895: INFO: stg_records_deletion_process: Deletion of ods_migrated records from stg_hiv_status_tracker table started]
[2025-04-28 02:11:33,449: INFO: stg_records_deletion_process: Deletion of ods_migrated records from stg_hiv_regimen_resolver table completed]
[2025-04-28 02:11:33,467: INFO: stg_records_deletion_process: Deletion of ods_migrated records from stg_hiv_regimen_type table completed]
[2025-04-28 02:11:33,611: INFO: stg_records_deletion_process: Deletion of ods_migrated records from stg_hiv_regimen table completed]
[2025-04-28 02:15:47,966: INFO: stg_records_deletion_process: Deletion of ods_migrated records from stg_hiv_status_tracker table completed]
[2025-04-28 02:18:57,400: INFO: stg_records_deletion_process: Deletion of ods_migrated records from stg_hts_client table completed]
[2025-04-28 02:18:57,423: INFO: stg_records_deletion_process: Deletion of ods_migrated records from stg_hts_index_elicitation table started]
[2025-04-28 02:18:57,424: INFO: stg_records_deletion_process: Deletion of ods_migrated records from stg_hts_client_referral table started]
[2025-04-28 02:18:57,425: INFO: stg_records_deletion_process: Deletion of ods_migrated records from stg_hts_risk_stratification table started]
[2025-04-28 02:18:57,428: INFO: stg_records_deletion_process: Deletion of ods_migrated records from stg_laboratory_labtest table started]
[2025-04-28 02:18:57,430: INFO: stg_records_deletion_process: Deletion of ods_migrated records from stg_laboratory_order table started]
[2025-04-28 02:18:58,896: INFO: stg_records_deletion_process: Deletion of ods_migrated records from stg_laboratory_labtest table completed]
[2025-04-28 02:18:58,922: INFO: stg_records_deletion_process: Deletion of ods_migrated records from stg_hts_client_referral table completed]
[2025-04-28 02:18:59,102: INFO: stg_records_deletion_process: Deletion of ods_migrated records from stg_hts_index_elicitation table completed]
[2025-04-28 02:18:59,114: INFO: stg_records_deletion_process: Deletion of ods_migrated records from stg_laboratory_order table completed]
[2025-04-28 02:18:59,166: INFO: stg_records_deletion_process: Deletion of ods_migrated records from stg_hts_risk_stratification table completed]
[2025-04-28 02:18:59,186: INFO: stg_records_deletion_process: Deletion of ods_migrated records from stg_laboratory_result table started]
[2025-04-28 02:18:59,190: INFO: stg_records_deletion_process: Deletion of ods_migrated records from stg_laboratory_test table started]
[2025-04-28 02:18:59,190: INFO: stg_records_deletion_process: Deletion of ods_migrated records from stg_patient_person table started]
[2025-04-28 02:18:59,192: INFO: stg_records_deletion_process: Deletion of ods_migrated records from stg_patient_encounter table started]
[2025-04-28 02:18:59,192: INFO: stg_records_deletion_process: Deletion of ods_migrated records from stg_laboratory_sample table started]
[2025-04-28 02:19:00,822: INFO: stg_records_deletion_process: Deletion of ods_migrated records from stg_laboratory_result table completed]
[2025-04-28 02:19:00,847: INFO: stg_records_deletion_process: Deletion of ods_migrated records from stg_laboratory_sample table completed]
[2025-04-28 02:19:00,849: INFO: stg_records_deletion_process: Deletion of ods_migrated records from stg_laboratory_test table completed]
[2025-04-28 02:19:00,906: INFO: stg_records_deletion_process: Deletion of ods_migrated records from stg_patient_encounter table completed]
[2025-04-28 02:19:01,122: INFO: stg_records_deletion_process: Deletion of ods_migrated records from stg_patient_person table completed]
[2025-04-28 02:19:01,145: INFO: stg_records_deletion_process: Deletion of ods_migrated records from stg_pmtct_infant_arv table started]
[2025-04-28 02:19:01,146: INFO: stg_records_deletion_process: Deletion of ods_migrated records from stg_pmtct_enrollment table started]
[2025-04-28 02:19:01,147: INFO: stg_records_deletion_process: Deletion of ods_migrated records from stg_pmtct_delivery table started]
[2025-04-28 02:19:01,148: INFO: stg_records_deletion_process: Deletion of ods_migrated records from stg_patient_visit table started]
[2025-04-28 02:19:01,151: INFO: stg_records_deletion_process: Deletion of ods_migrated records from stg_pmtct_anc table started]
[2025-04-28 02:19:02,576: INFO: stg_records_deletion_process: Deletion of ods_migrated records from stg_pmtct_infant_arv table completed]
[2025-04-28 02:19:02,605: INFO: stg_records_deletion_process: Deletion of ods_migrated records from stg_pmtct_enrollment table completed]
[2025-04-28 02:19:02,699: INFO: stg_records_deletion_process: Deletion of ods_migrated records from stg_pmtct_delivery table completed]
[2025-04-28 02:19:02,774: INFO: stg_records_deletion_process: Deletion of ods_migrated records from stg_pmtct_anc table completed]
[2025-04-28 02:19:02,835: INFO: stg_records_deletion_process: Deletion of ods_migrated records from stg_patient_visit table completed]
[2025-04-28 02:19:02,857: INFO: stg_records_deletion_process: Deletion of ods_migrated records from stg_pmtct_infant_rapid_antibody table started]
[2025-04-28 02:19:02,859: INFO: stg_records_deletion_process: Deletion of ods_migrated records from stg_pmtct_infant_mother_art table started]
[2025-04-28 02:19:02,860: INFO: stg_records_deletion_process: Deletion of ods_migrated records from stg_pmtct_infant_visit table started]
[2025-04-28 02:19:02,861: INFO: stg_records_deletion_process: Deletion of ods_migrated records from stg_pmtct_infant_pcr table started]
[2025-04-28 02:19:02,862: INFO: stg_records_deletion_process: Deletion of ods_migrated records from stg_pmtct_infant_information table started]
[2025-04-28 02:19:04,272: INFO: stg_records_deletion_process: Deletion of ods_migrated records from stg_pmtct_infant_mother_art table completed]
[2025-04-28 02:19:04,291: INFO: stg_records_deletion_process: Deletion of ods_migrated records from stg_pmtct_infant_visit table completed]
[2025-04-28 02:19:04,294: INFO: stg_records_deletion_process: Deletion of ods_migrated records from stg_pmtct_infant_information table completed]
[2025-04-28 02:19:04,296: INFO: stg_records_deletion_process: Deletion of ods_migrated records from stg_pmtct_infant_rapid_antibody table completed]
[2025-04-28 02:19:04,370: INFO: stg_records_deletion_process: Deletion of ods_migrated records from stg_pmtct_infant_pcr table completed]
[2025-04-28 02:19:04,389: INFO: stg_records_deletion_process: Deletion of ods_migrated records from stg_prep_interruption table started]
[2025-04-28 02:19:04,393: INFO: stg_records_deletion_process: Deletion of ods_migrated records from stg_prep_enrollment table started]
[2025-04-28 02:19:04,394: INFO: stg_records_deletion_process: Deletion of ods_migrated records from stg_pmtct_mother_visitation table started]
[2025-04-28 02:19:04,395: INFO: stg_records_deletion_process: Deletion of ods_migrated records from stg_prep_eligibility table started]
[2025-04-28 02:19:04,396: INFO: stg_records_deletion_process: Deletion of ods_migrated records from stg_prep_clinic table started]
[2025-04-28 02:19:05,809: INFO: stg_records_deletion_process: Deletion of ods_migrated records from stg_prep_interruption table completed]
[2025-04-28 02:19:05,866: INFO: stg_records_deletion_process: Deletion of ods_migrated records from stg_pmtct_mother_visitation table completed]
[2025-04-28 02:19:05,866: INFO: stg_records_deletion_process: Deletion of ods_migrated records from stg_prep_enrollment table completed]
[2025-04-28 02:19:06,025: INFO: stg_records_deletion_process: Deletion of ods_migrated records from stg_prep_clinic table completed]
[2025-04-28 02:19:06,067: INFO: stg_records_deletion_process: Deletion of ods_migrated records from stg_prep_eligibility table completed]
[2025-04-28 02:19:06,086: INFO: stg_records_deletion_process: Deletion of ods_migrated records from stg_triage_vital_sign table started]
[2025-04-28 02:19:07,619: INFO: stg_records_deletion_process: Deletion of ods_migrated records from stg_triage_vital_sign table completed]
[2025-04-28 02:19:07,638: INFO: stg_records_deletion_process: Deletion of records with Y processed status on stg_monitoring table completed]
2025-04-28 02:19:07: Pipeline completed successfully.
2025-04-28 03:00:01: Starting the pipeline...
Traceback (most recent call last):
  File "/home/lamisplus/ingestion_pipeline/records_deletion/stg_records_deletion_process.py", line 3, in <module>
    from src import logger
ImportError: cannot import name 'logger' from 'src' (unknown location)
2025-04-28 03:00:01: Pipeline failed. See log file for details.
2025-04-29 02:00:01: Starting the pipeline...
[2025-04-29 02:00:02,119: INFO: stg_records_deletion_process: DPID_20250429_02_00]
[2025-04-29 02:00:02,120: INFO: stg_records_deletion_process: Job Started]
[2025-04-29 02:00:02,121: INFO: stg_records_deletion_process: Deletion of records with Y processed status on stg_monitoring table started]
[2025-04-29 02:00:02,140: INFO: stg_records_deletion_process: Deletion of ods_migrated records from stg_base_organisation_unit_identifier table started]
[2025-04-29 02:00:02,141: INFO: stg_records_deletion_process: Deletion of ods_migrated records from stg_base_application_codeset table started]
[2025-04-29 02:00:02,141: INFO: stg_records_deletion_process: Deletion of ods_migrated records from stg_biometric table started]
[2025-04-29 02:00:02,142: INFO: stg_records_deletion_process: Deletion of ods_migrated records from stg_case_manager table started]
[2025-04-29 02:00:02,151: INFO: stg_records_deletion_process: Deletion of ods_migrated records from stg_base_organisation_unit table started]
[2025-04-29 02:00:02,719: INFO: stg_records_deletion_process: Deletion of ods_migrated records from stg_base_organisation_unit_identifier table completed]
[2025-04-29 02:00:04,118: INFO: stg_records_deletion_process: Deletion of ods_migrated records from stg_case_manager table completed]
[2025-04-29 02:00:04,412: INFO: stg_records_deletion_process: Deletion of ods_migrated records from stg_base_organisation_unit table completed]
[2025-04-29 02:00:05,255: INFO: stg_records_deletion_process: Deletion of ods_migrated records from stg_base_application_codeset table completed]
[2025-04-29 02:04:20,405: INFO: stg_records_deletion_process: Deletion of ods_migrated records from stg_biometric table completed]
[2025-04-29 02:04:20,430: INFO: stg_records_deletion_process: Deletion of ods_migrated records from stg_hiv_art_pharmacy table started]
[2025-04-29 02:04:20,432: INFO: stg_records_deletion_process: Deletion of ods_migrated records from stg_dsd_devolvement table started]
[2025-04-29 02:04:20,433: INFO: stg_records_deletion_process: Deletion of ods_migrated records from stg_case_manager_patients table started]
[2025-04-29 02:04:20,436: INFO: stg_records_deletion_process: Deletion of ods_migrated records from stg_hiv_art_clinical table started]
[2025-04-29 02:04:20,437: INFO: stg_records_deletion_process: Deletion of ods_migrated records from stg_hiv_art_pharmacy_regimens table started]
[2025-04-29 02:04:22,869: INFO: stg_records_deletion_process: Deletion of ods_migrated records from stg_case_manager_patients table completed]
[2025-04-29 02:04:23,910: INFO: stg_records_deletion_process: Deletion of ods_migrated records from stg_dsd_devolvement table completed]
[2025-04-29 02:04:50,782: INFO: stg_records_deletion_process: Deletion of ods_migrated records from stg_hiv_art_pharmacy table completed]
[2025-04-29 02:07:09,990: INFO: stg_records_deletion_process: Deletion of ods_migrated records from stg_hiv_art_pharmacy_regimens table completed]
[2025-04-29 02:12:45,676: INFO: stg_records_deletion_process: Deletion of ods_migrated records from stg_hiv_art_clinical table completed]
[2025-04-29 02:12:45,714: INFO: stg_records_deletion_process: Deletion of ods_migrated records from stg_hiv_eac_session table started]
[2025-04-29 02:12:45,716: INFO: stg_records_deletion_process: Deletion of ods_migrated records from stg_hiv_enrollment table started]
[2025-04-29 02:12:45,717: INFO: stg_records_deletion_process: Deletion of ods_migrated records from stg_hiv_eac_out_come table started]
[2025-04-29 02:12:45,718: INFO: stg_records_deletion_process: Deletion of ods_migrated records from stg_hiv_eac table started]
[2025-04-29 02:12:45,720: INFO: stg_records_deletion_process: Deletion of ods_migrated records from stg_hiv_observation table started]
[2025-04-29 02:12:48,492: INFO: stg_records_deletion_process: Deletion of ods_migrated records from stg_hiv_eac_out_come table completed]
[2025-04-29 02:12:49,033: INFO: stg_records_deletion_process: Deletion of ods_migrated records from stg_hiv_eac_session table completed]
[2025-04-29 02:12:49,033: INFO: stg_records_deletion_process: Deletion of ods_migrated records from stg_hiv_eac table completed]
[2025-04-29 02:13:09,496: INFO: stg_records_deletion_process: Deletion of ods_migrated records from stg_hiv_enrollment table completed]
[2025-04-29 02:16:43,877: INFO: stg_records_deletion_process: Deletion of ods_migrated records from stg_hiv_observation table completed]
[2025-04-29 02:16:43,894: INFO: stg_records_deletion_process: Deletion of ods_migrated records from stg_hiv_status_tracker table started]
[2025-04-29 02:16:43,897: INFO: stg_records_deletion_process: Deletion of ods_migrated records from stg_hiv_regimen_type table started]
[2025-04-29 02:16:43,900: INFO: stg_records_deletion_process: Deletion of ods_migrated records from stg_hts_client table started]
[2025-04-29 02:16:43,902: INFO: stg_records_deletion_process: Deletion of ods_migrated records from stg_hiv_regimen table started]
[2025-04-29 02:16:43,905: INFO: stg_records_deletion_process: Deletion of ods_migrated records from stg_hiv_regimen_resolver table started]
[2025-04-29 02:16:47,035: INFO: stg_records_deletion_process: Deletion of ods_migrated records from stg_hiv_regimen_resolver table completed]
[2025-04-29 02:16:47,048: INFO: stg_records_deletion_process: Deletion of ods_migrated records from stg_hiv_regimen_type table completed]
[2025-04-29 02:16:47,082: INFO: stg_records_deletion_process: Deletion of ods_migrated records from stg_hiv_regimen table completed]
[2025-04-29 02:21:16,453: INFO: stg_records_deletion_process: Deletion of ods_migrated records from stg_hiv_status_tracker table completed]
[2025-04-29 02:25:20,235: INFO: stg_records_deletion_process: Deletion of ods_migrated records from stg_hts_client table completed]
[2025-04-29 02:25:20,260: INFO: stg_records_deletion_process: Deletion of ods_migrated records from stg_hts_client_referral table started]
[2025-04-29 02:25:20,261: INFO: stg_records_deletion_process: Deletion of ods_migrated records from stg_hts_index_elicitation table started]
[2025-04-29 02:25:20,262: INFO: stg_records_deletion_process: Deletion of ods_migrated records from stg_laboratory_labtest table started]
[2025-04-29 02:25:20,262: INFO: stg_records_deletion_process: Deletion of ods_migrated records from stg_laboratory_order table started]
[2025-04-29 02:25:20,265: INFO: stg_records_deletion_process: Deletion of ods_migrated records from stg_hts_risk_stratification table started]
[2025-04-29 02:25:23,693: INFO: stg_records_deletion_process: Deletion of ods_migrated records from stg_laboratory_labtest table completed]
[2025-04-29 02:25:23,766: INFO: stg_records_deletion_process: Deletion of ods_migrated records from stg_hts_client_referral table completed]
[2025-04-29 02:25:23,997: INFO: stg_records_deletion_process: Deletion of ods_migrated records from stg_hts_index_elicitation table completed]
[2025-04-29 02:25:26,674: INFO: stg_records_deletion_process: Deletion of ods_migrated records from stg_laboratory_order table completed]
[2025-04-29 02:25:28,841: INFO: stg_records_deletion_process: Deletion of ods_migrated records from stg_hts_risk_stratification table completed]
[2025-04-29 02:25:28,856: INFO: stg_records_deletion_process: Deletion of ods_migrated records from stg_laboratory_sample table started]
[2025-04-29 02:25:28,862: INFO: stg_records_deletion_process: Deletion of ods_migrated records from stg_laboratory_result table started]
[2025-04-29 02:25:28,863: INFO: stg_records_deletion_process: Deletion of ods_migrated records from stg_patient_encounter table started]
[2025-04-29 02:25:28,864: INFO: stg_records_deletion_process: Deletion of ods_migrated records from stg_laboratory_test table started]
[2025-04-29 02:25:28,868: INFO: stg_records_deletion_process: Deletion of ods_migrated records from stg_patient_person table started]
[2025-04-29 02:25:36,930: INFO: stg_records_deletion_process: Deletion of ods_migrated records from stg_patient_encounter table completed]
[2025-04-29 02:25:37,174: INFO: stg_records_deletion_process: Deletion of ods_migrated records from stg_laboratory_sample table completed]
[2025-04-29 02:25:37,250: INFO: stg_records_deletion_process: Deletion of ods_migrated records from stg_laboratory_test table completed]
[2025-04-29 02:25:37,263: INFO: stg_records_deletion_process: Deletion of ods_migrated records from stg_laboratory_result table completed]
[2025-04-29 02:25:58,365: INFO: stg_records_deletion_process: Deletion of ods_migrated records from stg_patient_person table completed]
[2025-04-29 02:25:58,390: INFO: stg_records_deletion_process: Deletion of ods_migrated records from stg_pmtct_anc table started]
[2025-04-29 02:25:58,391: INFO: stg_records_deletion_process: Deletion of ods_migrated records from stg_pmtct_enrollment table started]
[2025-04-29 02:25:58,392: INFO: stg_records_deletion_process: Deletion of ods_migrated records from stg_patient_visit table started]
[2025-04-29 02:25:58,397: INFO: stg_records_deletion_process: Deletion of ods_migrated records from stg_pmtct_infant_arv table started]
[2025-04-29 02:25:58,402: INFO: stg_records_deletion_process: Deletion of ods_migrated records from stg_pmtct_delivery table started]
[2025-04-29 02:25:59,896: INFO: stg_records_deletion_process: Deletion of ods_migrated records from stg_pmtct_infant_arv table completed]
[2025-04-29 02:25:59,995: INFO: stg_records_deletion_process: Deletion of ods_migrated records from stg_pmtct_delivery table completed]
[2025-04-29 02:26:00,057: INFO: stg_records_deletion_process: Deletion of ods_migrated records from stg_pmtct_enrollment table completed]
[2025-04-29 02:26:00,431: INFO: stg_records_deletion_process: Deletion of ods_migrated records from stg_pmtct_anc table completed]
[2025-04-29 02:26:17,203: INFO: stg_records_deletion_process: Deletion of ods_migrated records from stg_patient_visit table completed]
[2025-04-29 02:26:17,223: INFO: stg_records_deletion_process: Deletion of ods_migrated records from stg_pmtct_infant_information table started]
[2025-04-29 02:26:17,224: INFO: stg_records_deletion_process: Deletion of ods_migrated records from stg_pmtct_infant_pcr table started]
[2025-04-29 02:26:17,226: INFO: stg_records_deletion_process: Deletion of ods_migrated records from stg_pmtct_infant_mother_art table started]
[2025-04-29 02:26:17,228: INFO: stg_records_deletion_process: Deletion of ods_migrated records from stg_pmtct_infant_rapid_antibody table started]
[2025-04-29 02:26:17,233: INFO: stg_records_deletion_process: Deletion of ods_migrated records from stg_pmtct_infant_visit table started]
[2025-04-29 02:26:18,746: INFO: stg_records_deletion_process: Deletion of ods_migrated records from stg_pmtct_infant_pcr table completed]
[2025-04-29 02:26:18,746: INFO: stg_records_deletion_process: Deletion of ods_migrated records from stg_pmtct_infant_visit table completed]
[2025-04-29 02:26:18,747: INFO: stg_records_deletion_process: Deletion of ods_migrated records from stg_pmtct_infant_mother_art table completed]
[2025-04-29 02:26:18,767: INFO: stg_records_deletion_process: Deletion of ods_migrated records from stg_pmtct_infant_rapid_antibody table completed]
[2025-04-29 02:26:18,891: INFO: stg_records_deletion_process: Deletion of ods_migrated records from stg_pmtct_infant_information table completed]
[2025-04-29 02:26:18,914: INFO: stg_records_deletion_process: Deletion of ods_migrated records from stg_prep_clinic table started]
[2025-04-29 02:26:18,917: INFO: stg_records_deletion_process: Deletion of ods_migrated records from stg_pmtct_mother_visitation table started]
[2025-04-29 02:26:18,918: INFO: stg_records_deletion_process: Deletion of ods_migrated records from stg_prep_enrollment table started]
[2025-04-29 02:26:18,918: INFO: stg_records_deletion_process: Deletion of ods_migrated records from stg_prep_eligibility table started]
[2025-04-29 02:26:18,919: INFO: stg_records_deletion_process: Deletion of ods_migrated records from stg_prep_interruption table started]
[2025-04-29 02:26:20,388: INFO: stg_records_deletion_process: Deletion of ods_migrated records from stg_prep_interruption table completed]
[2025-04-29 02:26:20,508: INFO: stg_records_deletion_process: Deletion of ods_migrated records from stg_pmtct_mother_visitation table completed]
[2025-04-29 02:26:20,661: INFO: stg_records_deletion_process: Deletion of ods_migrated records from stg_prep_eligibility table completed]
[2025-04-29 02:26:20,748: INFO: stg_records_deletion_process: Deletion of ods_migrated records from stg_prep_clinic table completed]
[2025-04-29 02:26:21,225: INFO: stg_records_deletion_process: Deletion of ods_migrated records from stg_prep_enrollment table completed]
[2025-04-29 02:26:21,247: INFO: stg_records_deletion_process: Deletion of ods_migrated records from stg_triage_vital_sign table started]
[2025-04-29 02:26:26,258: INFO: stg_records_deletion_process: Deletion of ods_migrated records from stg_triage_vital_sign table completed]
[2025-04-29 02:26:26,284: INFO: stg_records_deletion_process: Deletion of records with Y processed status on stg_monitoring table completed]
2025-04-29 02:26:26: Pipeline completed successfully.
2025-04-30 02:00:01: Starting the pipeline...
[2025-04-30 02:00:01,757: INFO: stg_records_deletion_process: DPID_20250430_02_00]
[2025-04-30 02:00:01,758: INFO: stg_records_deletion_process: Job Started]
[2025-04-30 02:00:01,758: INFO: stg_records_deletion_process: Deletion of records with Y processed status on stg_monitoring table started]
[2025-04-30 02:00:01,778: INFO: stg_records_deletion_process: Deletion of ods_migrated records from stg_base_organisation_unit_identifier table started]
[2025-04-30 02:00:01,779: INFO: stg_records_deletion_process: Deletion of ods_migrated records from stg_base_application_codeset table started]
[2025-04-30 02:00:01,782: INFO: stg_records_deletion_process: Deletion of ods_migrated records from stg_base_organisation_unit table started]
[2025-04-30 02:00:01,783: INFO: stg_records_deletion_process: Deletion of ods_migrated records from stg_case_manager table started]
[2025-04-30 02:00:01,788: INFO: stg_records_deletion_process: Deletion of ods_migrated records from stg_biometric table started]
[2025-04-30 02:00:02,376: INFO: stg_records_deletion_process: Deletion of ods_migrated records from stg_base_organisation_unit_identifier table completed]
[2025-04-30 02:00:03,827: INFO: stg_records_deletion_process: Deletion of ods_migrated records from stg_case_manager table completed]
[2025-04-30 02:00:04,375: INFO: stg_records_deletion_process: Deletion of ods_migrated records from stg_base_organisation_unit table completed]
[2025-04-30 02:00:05,131: INFO: stg_records_deletion_process: Deletion of ods_migrated records from stg_base_application_codeset table completed]
[2025-04-30 02:04:24,768: INFO: stg_records_deletion_process: Deletion of ods_migrated records from stg_biometric table completed]
[2025-04-30 02:04:24,791: INFO: stg_records_deletion_process: Deletion of ods_migrated records from stg_dsd_devolvement table started]
[2025-04-30 02:04:24,791: INFO: stg_records_deletion_process: Deletion of ods_migrated records from stg_hiv_art_pharmacy_regimens table started]
[2025-04-30 02:04:24,793: INFO: stg_records_deletion_process: Deletion of ods_migrated records from stg_hiv_art_clinical table started]
[2025-04-30 02:04:24,794: INFO: stg_records_deletion_process: Deletion of ods_migrated records from stg_case_manager_patients table started]
[2025-04-30 02:04:24,796: INFO: stg_records_deletion_process: Deletion of ods_migrated records from stg_hiv_art_pharmacy table started]
[2025-04-30 02:04:28,596: INFO: stg_records_deletion_process: Deletion of ods_migrated records from stg_case_manager_patients table completed]
[2025-04-30 02:04:35,482: INFO: stg_records_deletion_process: Deletion of ods_migrated records from stg_dsd_devolvement table completed]
[2025-04-30 02:05:01,767: INFO: stg_records_deletion_process: Deletion of ods_migrated records from stg_hiv_art_pharmacy table completed]
[2025-04-30 02:07:23,488: INFO: stg_records_deletion_process: Deletion of ods_migrated records from stg_hiv_art_pharmacy_regimens table completed]
[2025-04-30 02:13:01,779: INFO: stg_records_deletion_process: Deletion of ods_migrated records from stg_hiv_art_clinical table completed]
[2025-04-30 02:13:01,795: INFO: stg_records_deletion_process: Deletion of ods_migrated records from stg_hiv_eac_out_come table started]
[2025-04-30 02:13:01,801: INFO: stg_records_deletion_process: Deletion of ods_migrated records from stg_hiv_observation table started]
[2025-04-30 02:13:01,801: INFO: stg_records_deletion_process: Deletion of ods_migrated records from stg_hiv_eac_session table started]
[2025-04-30 02:13:01,802: INFO: stg_records_deletion_process: Deletion of ods_migrated records from stg_hiv_eac table started]
[2025-04-30 02:13:01,804: INFO: stg_records_deletion_process: Deletion of ods_migrated records from stg_hiv_enrollment table started]
[2025-04-30 02:13:05,021: INFO: stg_records_deletion_process: Deletion of ods_migrated records from stg_hiv_eac_out_come table completed]
[2025-04-30 02:13:05,410: INFO: stg_records_deletion_process: Deletion of ods_migrated records from stg_hiv_eac table completed]
[2025-04-30 02:13:05,496: INFO: stg_records_deletion_process: Deletion of ods_migrated records from stg_hiv_eac_session table completed]
[2025-04-30 02:13:26,937: INFO: stg_records_deletion_process: Deletion of ods_migrated records from stg_hiv_enrollment table completed]
[2025-04-30 02:17:12,713: INFO: stg_records_deletion_process: Deletion of ods_migrated records from stg_hiv_observation table completed]
[2025-04-30 02:17:12,740: INFO: stg_records_deletion_process: Deletion of ods_migrated records from stg_hiv_regimen_resolver table started]
[2025-04-30 02:17:12,741: INFO: stg_records_deletion_process: Deletion of ods_migrated records from stg_hiv_status_tracker table started]
[2025-04-30 02:17:12,741: INFO: stg_records_deletion_process: Deletion of ods_migrated records from stg_hts_client table started]
[2025-04-30 02:17:12,742: INFO: stg_records_deletion_process: Deletion of ods_migrated records from stg_hiv_regimen_type table started]
[2025-04-30 02:17:12,743: INFO: stg_records_deletion_process: Deletion of ods_migrated records from stg_hiv_regimen table started]
[2025-04-30 02:17:15,785: INFO: stg_records_deletion_process: Deletion of ods_migrated records from stg_hiv_regimen_type table completed]
[2025-04-30 02:17:15,786: INFO: stg_records_deletion_process: Deletion of ods_migrated records from stg_hiv_regimen_resolver table completed]
[2025-04-30 02:17:15,980: INFO: stg_records_deletion_process: Deletion of ods_migrated records from stg_hiv_regimen table completed]
[2025-04-30 02:21:59,290: INFO: stg_records_deletion_process: Deletion of ods_migrated records from stg_hiv_status_tracker table completed]
[2025-04-30 02:26:18,510: INFO: stg_records_deletion_process: Deletion of ods_migrated records from stg_hts_client table completed]
[2025-04-30 02:26:18,529: INFO: stg_records_deletion_process: Deletion of ods_migrated records from stg_hts_client_referral table started]
[2025-04-30 02:26:18,534: INFO: stg_records_deletion_process: Deletion of ods_migrated records from stg_laboratory_order table started]
[2025-04-30 02:26:18,535: INFO: stg_records_deletion_process: Deletion of ods_migrated records from stg_laboratory_labtest table started]
[2025-04-30 02:26:18,538: INFO: stg_records_deletion_process: Deletion of ods_migrated records from stg_hts_risk_stratification table started]
[2025-04-30 02:26:18,539: INFO: stg_records_deletion_process: Deletion of ods_migrated records from stg_hts_index_elicitation table started]
[2025-04-30 02:26:21,313: INFO: stg_records_deletion_process: Deletion of ods_migrated records from stg_hts_client_referral table completed]
[2025-04-30 02:26:21,349: INFO: stg_records_deletion_process: Deletion of ods_migrated records from stg_laboratory_labtest table completed]
[2025-04-30 02:26:21,439: INFO: stg_records_deletion_process: Deletion of ods_migrated records from stg_hts_index_elicitation table completed]
[2025-04-30 02:26:24,191: INFO: stg_records_deletion_process: Deletion of ods_migrated records from stg_laboratory_order table completed]
[2025-04-30 02:26:42,556: INFO: stg_records_deletion_process: Deletion of ods_migrated records from stg_hts_risk_stratification table completed]
[2025-04-30 02:26:42,578: INFO: stg_records_deletion_process: Deletion of ods_migrated records from stg_laboratory_sample table started]
[2025-04-30 02:26:42,580: INFO: stg_records_deletion_process: Deletion of ods_migrated records from stg_patient_person table started]
[2025-04-30 02:26:42,581: INFO: stg_records_deletion_process: Deletion of ods_migrated records from stg_patient_encounter table started]
[2025-04-30 02:26:42,582: INFO: stg_records_deletion_process: Deletion of ods_migrated records from stg_laboratory_result table started]
[2025-04-30 02:26:42,583: INFO: stg_records_deletion_process: Deletion of ods_migrated records from stg_laboratory_test table started]
[2025-04-30 02:26:51,758: INFO: stg_records_deletion_process: Deletion of ods_migrated records from stg_patient_encounter table completed]
[2025-04-30 02:26:53,396: INFO: stg_records_deletion_process: Deletion of ods_migrated records from stg_laboratory_sample table completed]
[2025-04-30 02:26:54,566: INFO: stg_records_deletion_process: Deletion of ods_migrated records from stg_laboratory_result table completed]
[2025-04-30 02:26:57,022: INFO: stg_records_deletion_process: Deletion of ods_migrated records from stg_laboratory_test table completed]
[2025-04-30 02:27:20,438: INFO: stg_records_deletion_process: Deletion of ods_migrated records from stg_patient_person table completed]
[2025-04-30 02:27:20,456: INFO: stg_records_deletion_process: Deletion of ods_migrated records from stg_pmtct_enrollment table started]
[2025-04-30 02:27:20,457: INFO: stg_records_deletion_process: Deletion of ods_migrated records from stg_patient_visit table started]
[2025-04-30 02:27:20,460: INFO: stg_records_deletion_process: Deletion of ods_migrated records from stg_pmtct_delivery table started]
[2025-04-30 02:27:20,461: INFO: stg_records_deletion_process: Deletion of ods_migrated records from stg_pmtct_anc table started]
[2025-04-30 02:27:20,466: INFO: stg_records_deletion_process: Deletion of ods_migrated records from stg_pmtct_infant_arv table started]
[2025-04-30 02:27:22,064: INFO: stg_records_deletion_process: Deletion of ods_migrated records from stg_pmtct_infant_arv table completed]
[2025-04-30 02:27:22,235: INFO: stg_records_deletion_process: Deletion of ods_migrated records from stg_pmtct_enrollment table completed]
[2025-04-30 02:27:22,245: INFO: stg_records_deletion_process: Deletion of ods_migrated records from stg_pmtct_delivery table completed]
[2025-04-30 02:27:22,650: INFO: stg_records_deletion_process: Deletion of ods_migrated records from stg_pmtct_anc table completed]
[2025-04-30 02:27:42,803: INFO: stg_records_deletion_process: Deletion of ods_migrated records from stg_patient_visit table completed]
[2025-04-30 02:27:42,824: INFO: stg_records_deletion_process: Deletion of ods_migrated records from stg_pmtct_infant_pcr table started]
[2025-04-30 02:27:42,825: INFO: stg_records_deletion_process: Deletion of ods_migrated records from stg_pmtct_infant_rapid_antibody table started]
[2025-04-30 02:27:42,826: INFO: stg_records_deletion_process: Deletion of ods_migrated records from stg_pmtct_infant_visit table started]
[2025-04-30 02:27:42,829: INFO: stg_records_deletion_process: Deletion of ods_migrated records from stg_pmtct_infant_information table started]
[2025-04-30 02:27:42,830: INFO: stg_records_deletion_process: Deletion of ods_migrated records from stg_pmtct_infant_mother_art table started]
[2025-04-30 02:27:44,371: INFO: stg_records_deletion_process: Deletion of ods_migrated records from stg_pmtct_infant_rapid_antibody table completed]
[2025-04-30 02:27:44,405: INFO: stg_records_deletion_process: Deletion of ods_migrated records from stg_pmtct_infant_visit table completed]
[2025-04-30 02:27:44,465: INFO: stg_records_deletion_process: Deletion of ods_migrated records from stg_pmtct_infant_pcr table completed]
[2025-04-30 02:27:44,490: INFO: stg_records_deletion_process: Deletion of ods_migrated records from stg_pmtct_infant_information table completed]
[2025-04-30 02:27:44,544: INFO: stg_records_deletion_process: Deletion of ods_migrated records from stg_pmtct_infant_mother_art table completed]
[2025-04-30 02:27:44,567: INFO: stg_records_deletion_process: Deletion of ods_migrated records from stg_prep_enrollment table started]
[2025-04-30 02:27:44,567: INFO: stg_records_deletion_process: Deletion of ods_migrated records from stg_prep_eligibility table started]
[2025-04-30 02:27:44,568: INFO: stg_records_deletion_process: Deletion of ods_migrated records from stg_prep_clinic table started]
[2025-04-30 02:27:44,569: INFO: stg_records_deletion_process: Deletion of ods_migrated records from stg_pmtct_mother_visitation table started]
[2025-04-30 02:27:44,570: INFO: stg_records_deletion_process: Deletion of ods_migrated records from stg_prep_interruption table started]
[2025-04-30 02:27:46,144: INFO: stg_records_deletion_process: Deletion of ods_migrated records from stg_prep_interruption table completed]
[2025-04-30 02:27:46,235: INFO: stg_records_deletion_process: Deletion of ods_migrated records from stg_pmtct_mother_visitation table completed]
[2025-04-30 02:27:46,527: INFO: stg_records_deletion_process: Deletion of ods_migrated records from stg_prep_clinic table completed]
[2025-04-30 02:27:46,551: INFO: stg_records_deletion_process: Deletion of ods_migrated records from stg_prep_eligibility table completed]
[2025-04-30 02:27:46,945: INFO: stg_records_deletion_process: Deletion of ods_migrated records from stg_prep_enrollment table completed]
[2025-04-30 02:27:46,965: INFO: stg_records_deletion_process: Deletion of ods_migrated records from stg_triage_vital_sign table started]
[2025-04-30 02:28:07,411: INFO: stg_records_deletion_process: Deletion of ods_migrated records from stg_triage_vital_sign table completed]
[2025-04-30 02:28:07,436: INFO: stg_records_deletion_process: Deletion of records with Y processed status on stg_monitoring table completed]
2025-04-30 02:28:08: Pipeline completed successfully.
2025-05-01 02:00:01: Starting the pipeline...
[2025-05-01 02:00:01,914: INFO: stg_records_deletion_process: DPID_20250501_02_00]
[2025-05-01 02:00:01,915: INFO: stg_records_deletion_process: Job Started]
[2025-05-01 02:00:01,915: INFO: stg_records_deletion_process: Deletion of records with Y processed status on stg_monitoring table started]
[2025-05-01 02:00:01,929: INFO: stg_records_deletion_process: Deletion of ods_migrated records from stg_base_application_codeset table started]
[2025-05-01 02:00:01,934: INFO: stg_records_deletion_process: Deletion of ods_migrated records from stg_base_organisation_unit_identifier table started]
[2025-05-01 02:00:01,935: INFO: stg_records_deletion_process: Deletion of ods_migrated records from stg_base_organisation_unit table started]
[2025-05-01 02:00:01,937: INFO: stg_records_deletion_process: Deletion of ods_migrated records from stg_biometric table started]
[2025-05-01 02:00:01,938: INFO: stg_records_deletion_process: Deletion of ods_migrated records from stg_case_manager table started]
[2025-05-01 02:00:02,517: INFO: stg_records_deletion_process: Deletion of ods_migrated records from stg_base_organisation_unit_identifier table completed]
[2025-05-01 02:00:04,136: INFO: stg_records_deletion_process: Deletion of ods_migrated records from stg_case_manager table completed]
[2025-05-01 02:00:05,020: INFO: stg_records_deletion_process: Deletion of ods_migrated records from stg_base_organisation_unit table completed]
[2025-05-01 02:00:06,130: INFO: stg_records_deletion_process: Deletion of ods_migrated records from stg_base_application_codeset table completed]
[2025-05-01 02:04:38,210: INFO: stg_records_deletion_process: Deletion of ods_migrated records from stg_biometric table completed]
[2025-05-01 02:04:38,228: INFO: stg_records_deletion_process: Deletion of ods_migrated records from stg_case_manager_patients table started]
[2025-05-01 02:04:38,229: INFO: stg_records_deletion_process: Deletion of ods_migrated records from stg_dsd_devolvement table started]
[2025-05-01 02:04:38,233: INFO: stg_records_deletion_process: Deletion of ods_migrated records from stg_hiv_art_pharmacy_regimens table started]
[2025-05-01 02:04:38,234: INFO: stg_records_deletion_process: Deletion of ods_migrated records from stg_hiv_art_pharmacy table started]
[2025-05-01 02:04:38,235: INFO: stg_records_deletion_process: Deletion of ods_migrated records from stg_hiv_art_clinical table started]
[2025-05-01 02:04:40,535: INFO: stg_records_deletion_process: Deletion of ods_migrated records from stg_case_manager_patients table completed]
[2025-05-01 02:04:41,778: INFO: stg_records_deletion_process: Deletion of ods_migrated records from stg_dsd_devolvement table completed]
[2025-05-01 02:05:07,770: INFO: stg_records_deletion_process: Deletion of ods_migrated records from stg_hiv_art_pharmacy table completed]
[2025-05-01 02:07:45,051: INFO: stg_records_deletion_process: Deletion of ods_migrated records from stg_hiv_art_pharmacy_regimens table completed]
[2025-05-01 02:13:25,523: INFO: stg_records_deletion_process: Deletion of ods_migrated records from stg_hiv_art_clinical table completed]
[2025-05-01 02:13:25,555: INFO: stg_records_deletion_process: Deletion of ods_migrated records from stg_hiv_observation table started]
[2025-05-01 02:13:25,556: INFO: stg_records_deletion_process: Deletion of ods_migrated records from stg_hiv_eac table started]
[2025-05-01 02:13:25,557: INFO: stg_records_deletion_process: Deletion of ods_migrated records from stg_hiv_enrollment table started]
[2025-05-01 02:13:25,557: INFO: stg_records_deletion_process: Deletion of ods_migrated records from stg_hiv_eac_session table started]
[2025-05-01 02:13:25,559: INFO: stg_records_deletion_process: Deletion of ods_migrated records from stg_hiv_eac_out_come table started]
[2025-05-01 02:13:27,588: INFO: stg_records_deletion_process: Deletion of ods_migrated records from stg_hiv_eac_out_come table completed]
[2025-05-01 02:13:28,037: INFO: stg_records_deletion_process: Deletion of ods_migrated records from stg_hiv_eac table completed]
[2025-05-01 02:13:28,134: INFO: stg_records_deletion_process: Deletion of ods_migrated records from stg_hiv_eac_session table completed]
[2025-05-01 02:13:49,200: INFO: stg_records_deletion_process: Deletion of ods_migrated records from stg_hiv_enrollment table completed]
[2025-05-01 02:17:31,907: INFO: stg_records_deletion_process: Deletion of ods_migrated records from stg_hiv_observation table completed]
[2025-05-01 02:17:31,930: INFO: stg_records_deletion_process: Deletion of ods_migrated records from stg_hiv_regimen_resolver table started]
[2025-05-01 02:17:31,934: INFO: stg_records_deletion_process: Deletion of ods_migrated records from stg_hiv_status_tracker table started]
[2025-05-01 02:17:31,935: INFO: stg_records_deletion_process: Deletion of ods_migrated records from stg_hts_client table started]
[2025-05-01 02:17:31,936: INFO: stg_records_deletion_process: Deletion of ods_migrated records from stg_hiv_regimen table started]
[2025-05-01 02:17:31,937: INFO: stg_records_deletion_process: Deletion of ods_migrated records from stg_hiv_regimen_type table started]
[2025-05-01 02:17:33,956: INFO: stg_records_deletion_process: Deletion of ods_migrated records from stg_hiv_regimen_type table completed]
[2025-05-01 02:17:34,154: INFO: stg_records_deletion_process: Deletion of ods_migrated records from stg_hiv_regimen table completed]
[2025-05-01 02:17:34,203: INFO: stg_records_deletion_process: Deletion of ods_migrated records from stg_hiv_regimen_resolver table completed]
[2025-05-01 02:22:19,059: INFO: stg_records_deletion_process: Deletion of ods_migrated records from stg_hiv_status_tracker table completed]
[2025-05-01 02:26:28,146: INFO: stg_records_deletion_process: Deletion of ods_migrated records from stg_hts_client table completed]
[2025-05-01 02:26:28,170: INFO: stg_records_deletion_process: Deletion of ods_migrated records from stg_laboratory_labtest table started]
[2025-05-01 02:26:28,171: INFO: stg_records_deletion_process: Deletion of ods_migrated records from stg_hts_index_elicitation table started]
[2025-05-01 02:26:28,172: INFO: stg_records_deletion_process: Deletion of ods_migrated records from stg_hts_risk_stratification table started]
[2025-05-01 02:26:28,173: INFO: stg_records_deletion_process: Deletion of ods_migrated records from stg_hts_client_referral table started]
[2025-05-01 02:26:28,174: INFO: stg_records_deletion_process: Deletion of ods_migrated records from stg_laboratory_order table started]
[2025-05-01 02:26:31,300: INFO: stg_records_deletion_process: Deletion of ods_migrated records from stg_hts_client_referral table completed]
[2025-05-01 02:26:31,415: INFO: stg_records_deletion_process: Deletion of ods_migrated records from stg_laboratory_labtest table completed]
[2025-05-01 02:26:31,643: INFO: stg_records_deletion_process: Deletion of ods_migrated records from stg_hts_index_elicitation table completed]
[2025-05-01 02:26:32,523: INFO: stg_records_deletion_process: Deletion of ods_migrated records from stg_laboratory_order table completed]
[2025-05-01 02:26:34,928: INFO: stg_records_deletion_process: Deletion of ods_migrated records from stg_hts_risk_stratification table completed]
[2025-05-01 02:26:34,952: INFO: stg_records_deletion_process: Deletion of ods_migrated records from stg_patient_person table started]
[2025-05-01 02:26:34,953: INFO: stg_records_deletion_process: Deletion of ods_migrated records from stg_laboratory_result table started]
[2025-05-01 02:26:34,954: INFO: stg_records_deletion_process: Deletion of ods_migrated records from stg_patient_encounter table started]
[2025-05-01 02:26:34,956: INFO: stg_records_deletion_process: Deletion of ods_migrated records from stg_laboratory_sample table started]
[2025-05-01 02:26:34,956: INFO: stg_records_deletion_process: Deletion of ods_migrated records from stg_laboratory_test table started]
[2025-05-01 02:26:39,753: INFO: stg_records_deletion_process: Deletion of ods_migrated records from stg_laboratory_sample table completed]
[2025-05-01 02:26:39,827: INFO: stg_records_deletion_process: Deletion of ods_migrated records from stg_patient_encounter table completed]
[2025-05-01 02:26:39,854: INFO: stg_records_deletion_process: Deletion of ods_migrated records from stg_laboratory_result table completed]
[2025-05-01 02:26:39,935: INFO: stg_records_deletion_process: Deletion of ods_migrated records from stg_laboratory_test table completed]
[2025-05-01 02:27:02,574: INFO: stg_records_deletion_process: Deletion of ods_migrated records from stg_patient_person table completed]
[2025-05-01 02:27:02,589: INFO: stg_records_deletion_process: Deletion of ods_migrated records from stg_pmtct_anc table started]
[2025-05-01 02:27:02,595: INFO: stg_records_deletion_process: Deletion of ods_migrated records from stg_pmtct_infant_arv table started]
[2025-05-01 02:27:02,596: INFO: stg_records_deletion_process: Deletion of ods_migrated records from stg_pmtct_delivery table started]
[2025-05-01 02:27:02,600: INFO: stg_records_deletion_process: Deletion of ods_migrated records from stg_pmtct_enrollment table started]
[2025-05-01 02:27:02,602: INFO: stg_records_deletion_process: Deletion of ods_migrated records from stg_patient_visit table started]
[2025-05-01 02:27:04,484: INFO: stg_records_deletion_process: Deletion of ods_migrated records from stg_pmtct_infant_arv table completed]
[2025-05-01 02:27:04,501: INFO: stg_records_deletion_process: Deletion of ods_migrated records from stg_pmtct_delivery table completed]
[2025-05-01 02:27:04,903: INFO: stg_records_deletion_process: Deletion of ods_migrated records from stg_pmtct_enrollment table completed]
[2025-05-01 02:27:04,909: INFO: stg_records_deletion_process: Deletion of ods_migrated records from stg_pmtct_anc table completed]
[2025-05-01 02:27:07,625: INFO: stg_records_deletion_process: Deletion of ods_migrated records from stg_patient_visit table completed]
[2025-05-01 02:27:07,640: INFO: stg_records_deletion_process: Deletion of ods_migrated records from stg_pmtct_infant_pcr table started]
[2025-05-01 02:27:07,647: INFO: stg_records_deletion_process: Deletion of ods_migrated records from stg_pmtct_infant_rapid_antibody table started]
[2025-05-01 02:27:07,651: INFO: stg_records_deletion_process: Deletion of ods_migrated records from stg_pmtct_infant_information table started]
[2025-05-01 02:27:07,652: INFO: stg_records_deletion_process: Deletion of ods_migrated records from stg_pmtct_infant_mother_art table started]
[2025-05-01 02:27:07,653: INFO: stg_records_deletion_process: Deletion of ods_migrated records from stg_pmtct_infant_visit table started]
[2025-05-01 02:27:09,232: INFO: stg_records_deletion_process: Deletion of ods_migrated records from stg_pmtct_infant_pcr table completed]
[2025-05-01 02:27:09,240: INFO: stg_records_deletion_process: Deletion of ods_migrated records from stg_pmtct_infant_mother_art table completed]
[2025-05-01 02:27:09,425: INFO: stg_records_deletion_process: Deletion of ods_migrated records from stg_pmtct_infant_visit table completed]
[2025-05-01 02:27:09,433: INFO: stg_records_deletion_process: Deletion of ods_migrated records from stg_pmtct_infant_rapid_antibody table completed]
[2025-05-01 02:27:09,456: INFO: stg_records_deletion_process: Deletion of ods_migrated records from stg_pmtct_infant_information table completed]
[2025-05-01 02:27:09,472: INFO: stg_records_deletion_process: Deletion of ods_migrated records from stg_prep_clinic table started]
[2025-05-01 02:27:09,476: INFO: stg_records_deletion_process: Deletion of ods_migrated records from stg_prep_eligibility table started]
[2025-05-01 02:27:09,477: INFO: stg_records_deletion_process: Deletion of ods_migrated records from stg_pmtct_mother_visitation table started]
[2025-05-01 02:27:09,478: INFO: stg_records_deletion_process: Deletion of ods_migrated records from stg_prep_interruption table started]
[2025-05-01 02:27:09,482: INFO: stg_records_deletion_process: Deletion of ods_migrated records from stg_prep_enrollment table started]
[2025-05-01 02:27:11,122: INFO: stg_records_deletion_process: Deletion of ods_migrated records from stg_pmtct_mother_visitation table completed]
[2025-05-01 02:27:11,252: INFO: stg_records_deletion_process: Deletion of ods_migrated records from stg_prep_interruption table completed]
[2025-05-01 02:27:11,314: INFO: stg_records_deletion_process: Deletion of ods_migrated records from stg_prep_eligibility table completed]
[2025-05-01 02:27:11,397: INFO: stg_records_deletion_process: Deletion of ods_migrated records from stg_prep_clinic table completed]
[2025-05-01 02:27:11,460: INFO: stg_records_deletion_process: Deletion of ods_migrated records from stg_prep_enrollment table completed]
[2025-05-01 02:27:11,481: INFO: stg_records_deletion_process: Deletion of ods_migrated records from stg_triage_vital_sign table started]
[2025-05-01 02:27:15,442: INFO: stg_records_deletion_process: Deletion of ods_migrated records from stg_triage_vital_sign table completed]
[2025-05-01 02:27:15,466: INFO: stg_records_deletion_process: Deletion of records with Y processed status on stg_monitoring table completed]
2025-05-01 02:27:16: Pipeline completed successfully.
2025-05-02 02:00:01: Starting the pipeline...
[2025-05-02 02:00:02,073: INFO: stg_records_deletion_process: DPID_20250502_02_00]
[2025-05-02 02:00:02,074: INFO: stg_records_deletion_process: Job Started]
[2025-05-02 02:00:02,074: INFO: stg_records_deletion_process: Deletion of records with Y processed status on stg_monitoring table started]
[2025-05-02 02:00:02,090: INFO: stg_records_deletion_process: Deletion of ods_migrated records from stg_base_application_codeset table started]
[2025-05-02 02:00:02,091: INFO: stg_records_deletion_process: Deletion of ods_migrated records from stg_case_manager table started]
[2025-05-02 02:00:02,092: INFO: stg_records_deletion_process: Deletion of ods_migrated records from stg_base_organisation_unit table started]
[2025-05-02 02:00:02,094: INFO: stg_records_deletion_process: Deletion of ods_migrated records from stg_base_organisation_unit_identifier table started]
[2025-05-02 02:00:02,103: INFO: stg_records_deletion_process: Deletion of ods_migrated records from stg_biometric table started]
[2025-05-02 02:00:02,599: INFO: stg_records_deletion_process: Deletion of ods_migrated records from stg_base_organisation_unit_identifier table completed]
[2025-05-02 02:00:04,471: INFO: stg_records_deletion_process: Deletion of ods_migrated records from stg_case_manager table completed]
[2025-05-02 02:00:06,246: INFO: stg_records_deletion_process: Deletion of ods_migrated records from stg_base_organisation_unit table completed]
[2025-05-02 02:00:06,572: INFO: stg_records_deletion_process: Deletion of ods_migrated records from stg_base_application_codeset table completed]
[2025-05-02 02:00:19,351: INFO: stg_records_deletion_process: Deletion of ods_migrated records from stg_biometric table completed]
[2025-05-02 02:00:19,376: INFO: stg_records_deletion_process: Deletion of ods_migrated records from stg_dsd_devolvement table started]
[2025-05-02 02:00:19,376: INFO: stg_records_deletion_process: Deletion of ods_migrated records from stg_case_manager_patients table started]
[2025-05-02 02:00:19,377: INFO: stg_records_deletion_process: Deletion of ods_migrated records from stg_hiv_art_pharmacy table started]
[2025-05-02 02:00:19,377: INFO: stg_records_deletion_process: Deletion of ods_migrated records from stg_hiv_art_pharmacy_regimens table started]
[2025-05-02 02:00:19,378: INFO: stg_records_deletion_process: Deletion of ods_migrated records from stg_hiv_art_clinical table started]
[2025-05-02 02:00:21,853: INFO: stg_records_deletion_process: Deletion of ods_migrated records from stg_case_manager_patients table completed]
[2025-05-02 02:00:23,032: INFO: stg_records_deletion_process: Deletion of ods_migrated records from stg_dsd_devolvement table completed]
[2025-05-02 02:00:31,684: INFO: stg_records_deletion_process: Deletion of ods_migrated records from stg_hiv_art_pharmacy table completed]
[2025-05-02 02:03:14,456: INFO: stg_records_deletion_process: Deletion of ods_migrated records from stg_hiv_art_pharmacy_regimens table completed]
[2025-05-02 02:08:27,435: INFO: stg_records_deletion_process: Deletion of ods_migrated records from stg_hiv_art_clinical table completed]
[2025-05-02 02:08:27,456: INFO: stg_records_deletion_process: Deletion of ods_migrated records from stg_hiv_eac_out_come table started]
[2025-05-02 02:08:27,460: INFO: stg_records_deletion_process: Deletion of ods_migrated records from stg_hiv_observation table started]
[2025-05-02 02:08:27,461: INFO: stg_records_deletion_process: Deletion of ods_migrated records from stg_hiv_eac_session table started]
[2025-05-02 02:08:27,462: INFO: stg_records_deletion_process: Deletion of ods_migrated records from stg_hiv_eac table started]
[2025-05-02 02:08:27,463: INFO: stg_records_deletion_process: Deletion of ods_migrated records from stg_hiv_enrollment table started]
[2025-05-02 02:08:29,228: INFO: stg_records_deletion_process: Deletion of ods_migrated records from stg_hiv_eac_out_come table completed]
[2025-05-02 02:08:29,657: INFO: stg_records_deletion_process: Deletion of ods_migrated records from stg_hiv_eac table completed]
[2025-05-02 02:08:29,689: INFO: stg_records_deletion_process: Deletion of ods_migrated records from stg_hiv_eac_session table completed]
[2025-05-02 02:08:49,567: INFO: stg_records_deletion_process: Deletion of ods_migrated records from stg_hiv_enrollment table completed]
[2025-05-02 02:12:26,602: INFO: stg_records_deletion_process: Deletion of ods_migrated records from stg_hiv_observation table completed]
[2025-05-02 02:12:26,624: INFO: stg_records_deletion_process: Deletion of ods_migrated records from stg_hiv_regimen_type table started]
[2025-05-02 02:12:26,629: INFO: stg_records_deletion_process: Deletion of ods_migrated records from stg_hiv_regimen table started]
[2025-05-02 02:12:26,630: INFO: stg_records_deletion_process: Deletion of ods_migrated records from stg_hiv_regimen_resolver table started]
[2025-05-02 02:12:26,631: INFO: stg_records_deletion_process: Deletion of ods_migrated records from stg_hiv_status_tracker table started]
[2025-05-02 02:12:26,633: INFO: stg_records_deletion_process: Deletion of ods_migrated records from stg_hts_client table started]
[2025-05-02 02:12:28,769: INFO: stg_records_deletion_process: Deletion of ods_migrated records from stg_hiv_regimen_type table completed]
[2025-05-02 02:12:28,824: INFO: stg_records_deletion_process: Deletion of ods_migrated records from stg_hiv_regimen_resolver table completed]
[2025-05-02 02:12:28,860: INFO: stg_records_deletion_process: Deletion of ods_migrated records from stg_hiv_regimen table completed]
[2025-05-02 02:17:02,375: INFO: stg_records_deletion_process: Deletion of ods_migrated records from stg_hiv_status_tracker table completed]
[2025-05-02 02:20:46,694: INFO: stg_records_deletion_process: Deletion of ods_migrated records from stg_hts_client table completed]
[2025-05-02 02:20:46,721: INFO: stg_records_deletion_process: Deletion of ods_migrated records from stg_laboratory_order table started]
[2025-05-02 02:20:46,722: INFO: stg_records_deletion_process: Deletion of ods_migrated records from stg_hts_index_elicitation table started]
[2025-05-02 02:20:46,723: INFO: stg_records_deletion_process: Deletion of ods_migrated records from stg_hts_client_referral table started]
[2025-05-02 02:20:46,724: INFO: stg_records_deletion_process: Deletion of ods_migrated records from stg_hts_risk_stratification table started]
[2025-05-02 02:20:46,724: INFO: stg_records_deletion_process: Deletion of ods_migrated records from stg_laboratory_labtest table started]
[2025-05-02 02:20:49,894: INFO: stg_records_deletion_process: Deletion of ods_migrated records from stg_laboratory_labtest table completed]
[2025-05-02 02:20:49,897: INFO: stg_records_deletion_process: Deletion of ods_migrated records from stg_hts_index_elicitation table completed]
[2025-05-02 02:20:49,899: INFO: stg_records_deletion_process: Deletion of ods_migrated records from stg_hts_client_referral table completed]
[2025-05-02 02:20:51,218: INFO: stg_records_deletion_process: Deletion of ods_migrated records from stg_laboratory_order table completed]
[2025-05-02 02:20:51,556: INFO: stg_records_deletion_process: Deletion of ods_migrated records from stg_hts_risk_stratification table completed]
[2025-05-02 02:20:51,579: INFO: stg_records_deletion_process: Deletion of ods_migrated records from stg_laboratory_result table started]
[2025-05-02 02:20:51,580: INFO: stg_records_deletion_process: Deletion of ods_migrated records from stg_laboratory_test table started]
[2025-05-02 02:20:51,580: INFO: stg_records_deletion_process: Deletion of ods_migrated records from stg_patient_encounter table started]
[2025-05-02 02:20:51,583: INFO: stg_records_deletion_process: Deletion of ods_migrated records from stg_laboratory_sample table started]
[2025-05-02 02:20:51,585: INFO: stg_records_deletion_process: Deletion of ods_migrated records from stg_patient_person table started]
[2025-05-02 02:20:56,212: INFO: stg_records_deletion_process: Deletion of ods_migrated records from stg_patient_encounter table completed]
[2025-05-02 02:20:56,247: INFO: stg_records_deletion_process: Deletion of ods_migrated records from stg_laboratory_result table completed]
[2025-05-02 02:20:56,468: INFO: stg_records_deletion_process: Deletion of ods_migrated records from stg_laboratory_sample table completed]
[2025-05-02 02:20:56,502: INFO: stg_records_deletion_process: Deletion of ods_migrated records from stg_laboratory_test table completed]
[2025-05-02 02:21:06,189: INFO: stg_records_deletion_process: Deletion of ods_migrated records from stg_patient_person table completed]
[2025-05-02 02:21:06,217: INFO: stg_records_deletion_process: Deletion of ods_migrated records from stg_pmtct_delivery table started]
[2025-05-02 02:21:06,217: INFO: stg_records_deletion_process: Deletion of ods_migrated records from stg_patient_visit table started]
[2025-05-02 02:21:06,218: INFO: stg_records_deletion_process: Deletion of ods_migrated records from stg_pmtct_infant_arv table started]
[2025-05-02 02:21:06,218: INFO: stg_records_deletion_process: Deletion of ods_migrated records from stg_pmtct_enrollment table started]
[2025-05-02 02:21:06,219: INFO: stg_records_deletion_process: Deletion of ods_migrated records from stg_pmtct_anc table started]
[2025-05-02 02:21:08,182: INFO: stg_records_deletion_process: Deletion of ods_migrated records from stg_pmtct_infant_arv table completed]
[2025-05-02 02:21:08,197: INFO: stg_records_deletion_process: Deletion of ods_migrated records from stg_pmtct_enrollment table completed]
[2025-05-02 02:21:08,670: INFO: stg_records_deletion_process: Deletion of ods_migrated records from stg_pmtct_delivery table completed]
[2025-05-02 02:21:08,791: INFO: stg_records_deletion_process: Deletion of ods_migrated records from stg_pmtct_anc table completed]
[2025-05-02 02:21:10,997: INFO: stg_records_deletion_process: Deletion of ods_migrated records from stg_patient_visit table completed]
[2025-05-02 02:21:11,017: INFO: stg_records_deletion_process: Deletion of ods_migrated records from stg_pmtct_infant_information table started]
[2025-05-02 02:21:11,019: INFO: stg_records_deletion_process: Deletion of ods_migrated records from stg_pmtct_infant_mother_art table started]
[2025-05-02 02:21:11,019: INFO: stg_records_deletion_process: Deletion of ods_migrated records from stg_pmtct_infant_pcr table started]
[2025-05-02 02:21:11,024: INFO: stg_records_deletion_process: Deletion of ods_migrated records from stg_pmtct_infant_rapid_antibody table started]
[2025-05-02 02:21:11,025: INFO: stg_records_deletion_process: Deletion of ods_migrated records from stg_pmtct_infant_visit table started]
[2025-05-02 02:21:12,594: INFO: stg_records_deletion_process: Deletion of ods_migrated records from stg_pmtct_infant_visit table completed]
[2025-05-02 02:21:12,636: INFO: stg_records_deletion_process: Deletion of ods_migrated records from stg_pmtct_infant_rapid_antibody table completed]
[2025-05-02 02:21:12,657: INFO: stg_records_deletion_process: Deletion of ods_migrated records from stg_pmtct_infant_mother_art table completed]
[2025-05-02 02:21:12,832: INFO: stg_records_deletion_process: Deletion of ods_migrated records from stg_pmtct_infant_pcr table completed]
[2025-05-02 02:21:12,864: INFO: stg_records_deletion_process: Deletion of ods_migrated records from stg_pmtct_infant_information table completed]
[2025-05-02 02:21:12,886: INFO: stg_records_deletion_process: Deletion of ods_migrated records from stg_pmtct_mother_visitation table started]
[2025-05-02 02:21:12,887: INFO: stg_records_deletion_process: Deletion of ods_migrated records from stg_prep_eligibility table started]
[2025-05-02 02:21:12,887: INFO: stg_records_deletion_process: Deletion of ods_migrated records from stg_prep_enrollment table started]
[2025-05-02 02:21:12,890: INFO: stg_records_deletion_process: Deletion of ods_migrated records from stg_prep_clinic table started]
[2025-05-02 02:21:12,892: INFO: stg_records_deletion_process: Deletion of ods_migrated records from stg_prep_interruption table started]
[2025-05-02 02:21:14,447: INFO: stg_records_deletion_process: Deletion of ods_migrated records from stg_pmtct_mother_visitation table completed]
[2025-05-02 02:21:14,469: INFO: stg_records_deletion_process: Deletion of ods_migrated records from stg_prep_interruption table completed]
[2025-05-02 02:21:14,757: INFO: stg_records_deletion_process: Deletion of ods_migrated records from stg_prep_clinic table completed]
[2025-05-02 02:21:14,789: INFO: stg_records_deletion_process: Deletion of ods_migrated records from stg_prep_eligibility table completed]
[2025-05-02 02:21:14,796: INFO: stg_records_deletion_process: Deletion of ods_migrated records from stg_prep_enrollment table completed]
[2025-05-02 02:21:14,824: INFO: stg_records_deletion_process: Deletion of ods_migrated records from stg_triage_vital_sign table started]
[2025-05-02 02:21:18,860: INFO: stg_records_deletion_process: Deletion of ods_migrated records from stg_triage_vital_sign table completed]
[2025-05-02 02:21:18,890: INFO: stg_records_deletion_process: Deletion of records with Y processed status on stg_monitoring table completed]
2025-05-02 02:21:19: Pipeline completed successfully.
2025-05-03 02:00:01: Starting the pipeline...
[2025-05-03 02:00:01,529: INFO: stg_records_deletion_process: DPID_20250503_02_00]
[2025-05-03 02:00:01,530: INFO: stg_records_deletion_process: Job Started]
[2025-05-03 02:00:01,531: INFO: stg_records_deletion_process: Deletion of records with Y processed status on stg_monitoring table started]
[2025-05-03 02:00:01,545: INFO: stg_records_deletion_process: Deletion of ods_migrated records from stg_base_application_codeset table started]
[2025-05-03 02:00:01,550: INFO: stg_records_deletion_process: Deletion of ods_migrated records from stg_case_manager table started]
[2025-05-03 02:00:01,552: INFO: stg_records_deletion_process: Deletion of ods_migrated records from stg_biometric table started]
[2025-05-03 02:00:01,555: INFO: stg_records_deletion_process: Deletion of ods_migrated records from stg_base_organisation_unit_identifier table started]
[2025-05-03 02:00:01,557: INFO: stg_records_deletion_process: Deletion of ods_migrated records from stg_base_organisation_unit table started]
[2025-05-03 02:00:02,124: INFO: stg_records_deletion_process: Deletion of ods_migrated records from stg_base_organisation_unit_identifier table completed]
[2025-05-03 02:00:04,186: INFO: stg_records_deletion_process: Deletion of ods_migrated records from stg_case_manager table completed]
[2025-05-03 02:00:07,535: INFO: stg_records_deletion_process: Deletion of ods_migrated records from stg_base_organisation_unit table completed]
[2025-05-03 02:00:19,277: INFO: stg_records_deletion_process: Deletion of ods_migrated records from stg_base_application_codeset table completed]
[2025-05-03 02:04:25,351: INFO: stg_records_deletion_process: Deletion of ods_migrated records from stg_biometric table completed]
[2025-05-03 02:04:25,373: INFO: stg_records_deletion_process: Deletion of ods_migrated records from stg_dsd_devolvement table started]
[2025-05-03 02:04:25,374: INFO: stg_records_deletion_process: Deletion of ods_migrated records from stg_hiv_art_clinical table started]
[2025-05-03 02:04:25,375: INFO: stg_records_deletion_process: Deletion of ods_migrated records from stg_case_manager_patients table started]
[2025-05-03 02:04:25,378: INFO: stg_records_deletion_process: Deletion of ods_migrated records from stg_hiv_art_pharmacy table started]
[2025-05-03 02:04:25,381: INFO: stg_records_deletion_process: Deletion of ods_migrated records from stg_hiv_art_pharmacy_regimens table started]
[2025-05-03 02:04:30,276: INFO: stg_records_deletion_process: Deletion of ods_migrated records from stg_case_manager_patients table completed]
[2025-05-03 02:04:49,894: INFO: stg_records_deletion_process: Deletion of ods_migrated records from stg_dsd_devolvement table completed]
[2025-05-03 02:08:03,958: INFO: stg_records_deletion_process: Deletion of ods_migrated records from stg_hiv_art_pharmacy_regimens table completed]
[2025-05-03 02:10:35,244: INFO: stg_records_deletion_process: Deletion of ods_migrated records from stg_hiv_art_pharmacy table completed]
[2025-05-03 02:14:04,548: INFO: stg_records_deletion_process: Deletion of ods_migrated records from stg_hiv_art_clinical table completed]
[2025-05-03 02:14:04,631: INFO: stg_records_deletion_process: Deletion of ods_migrated records from stg_hiv_observation table started]
[2025-05-03 02:14:04,632: INFO: stg_records_deletion_process: Deletion of ods_migrated records from stg_hiv_eac_out_come table started]
[2025-05-03 02:14:04,634: INFO: stg_records_deletion_process: Deletion of ods_migrated records from stg_hiv_eac table started]
[2025-05-03 02:14:04,634: INFO: stg_records_deletion_process: Deletion of ods_migrated records from stg_hiv_eac_session table started]
[2025-05-03 02:14:04,635: INFO: stg_records_deletion_process: Deletion of ods_migrated records from stg_hiv_enrollment table started]
[2025-05-03 02:14:06,703: INFO: stg_records_deletion_process: Deletion of ods_migrated records from stg_hiv_eac_out_come table completed]
[2025-05-03 02:14:07,740: INFO: stg_records_deletion_process: Deletion of ods_migrated records from stg_hiv_eac_session table completed]
[2025-05-03 02:14:07,741: INFO: stg_records_deletion_process: Deletion of ods_migrated records from stg_hiv_eac table completed]
[2025-05-03 02:14:29,987: INFO: stg_records_deletion_process: Deletion of ods_migrated records from stg_hiv_enrollment table completed]
[2025-05-03 02:18:31,645: INFO: stg_records_deletion_process: Deletion of ods_migrated records from stg_hiv_observation table completed]
[2025-05-03 02:18:31,666: INFO: stg_records_deletion_process: Deletion of ods_migrated records from stg_hiv_regimen_resolver table started]
[2025-05-03 02:18:31,668: INFO: stg_records_deletion_process: Deletion of ods_migrated records from stg_hiv_regimen_type table started]
[2025-05-03 02:18:31,669: INFO: stg_records_deletion_process: Deletion of ods_migrated records from stg_hiv_status_tracker table started]
[2025-05-03 02:18:31,672: INFO: stg_records_deletion_process: Deletion of ods_migrated records from stg_hiv_regimen table started]
[2025-05-03 02:18:31,673: INFO: stg_records_deletion_process: Deletion of ods_migrated records from stg_hts_client table started]
[2025-05-03 02:18:34,406: INFO: stg_records_deletion_process: Deletion of ods_migrated records from stg_hiv_regimen table completed]
[2025-05-03 02:18:34,409: INFO: stg_records_deletion_process: Deletion of ods_migrated records from stg_hiv_regimen_type table completed]
[2025-05-03 02:18:34,427: INFO: stg_records_deletion_process: Deletion of ods_migrated records from stg_hiv_regimen_resolver table completed]
[2025-05-03 02:23:19,142: INFO: stg_records_deletion_process: Deletion of ods_migrated records from stg_hiv_status_tracker table completed]
[2025-05-03 02:28:10,046: INFO: stg_records_deletion_process: Deletion of ods_migrated records from stg_hts_client table completed]
[2025-05-03 02:28:10,070: INFO: stg_records_deletion_process: Deletion of ods_migrated records from stg_hts_risk_stratification table started]
[2025-05-03 02:28:10,071: INFO: stg_records_deletion_process: Deletion of ods_migrated records from stg_hts_index_elicitation table started]
[2025-05-03 02:28:10,072: INFO: stg_records_deletion_process: Deletion of ods_migrated records from stg_laboratory_labtest table started]
[2025-05-03 02:28:10,079: INFO: stg_records_deletion_process: Deletion of ods_migrated records from stg_laboratory_order table started]
[2025-05-03 02:28:10,080: INFO: stg_records_deletion_process: Deletion of ods_migrated records from stg_hts_client_referral table started]
[2025-05-03 02:28:13,389: INFO: stg_records_deletion_process: Deletion of ods_migrated records from stg_hts_client_referral table completed]
[2025-05-03 02:28:13,695: INFO: stg_records_deletion_process: Deletion of ods_migrated records from stg_laboratory_labtest table completed]
[2025-05-03 02:28:13,831: INFO: stg_records_deletion_process: Deletion of ods_migrated records from stg_hts_index_elicitation table completed]
[2025-05-03 02:28:43,184: INFO: stg_records_deletion_process: Deletion of ods_migrated records from stg_laboratory_order table completed]
[2025-05-03 02:28:52,482: INFO: stg_records_deletion_process: Deletion of ods_migrated records from stg_hts_risk_stratification table completed]
[2025-05-03 02:28:52,505: INFO: stg_records_deletion_process: Deletion of ods_migrated records from stg_patient_encounter table started]
[2025-05-03 02:28:52,516: INFO: stg_records_deletion_process: Deletion of ods_migrated records from stg_laboratory_result table started]
[2025-05-03 02:28:52,517: INFO: stg_records_deletion_process: Deletion of ods_migrated records from stg_laboratory_sample table started]
[2025-05-03 02:28:52,518: INFO: stg_records_deletion_process: Deletion of ods_migrated records from stg_patient_person table started]
[2025-05-03 02:28:52,518: INFO: stg_records_deletion_process: Deletion of ods_migrated records from stg_laboratory_test table started]
[2025-05-03 02:29:35,105: INFO: stg_records_deletion_process: Deletion of ods_migrated records from stg_patient_encounter table completed]
[2025-05-03 02:29:40,678: INFO: stg_records_deletion_process: Deletion of ods_migrated records from stg_laboratory_result table completed]
[2025-05-03 02:29:40,678: INFO: stg_records_deletion_process: Deletion of ods_migrated records from stg_laboratory_sample table completed]
[2025-05-03 02:29:41,466: INFO: stg_records_deletion_process: Deletion of ods_migrated records from stg_laboratory_test table completed]
[2025-05-03 02:35:42,022: INFO: stg_records_deletion_process: Deletion of ods_migrated records from stg_patient_person table completed]
[2025-05-03 02:35:42,046: INFO: stg_records_deletion_process: Deletion of ods_migrated records from stg_pmtct_infant_arv table started]
[2025-05-03 02:35:42,048: INFO: stg_records_deletion_process: Deletion of ods_migrated records from stg_patient_visit table started]
[2025-05-03 02:35:42,050: INFO: stg_records_deletion_process: Deletion of ods_migrated records from stg_pmtct_enrollment table started]
[2025-05-03 02:35:42,051: INFO: stg_records_deletion_process: Deletion of ods_migrated records from stg_pmtct_delivery table started]
[2025-05-03 02:35:42,055: INFO: stg_records_deletion_process: Deletion of ods_migrated records from stg_pmtct_anc table started]
[2025-05-03 02:35:44,214: INFO: stg_records_deletion_process: Deletion of ods_migrated records from stg_pmtct_infant_arv table completed]
[2025-05-03 02:35:44,270: INFO: stg_records_deletion_process: Deletion of ods_migrated records from stg_pmtct_enrollment table completed]
[2025-05-03 02:35:44,338: INFO: stg_records_deletion_process: Deletion of ods_migrated records from stg_pmtct_delivery table completed]
[2025-05-03 02:35:45,514: INFO: stg_records_deletion_process: Deletion of ods_migrated records from stg_pmtct_anc table completed]
[2025-05-03 02:39:23,661: INFO: stg_records_deletion_process: Deletion of ods_migrated records from stg_patient_visit table completed]
[2025-05-03 02:39:23,679: INFO: stg_records_deletion_process: Deletion of ods_migrated records from stg_pmtct_infant_information table started]
[2025-05-03 02:39:23,682: INFO: stg_records_deletion_process: Deletion of ods_migrated records from stg_pmtct_infant_pcr table started]
[2025-05-03 02:39:23,685: INFO: stg_records_deletion_process: Deletion of ods_migrated records from stg_pmtct_infant_mother_art table started]
[2025-05-03 02:39:23,685: INFO: stg_records_deletion_process: Deletion of ods_migrated records from stg_pmtct_infant_rapid_antibody table started]
[2025-05-03 02:39:23,690: INFO: stg_records_deletion_process: Deletion of ods_migrated records from stg_pmtct_infant_visit table started]
[2025-05-03 02:39:25,264: INFO: stg_records_deletion_process: Deletion of ods_migrated records from stg_pmtct_infant_rapid_antibody table completed]
[2025-05-03 02:39:25,366: INFO: stg_records_deletion_process: Deletion of ods_migrated records from stg_pmtct_infant_information table completed]
[2025-05-03 02:39:25,413: INFO: stg_records_deletion_process: Deletion of ods_migrated records from stg_pmtct_infant_mother_art table completed]
[2025-05-03 02:39:25,440: INFO: stg_records_deletion_process: Deletion of ods_migrated records from stg_pmtct_infant_visit table completed]
[2025-05-03 02:39:25,455: INFO: stg_records_deletion_process: Deletion of ods_migrated records from stg_pmtct_infant_pcr table completed]
[2025-05-03 02:39:25,472: INFO: stg_records_deletion_process: Deletion of ods_migrated records from stg_prep_eligibility table started]
[2025-05-03 02:39:25,475: INFO: stg_records_deletion_process: Deletion of ods_migrated records from stg_pmtct_mother_visitation table started]
[2025-05-03 02:39:25,475: INFO: stg_records_deletion_process: Deletion of ods_migrated records from stg_prep_interruption table started]
[2025-05-03 02:39:25,481: INFO: stg_records_deletion_process: Deletion of ods_migrated records from stg_prep_clinic table started]
[2025-05-03 02:39:25,484: INFO: stg_records_deletion_process: Deletion of ods_migrated records from stg_prep_enrollment table started]
[2025-05-03 02:39:27,206: INFO: stg_records_deletion_process: Deletion of ods_migrated records from stg_pmtct_mother_visitation table completed]
[2025-05-03 02:39:27,291: INFO: stg_records_deletion_process: Deletion of ods_migrated records from stg_prep_interruption table completed]
[2025-05-03 02:39:27,536: INFO: stg_records_deletion_process: Deletion of ods_migrated records from stg_prep_eligibility table completed]
[2025-05-03 02:39:27,705: INFO: stg_records_deletion_process: Deletion of ods_migrated records from stg_prep_clinic table completed]
[2025-05-03 02:39:28,773: INFO: stg_records_deletion_process: Deletion of ods_migrated records from stg_prep_enrollment table completed]
[2025-05-03 02:39:28,794: INFO: stg_records_deletion_process: Deletion of ods_migrated records from stg_triage_vital_sign table started]
[2025-05-03 02:40:01,878: INFO: stg_records_deletion_process: Deletion of ods_migrated records from stg_triage_vital_sign table completed]
[2025-05-03 02:40:01,913: INFO: stg_records_deletion_process: Deletion of records with Y processed status on stg_monitoring table completed]
2025-05-03 02:40:02: Pipeline completed successfully.
2025-05-04 02:00:01: Starting the pipeline...
[2025-05-04 02:00:01,999: INFO: stg_records_deletion_process: DPID_20250504_02_00]
[2025-05-04 02:00:02,000: INFO: stg_records_deletion_process: Job Started]
[2025-05-04 02:00:02,001: INFO: stg_records_deletion_process: Deletion of records with Y processed status on stg_monitoring table started]
[2025-05-04 02:00:02,015: INFO: stg_records_deletion_process: Deletion of ods_migrated records from stg_base_organisation_unit_identifier table started]
[2025-05-04 02:00:02,017: INFO: stg_records_deletion_process: Deletion of ods_migrated records from stg_base_organisation_unit table started]
[2025-05-04 02:00:02,017: INFO: stg_records_deletion_process: Deletion of ods_migrated records from stg_base_application_codeset table started]
[2025-05-04 02:00:02,024: INFO: stg_records_deletion_process: Deletion of ods_migrated records from stg_biometric table started]
[2025-05-04 02:00:02,027: INFO: stg_records_deletion_process: Deletion of ods_migrated records from stg_case_manager table started]
[2025-05-04 02:00:02,583: INFO: stg_records_deletion_process: Deletion of ods_migrated records from stg_base_organisation_unit_identifier table completed]
[2025-05-04 02:00:03,863: INFO: stg_records_deletion_process: Deletion of ods_migrated records from stg_case_manager table completed]
[2025-05-04 02:00:04,095: INFO: stg_records_deletion_process: Deletion of ods_migrated records from stg_base_organisation_unit table completed]
[2025-05-04 02:00:04,814: INFO: stg_records_deletion_process: Deletion of ods_migrated records from stg_base_application_codeset table completed]
[2025-05-04 02:00:21,829: INFO: stg_records_deletion_process: Deletion of ods_migrated records from stg_biometric table completed]
[2025-05-04 02:00:21,851: INFO: stg_records_deletion_process: Deletion of ods_migrated records from stg_hiv_art_pharmacy table started]
[2025-05-04 02:00:21,852: INFO: stg_records_deletion_process: Deletion of ods_migrated records from stg_case_manager_patients table started]
[2025-05-04 02:00:21,853: INFO: stg_records_deletion_process: Deletion of ods_migrated records from stg_hiv_art_pharmacy_regimens table started]
[2025-05-04 02:00:21,854: INFO: stg_records_deletion_process: Deletion of ods_migrated records from stg_dsd_devolvement table started]
[2025-05-04 02:00:21,856: INFO: stg_records_deletion_process: Deletion of ods_migrated records from stg_hiv_art_clinical table started]
[2025-05-04 02:00:23,886: INFO: stg_records_deletion_process: Deletion of ods_migrated records from stg_case_manager_patients table completed]
[2025-05-04 02:00:24,984: INFO: stg_records_deletion_process: Deletion of ods_migrated records from stg_dsd_devolvement table completed]
[2025-05-04 02:00:25,653: INFO: stg_records_deletion_process: Deletion of ods_migrated records from stg_hiv_art_pharmacy table completed]
[2025-05-04 02:03:15,032: INFO: stg_records_deletion_process: Deletion of ods_migrated records from stg_hiv_art_pharmacy_regimens table completed]
[2025-05-04 02:08:45,231: INFO: stg_records_deletion_process: Deletion of ods_migrated records from stg_hiv_art_clinical table completed]
[2025-05-04 02:08:45,252: INFO: stg_records_deletion_process: Deletion of ods_migrated records from stg_hiv_eac_session table started]
[2025-05-04 02:08:45,253: INFO: stg_records_deletion_process: Deletion of ods_migrated records from stg_hiv_eac table started]
[2025-05-04 02:08:45,255: INFO: stg_records_deletion_process: Deletion of ods_migrated records from stg_hiv_observation table started]
[2025-05-04 02:08:45,256: INFO: stg_records_deletion_process: Deletion of ods_migrated records from stg_hiv_enrollment table started]
[2025-05-04 02:08:45,257: INFO: stg_records_deletion_process: Deletion of ods_migrated records from stg_hiv_eac_out_come table started]
[2025-05-04 02:08:48,345: INFO: stg_records_deletion_process: Deletion of ods_migrated records from stg_hiv_eac_out_come table completed]
[2025-05-04 02:08:48,747: INFO: stg_records_deletion_process: Deletion of ods_migrated records from stg_hiv_eac table completed]
[2025-05-04 02:08:48,812: INFO: stg_records_deletion_process: Deletion of ods_migrated records from stg_hiv_eac_session table completed]
[2025-05-04 02:09:08,495: INFO: stg_records_deletion_process: Deletion of ods_migrated records from stg_hiv_enrollment table completed]
[2025-05-04 02:12:41,369: INFO: stg_records_deletion_process: Deletion of ods_migrated records from stg_hiv_observation table completed]
[2025-05-04 02:12:41,386: INFO: stg_records_deletion_process: Deletion of ods_migrated records from stg_hts_client table started]
[2025-05-04 02:12:41,388: INFO: stg_records_deletion_process: Deletion of ods_migrated records from stg_hiv_regimen_resolver table started]
[2025-05-04 02:12:41,390: INFO: stg_records_deletion_process: Deletion of ods_migrated records from stg_hiv_status_tracker table started]
[2025-05-04 02:12:41,391: INFO: stg_records_deletion_process: Deletion of ods_migrated records from stg_hiv_regimen_type table started]
[2025-05-04 02:12:41,392: INFO: stg_records_deletion_process: Deletion of ods_migrated records from stg_hiv_regimen table started]
[2025-05-04 02:12:44,360: INFO: stg_records_deletion_process: Deletion of ods_migrated records from stg_hiv_regimen_type table completed]
[2025-05-04 02:12:44,448: INFO: stg_records_deletion_process: Deletion of ods_migrated records from stg_hiv_regimen table completed]
[2025-05-04 02:12:44,462: INFO: stg_records_deletion_process: Deletion of ods_migrated records from stg_hiv_regimen_resolver table completed]
[2025-05-04 02:17:13,971: INFO: stg_records_deletion_process: Deletion of ods_migrated records from stg_hiv_status_tracker table completed]
[2025-05-04 02:21:01,431: INFO: stg_records_deletion_process: Deletion of ods_migrated records from stg_hts_client table completed]
[2025-05-04 02:21:01,456: INFO: stg_records_deletion_process: Deletion of ods_migrated records from stg_hts_index_elicitation table started]
[2025-05-04 02:21:01,457: INFO: stg_records_deletion_process: Deletion of ods_migrated records from stg_hts_risk_stratification table started]
[2025-05-04 02:21:01,460: INFO: stg_records_deletion_process: Deletion of ods_migrated records from stg_laboratory_order table started]
[2025-05-04 02:21:01,461: INFO: stg_records_deletion_process: Deletion of ods_migrated records from stg_hts_client_referral table started]
[2025-05-04 02:21:01,462: INFO: stg_records_deletion_process: Deletion of ods_migrated records from stg_laboratory_labtest table started]
[2025-05-04 02:21:04,800: INFO: stg_records_deletion_process: Deletion of ods_migrated records from stg_laboratory_labtest table completed]
[2025-05-04 02:21:04,803: INFO: stg_records_deletion_process: Deletion of ods_migrated records from stg_hts_client_referral table completed]
[2025-05-04 02:21:04,998: INFO: stg_records_deletion_process: Deletion of ods_migrated records from stg_hts_index_elicitation table completed]
[2025-05-04 02:21:05,397: INFO: stg_records_deletion_process: Deletion of ods_migrated records from stg_laboratory_order table completed]
[2025-05-04 02:21:05,898: INFO: stg_records_deletion_process: Deletion of ods_migrated records from stg_hts_risk_stratification table completed]
[2025-05-04 02:21:05,920: INFO: stg_records_deletion_process: Deletion of ods_migrated records from stg_laboratory_result table started]
[2025-05-04 02:21:05,927: INFO: stg_records_deletion_process: Deletion of ods_migrated records from stg_laboratory_test table started]
[2025-05-04 02:21:05,929: INFO: stg_records_deletion_process: Deletion of ods_migrated records from stg_patient_person table started]
[2025-05-04 02:21:05,930: INFO: stg_records_deletion_process: Deletion of ods_migrated records from stg_laboratory_sample table started]
[2025-05-04 02:21:05,931: INFO: stg_records_deletion_process: Deletion of ods_migrated records from stg_patient_encounter table started]
[2025-05-04 02:21:08,362: INFO: stg_records_deletion_process: Deletion of ods_migrated records from stg_patient_encounter table completed]
[2025-05-04 02:21:08,697: INFO: stg_records_deletion_process: Deletion of ods_migrated records from stg_laboratory_test table completed]
[2025-05-04 02:21:08,773: INFO: stg_records_deletion_process: Deletion of ods_migrated records from stg_laboratory_sample table completed]
[2025-05-04 02:21:08,775: INFO: stg_records_deletion_process: Deletion of ods_migrated records from stg_laboratory_result table completed]
[2025-05-04 02:21:10,708: INFO: stg_records_deletion_process: Deletion of ods_migrated records from stg_patient_person table completed]
[2025-05-04 02:21:10,732: INFO: stg_records_deletion_process: Deletion of ods_migrated records from stg_pmtct_anc table started]
[2025-05-04 02:21:10,733: INFO: stg_records_deletion_process: Deletion of ods_migrated records from stg_pmtct_delivery table started]
[2025-05-04 02:21:10,734: INFO: stg_records_deletion_process: Deletion of ods_migrated records from stg_patient_visit table started]
[2025-05-04 02:21:10,737: INFO: stg_records_deletion_process: Deletion of ods_migrated records from stg_pmtct_enrollment table started]
[2025-05-04 02:21:10,744: INFO: stg_records_deletion_process: Deletion of ods_migrated records from stg_pmtct_infant_arv table started]
[2025-05-04 02:21:12,251: INFO: stg_records_deletion_process: Deletion of ods_migrated records from stg_pmtct_infant_arv table completed]
[2025-05-04 02:21:12,306: INFO: stg_records_deletion_process: Deletion of ods_migrated records from stg_pmtct_delivery table completed]
[2025-05-04 02:21:12,419: INFO: stg_records_deletion_process: Deletion of ods_migrated records from stg_pmtct_enrollment table completed]
[2025-05-04 02:21:12,541: INFO: stg_records_deletion_process: Deletion of ods_migrated records from stg_pmtct_anc table completed]
[2025-05-04 02:21:14,139: INFO: stg_records_deletion_process: Deletion of ods_migrated records from stg_patient_visit table completed]
[2025-05-04 02:21:14,162: INFO: stg_records_deletion_process: Deletion of ods_migrated records from stg_pmtct_infant_mother_art table started]
[2025-05-04 02:21:14,171: INFO: stg_records_deletion_process: Deletion of ods_migrated records from stg_pmtct_infant_information table started]
[2025-05-04 02:21:14,175: INFO: stg_records_deletion_process: Deletion of ods_migrated records from stg_pmtct_infant_pcr table started]
[2025-05-04 02:21:14,176: INFO: stg_records_deletion_process: Deletion of ods_migrated records from stg_pmtct_infant_rapid_antibody table started]
[2025-05-04 02:21:14,177: INFO: stg_records_deletion_process: Deletion of ods_migrated records from stg_pmtct_infant_visit table started]
[2025-05-04 02:21:15,662: INFO: stg_records_deletion_process: Deletion of ods_migrated records from stg_pmtct_infant_visit table completed]
[2025-05-04 02:21:15,663: INFO: stg_records_deletion_process: Deletion of ods_migrated records from stg_pmtct_infant_rapid_antibody table completed]
[2025-05-04 02:21:15,696: INFO: stg_records_deletion_process: Deletion of ods_migrated records from stg_pmtct_infant_mother_art table completed]
[2025-05-04 02:21:15,724: INFO: stg_records_deletion_process: Deletion of ods_migrated records from stg_pmtct_infant_information table completed]
[2025-05-04 02:21:15,771: INFO: stg_records_deletion_process: Deletion of ods_migrated records from stg_pmtct_infant_pcr table completed]
[2025-05-04 02:21:15,792: INFO: stg_records_deletion_process: Deletion of ods_migrated records from stg_prep_enrollment table started]
[2025-05-04 02:21:15,796: INFO: stg_records_deletion_process: Deletion of ods_migrated records from stg_prep_clinic table started]
[2025-05-04 02:21:15,797: INFO: stg_records_deletion_process: Deletion of ods_migrated records from stg_prep_eligibility table started]
[2025-05-04 02:21:15,798: INFO: stg_records_deletion_process: Deletion of ods_migrated records from stg_pmtct_mother_visitation table started]
[2025-05-04 02:21:15,798: INFO: stg_records_deletion_process: Deletion of ods_migrated records from stg_prep_interruption table started]
[2025-05-04 02:21:17,276: INFO: stg_records_deletion_process: Deletion of ods_migrated records from stg_pmtct_mother_visitation table completed]
[2025-05-04 02:21:17,335: INFO: stg_records_deletion_process: Deletion of ods_migrated records from stg_prep_interruption table completed]
[2025-05-04 02:21:17,573: INFO: stg_records_deletion_process: Deletion of ods_migrated records from stg_prep_enrollment table completed]
[2025-05-04 02:21:17,586: INFO: stg_records_deletion_process: Deletion of ods_migrated records from stg_prep_eligibility table completed]
[2025-05-04 02:21:17,665: INFO: stg_records_deletion_process: Deletion of ods_migrated records from stg_prep_clinic table completed]
[2025-05-04 02:21:17,688: INFO: stg_records_deletion_process: Deletion of ods_migrated records from stg_triage_vital_sign table started]
[2025-05-04 02:21:20,700: INFO: stg_records_deletion_process: Deletion of ods_migrated records from stg_triage_vital_sign table completed]
[2025-05-04 02:21:20,733: INFO: stg_records_deletion_process: Deletion of records with Y processed status on stg_monitoring table completed]
2025-05-04 02:21:21: Pipeline completed successfully.
2025-05-05 02:00:01: Starting the pipeline...
[2025-05-05 02:00:02,014: INFO: stg_records_deletion_process: DPID_20250505_02_00]
[2025-05-05 02:00:02,015: INFO: stg_records_deletion_process: Job Started]
[2025-05-05 02:00:02,015: INFO: stg_records_deletion_process: Deletion of records with Y processed status on stg_monitoring table started]
[2025-05-05 02:00:02,032: INFO: stg_records_deletion_process: Deletion of ods_migrated records from stg_base_organisation_unit_identifier table started]
[2025-05-05 02:00:02,033: INFO: stg_records_deletion_process: Deletion of ods_migrated records from stg_biometric table started]
[2025-05-05 02:00:02,033: INFO: stg_records_deletion_process: Deletion of ods_migrated records from stg_case_manager table started]
[2025-05-05 02:00:02,037: INFO: stg_records_deletion_process: Deletion of ods_migrated records from stg_base_organisation_unit table started]
[2025-05-05 02:00:02,042: INFO: stg_records_deletion_process: Deletion of ods_migrated records from stg_base_application_codeset table started]
[2025-05-05 02:00:03,957: INFO: stg_records_deletion_process: Deletion of ods_migrated records from stg_base_organisation_unit_identifier table completed]
[2025-05-05 02:00:04,460: INFO: stg_records_deletion_process: Deletion of ods_migrated records from stg_base_organisation_unit table completed]
[2025-05-05 02:00:04,474: INFO: stg_records_deletion_process: Deletion of ods_migrated records from stg_case_manager table completed]
[2025-05-05 02:00:04,502: INFO: stg_records_deletion_process: Deletion of ods_migrated records from stg_base_application_codeset table completed]
[2025-05-05 02:00:22,245: INFO: stg_records_deletion_process: Deletion of ods_migrated records from stg_biometric table completed]
[2025-05-05 02:00:22,268: INFO: stg_records_deletion_process: Deletion of ods_migrated records from stg_hiv_art_clinical table started]
[2025-05-05 02:00:22,268: INFO: stg_records_deletion_process: Deletion of ods_migrated records from stg_dsd_devolvement table started]
[2025-05-05 02:00:22,271: INFO: stg_records_deletion_process: Deletion of ods_migrated records from stg_case_manager_patients table started]
[2025-05-05 02:00:22,272: INFO: stg_records_deletion_process: Deletion of ods_migrated records from stg_hiv_art_pharmacy table started]
[2025-05-05 02:00:22,272: INFO: stg_records_deletion_process: Deletion of ods_migrated records from stg_hiv_art_pharmacy_regimens table started]
[2025-05-05 02:00:24,183: INFO: stg_records_deletion_process: Deletion of ods_migrated records from stg_dsd_devolvement table completed]
[2025-05-05 02:00:24,189: INFO: stg_records_deletion_process: Deletion of ods_migrated records from stg_case_manager_patients table completed]
[2025-05-05 02:00:24,437: INFO: stg_records_deletion_process: Deletion of ods_migrated records from stg_hiv_art_pharmacy table completed]
[2025-05-05 02:02:57,704: INFO: stg_records_deletion_process: Deletion of ods_migrated records from stg_hiv_art_pharmacy_regimens table completed]
[2025-05-05 02:08:20,786: INFO: stg_records_deletion_process: Deletion of ods_migrated records from stg_hiv_art_clinical table completed]
[2025-05-05 02:08:20,809: INFO: stg_records_deletion_process: Deletion of ods_migrated records from stg_hiv_eac_out_come table started]
[2025-05-05 02:08:20,810: INFO: stg_records_deletion_process: Deletion of ods_migrated records from stg_hiv_enrollment table started]
[2025-05-05 02:08:20,812: INFO: stg_records_deletion_process: Deletion of ods_migrated records from stg_hiv_eac table started]
[2025-05-05 02:08:20,812: INFO: stg_records_deletion_process: Deletion of ods_migrated records from stg_hiv_eac_session table started]
[2025-05-05 02:08:20,814: INFO: stg_records_deletion_process: Deletion of ods_migrated records from stg_hiv_observation table started]
[2025-05-05 02:08:22,408: INFO: stg_records_deletion_process: Deletion of ods_migrated records from stg_hiv_eac_out_come table completed]
[2025-05-05 02:08:22,622: INFO: stg_records_deletion_process: Deletion of ods_migrated records from stg_hiv_eac_session table completed]
[2025-05-05 02:08:22,623: INFO: stg_records_deletion_process: Deletion of ods_migrated records from stg_hiv_eac table completed]
[2025-05-05 02:08:41,639: INFO: stg_records_deletion_process: Deletion of ods_migrated records from stg_hiv_enrollment table completed]
[2025-05-05 02:11:53,019: INFO: stg_records_deletion_process: Deletion of ods_migrated records from stg_hiv_observation table completed]
[2025-05-05 02:11:53,037: INFO: stg_records_deletion_process: Deletion of ods_migrated records from stg_hiv_regimen_resolver table started]
[2025-05-05 02:11:53,045: INFO: stg_records_deletion_process: Deletion of ods_migrated records from stg_hiv_status_tracker table started]
[2025-05-05 02:11:53,046: INFO: stg_records_deletion_process: Deletion of ods_migrated records from stg_hiv_regimen table started]
[2025-05-05 02:11:53,047: INFO: stg_records_deletion_process: Deletion of ods_migrated records from stg_hts_client table started]
[2025-05-05 02:11:53,048: INFO: stg_records_deletion_process: Deletion of ods_migrated records from stg_hiv_regimen_type table started]
[2025-05-05 02:11:54,616: INFO: stg_records_deletion_process: Deletion of ods_migrated records from stg_hiv_regimen_type table completed]
[2025-05-05 02:11:54,744: INFO: stg_records_deletion_process: Deletion of ods_migrated records from stg_hiv_regimen_resolver table completed]
[2025-05-05 02:11:54,939: INFO: stg_records_deletion_process: Deletion of ods_migrated records from stg_hiv_regimen table completed]
[2025-05-05 02:16:21,333: INFO: stg_records_deletion_process: Deletion of ods_migrated records from stg_hiv_status_tracker table completed]
[2025-05-05 02:19:26,377: INFO: stg_records_deletion_process: Deletion of ods_migrated records from stg_hts_client table completed]
[2025-05-05 02:19:26,395: INFO: stg_records_deletion_process: Deletion of ods_migrated records from stg_hts_risk_stratification table started]
[2025-05-05 02:19:26,396: INFO: stg_records_deletion_process: Deletion of ods_migrated records from stg_hts_index_elicitation table started]
[2025-05-05 02:19:26,401: INFO: stg_records_deletion_process: Deletion of ods_migrated records from stg_hts_client_referral table started]
[2025-05-05 02:19:26,410: INFO: stg_records_deletion_process: Deletion of ods_migrated records from stg_laboratory_order table started]
[2025-05-05 02:19:26,411: INFO: stg_records_deletion_process: Deletion of ods_migrated records from stg_laboratory_labtest table started]
[2025-05-05 02:19:28,026: INFO: stg_records_deletion_process: Deletion of ods_migrated records from stg_hts_client_referral table completed]
[2025-05-05 02:19:28,063: INFO: stg_records_deletion_process: Deletion of ods_migrated records from stg_laboratory_labtest table completed]
[2025-05-05 02:19:28,164: INFO: stg_records_deletion_process: Deletion of ods_migrated records from stg_hts_index_elicitation table completed]
[2025-05-05 02:19:28,226: INFO: stg_records_deletion_process: Deletion of ods_migrated records from stg_hts_risk_stratification table completed]
[2025-05-05 02:19:28,239: INFO: stg_records_deletion_process: Deletion of ods_migrated records from stg_laboratory_order table completed]
[2025-05-05 02:19:28,257: INFO: stg_records_deletion_process: Deletion of ods_migrated records from stg_laboratory_sample table started]
[2025-05-05 02:19:28,262: INFO: stg_records_deletion_process: Deletion of ods_migrated records from stg_laboratory_result table started]
[2025-05-05 02:19:28,262: INFO: stg_records_deletion_process: Deletion of ods_migrated records from stg_patient_encounter table started]
[2025-05-05 02:19:28,269: INFO: stg_records_deletion_process: Deletion of ods_migrated records from stg_patient_person table started]
[2025-05-05 02:19:28,270: INFO: stg_records_deletion_process: Deletion of ods_migrated records from stg_laboratory_test table started]
[2025-05-05 02:19:29,984: INFO: stg_records_deletion_process: Deletion of ods_migrated records from stg_laboratory_test table completed]
[2025-05-05 02:19:30,003: INFO: stg_records_deletion_process: Deletion of ods_migrated records from stg_laboratory_sample table completed]
[2025-05-05 02:19:30,043: INFO: stg_records_deletion_process: Deletion of ods_migrated records from stg_patient_encounter table completed]
[2025-05-05 02:19:30,169: INFO: stg_records_deletion_process: Deletion of ods_migrated records from stg_laboratory_result table completed]
[2025-05-05 02:19:30,366: INFO: stg_records_deletion_process: Deletion of ods_migrated records from stg_patient_person table completed]
[2025-05-05 02:19:30,390: INFO: stg_records_deletion_process: Deletion of ods_migrated records from stg_pmtct_enrollment table started]
[2025-05-05 02:19:30,391: INFO: stg_records_deletion_process: Deletion of ods_migrated records from stg_pmtct_infant_arv table started]
[2025-05-05 02:19:30,392: INFO: stg_records_deletion_process: Deletion of ods_migrated records from stg_patient_visit table started]
[2025-05-05 02:19:30,393: INFO: stg_records_deletion_process: Deletion of ods_migrated records from stg_pmtct_delivery table started]
[2025-05-05 02:19:30,394: INFO: stg_records_deletion_process: Deletion of ods_migrated records from stg_pmtct_anc table started]
[2025-05-05 02:19:32,031: INFO: stg_records_deletion_process: Deletion of ods_migrated records from stg_pmtct_infant_arv table completed]
[2025-05-05 02:19:32,031: INFO: stg_records_deletion_process: Deletion of ods_migrated records from stg_pmtct_delivery table completed]
[2025-05-05 02:19:32,059: INFO: stg_records_deletion_process: Deletion of ods_migrated records from stg_pmtct_enrollment table completed]
[2025-05-05 02:19:32,283: INFO: stg_records_deletion_process: Deletion of ods_migrated records from stg_pmtct_anc table completed]
[2025-05-05 02:19:32,335: INFO: stg_records_deletion_process: Deletion of ods_migrated records from stg_patient_visit table completed]
[2025-05-05 02:19:32,355: INFO: stg_records_deletion_process: Deletion of ods_migrated records from stg_pmtct_infant_pcr table started]
[2025-05-05 02:19:32,357: INFO: stg_records_deletion_process: Deletion of ods_migrated records from stg_pmtct_infant_visit table started]
[2025-05-05 02:19:32,357: INFO: stg_records_deletion_process: Deletion of ods_migrated records from stg_pmtct_infant_rapid_antibody table started]
[2025-05-05 02:19:32,358: INFO: stg_records_deletion_process: Deletion of ods_migrated records from stg_pmtct_infant_mother_art table started]
[2025-05-05 02:19:32,360: INFO: stg_records_deletion_process: Deletion of ods_migrated records from stg_pmtct_infant_information table started]
[2025-05-05 02:19:33,743: INFO: stg_records_deletion_process: Deletion of ods_migrated records from stg_pmtct_infant_mother_art table completed]
[2025-05-05 02:19:33,781: INFO: stg_records_deletion_process: Deletion of ods_migrated records from stg_pmtct_infant_pcr table completed]
[2025-05-05 02:19:33,806: INFO: stg_records_deletion_process: Deletion of ods_migrated records from stg_pmtct_infant_rapid_antibody table completed]
[2025-05-05 02:19:33,822: INFO: stg_records_deletion_process: Deletion of ods_migrated records from stg_pmtct_infant_visit table completed]
[2025-05-05 02:19:33,878: INFO: stg_records_deletion_process: Deletion of ods_migrated records from stg_pmtct_infant_information table completed]
[2025-05-05 02:19:33,896: INFO: stg_records_deletion_process: Deletion of ods_migrated records from stg_pmtct_mother_visitation table started]
[2025-05-05 02:19:33,899: INFO: stg_records_deletion_process: Deletion of ods_migrated records from stg_prep_enrollment table started]
[2025-05-05 02:19:33,900: INFO: stg_records_deletion_process: Deletion of ods_migrated records from stg_prep_clinic table started]
[2025-05-05 02:19:33,901: INFO: stg_records_deletion_process: Deletion of ods_migrated records from stg_prep_interruption table started]
[2025-05-05 02:19:33,903: INFO: stg_records_deletion_process: Deletion of ods_migrated records from stg_prep_eligibility table started]
[2025-05-05 02:19:35,383: INFO: stg_records_deletion_process: Deletion of ods_migrated records from stg_prep_interruption table completed]
[2025-05-05 02:19:35,408: INFO: stg_records_deletion_process: Deletion of ods_migrated records from stg_pmtct_mother_visitation table completed]
[2025-05-05 02:19:35,501: INFO: stg_records_deletion_process: Deletion of ods_migrated records from stg_prep_enrollment table completed]
[2025-05-05 02:19:35,685: INFO: stg_records_deletion_process: Deletion of ods_migrated records from stg_prep_clinic table completed]
[2025-05-05 02:19:35,701: INFO: stg_records_deletion_process: Deletion of ods_migrated records from stg_prep_eligibility table completed]
[2025-05-05 02:19:35,727: INFO: stg_records_deletion_process: Deletion of ods_migrated records from stg_triage_vital_sign table started]
[2025-05-05 02:19:37,412: INFO: stg_records_deletion_process: Deletion of ods_migrated records from stg_triage_vital_sign table completed]
[2025-05-05 02:19:37,426: INFO: stg_records_deletion_process: Deletion of records with Y processed status on stg_monitoring table completed]
2025-05-05 02:19:37: Pipeline completed successfully.
2025-05-06 02:00:01: Starting the pipeline...
[2025-05-06 02:00:01,572: INFO: stg_records_deletion_process: DPID_20250506_02_00]
[2025-05-06 02:00:01,573: INFO: stg_records_deletion_process: Job Started]
[2025-05-06 02:00:01,573: INFO: stg_records_deletion_process: Deletion of records with Y processed status on stg_monitoring table started]
[2025-05-06 02:00:01,592: INFO: stg_records_deletion_process: Deletion of ods_migrated records from stg_base_application_codeset table started]
[2025-05-06 02:00:01,596: INFO: stg_records_deletion_process: Deletion of ods_migrated records from stg_base_organisation_unit table started]
[2025-05-06 02:00:01,597: INFO: stg_records_deletion_process: Deletion of ods_migrated records from stg_base_organisation_unit_identifier table started]
[2025-05-06 02:00:01,598: INFO: stg_records_deletion_process: Deletion of ods_migrated records from stg_biometric table started]
[2025-05-06 02:00:01,602: INFO: stg_records_deletion_process: Deletion of ods_migrated records from stg_case_manager table started]
[2025-05-06 02:00:02,214: INFO: stg_records_deletion_process: Deletion of ods_migrated records from stg_base_organisation_unit_identifier table completed]
[2025-05-06 02:00:03,529: INFO: stg_records_deletion_process: Deletion of ods_migrated records from stg_case_manager table completed]
[2025-05-06 02:00:04,224: INFO: stg_records_deletion_process: Deletion of ods_migrated records from stg_base_organisation_unit table completed]
[2025-05-06 02:00:04,920: INFO: stg_records_deletion_process: Deletion of ods_migrated records from stg_base_application_codeset table completed]
[2025-05-06 02:00:21,403: INFO: stg_records_deletion_process: Deletion of ods_migrated records from stg_biometric table completed]
[2025-05-06 02:00:21,428: INFO: stg_records_deletion_process: Deletion of ods_migrated records from stg_case_manager_patients table started]
[2025-05-06 02:00:21,429: INFO: stg_records_deletion_process: Deletion of ods_migrated records from stg_hiv_art_pharmacy table started]
[2025-05-06 02:00:21,430: INFO: stg_records_deletion_process: Deletion of ods_migrated records from stg_dsd_devolvement table started]
[2025-05-06 02:00:21,431: INFO: stg_records_deletion_process: Deletion of ods_migrated records from stg_hiv_art_pharmacy_regimens table started]
[2025-05-06 02:00:21,431: INFO: stg_records_deletion_process: Deletion of ods_migrated records from stg_hiv_art_clinical table started]
[2025-05-06 02:00:23,620: INFO: stg_records_deletion_process: Deletion of ods_migrated records from stg_case_manager_patients table completed]
[2025-05-06 02:00:24,700: INFO: stg_records_deletion_process: Deletion of ods_migrated records from stg_dsd_devolvement table completed]
[2025-05-06 02:00:47,725: INFO: stg_records_deletion_process: Deletion of ods_migrated records from stg_hiv_art_pharmacy table completed]
[2025-05-06 02:03:16,139: INFO: stg_records_deletion_process: Deletion of ods_migrated records from stg_hiv_art_pharmacy_regimens table completed]
[2025-05-06 02:08:47,307: INFO: stg_records_deletion_process: Deletion of ods_migrated records from stg_hiv_art_clinical table completed]
[2025-05-06 02:08:47,330: INFO: stg_records_deletion_process: Deletion of ods_migrated records from stg_hiv_eac_session table started]
[2025-05-06 02:08:47,332: INFO: stg_records_deletion_process: Deletion of ods_migrated records from stg_hiv_observation table started]
[2025-05-06 02:08:47,336: INFO: stg_records_deletion_process: Deletion of ods_migrated records from stg_hiv_eac table started]
[2025-05-06 02:08:47,336: INFO: stg_records_deletion_process: Deletion of ods_migrated records from stg_hiv_enrollment table started]
[2025-05-06 02:08:47,337: INFO: stg_records_deletion_process: Deletion of ods_migrated records from stg_hiv_eac_out_come table started]
[2025-05-06 02:08:50,411: INFO: stg_records_deletion_process: Deletion of ods_migrated records from stg_hiv_eac_out_come table completed]
[2025-05-06 02:08:50,895: INFO: stg_records_deletion_process: Deletion of ods_migrated records from stg_hiv_eac table completed]
[2025-05-06 02:08:51,036: INFO: stg_records_deletion_process: Deletion of ods_migrated records from stg_hiv_eac_session table completed]
[2025-05-06 02:09:11,361: INFO: stg_records_deletion_process: Deletion of ods_migrated records from stg_hiv_enrollment table completed]
[2025-05-06 02:12:51,485: INFO: stg_records_deletion_process: Deletion of ods_migrated records from stg_hiv_observation table completed]
[2025-05-06 02:12:51,509: INFO: stg_records_deletion_process: Deletion of ods_migrated records from stg_hiv_regimen_resolver table started]
[2025-05-06 02:12:51,510: INFO: stg_records_deletion_process: Deletion of ods_migrated records from stg_hiv_status_tracker table started]
[2025-05-06 02:12:51,512: INFO: stg_records_deletion_process: Deletion of ods_migrated records from stg_hiv_regimen_type table started]
[2025-05-06 02:12:51,514: INFO: stg_records_deletion_process: Deletion of ods_migrated records from stg_hiv_regimen table started]
[2025-05-06 02:12:51,518: INFO: stg_records_deletion_process: Deletion of ods_migrated records from stg_hts_client table started]
[2025-05-06 02:12:54,690: INFO: stg_records_deletion_process: Deletion of ods_migrated records from stg_hiv_regimen_type table completed]
[2025-05-06 02:12:54,718: INFO: stg_records_deletion_process: Deletion of ods_migrated records from stg_hiv_regimen_resolver table completed]
[2025-05-06 02:12:54,786: INFO: stg_records_deletion_process: Deletion of ods_migrated records from stg_hiv_regimen table completed]
[2025-05-06 02:17:33,604: INFO: stg_records_deletion_process: Deletion of ods_migrated records from stg_hiv_status_tracker table completed]
[2025-05-06 02:21:25,767: INFO: stg_records_deletion_process: Deletion of ods_migrated records from stg_hts_client table completed]
[2025-05-06 02:21:25,792: INFO: stg_records_deletion_process: Deletion of ods_migrated records from stg_hts_client_referral table started]
[2025-05-06 02:21:25,794: INFO: stg_records_deletion_process: Deletion of ods_migrated records from stg_hts_index_elicitation table started]
[2025-05-06 02:21:25,796: INFO: stg_records_deletion_process: Deletion of ods_migrated records from stg_hts_risk_stratification table started]
[2025-05-06 02:21:25,805: INFO: stg_records_deletion_process: Deletion of ods_migrated records from stg_laboratory_order table started]
[2025-05-06 02:21:25,805: INFO: stg_records_deletion_process: Deletion of ods_migrated records from stg_laboratory_labtest table started]
[2025-05-06 02:21:29,038: INFO: stg_records_deletion_process: Deletion of ods_migrated records from stg_laboratory_labtest table completed]
[2025-05-06 02:21:29,118: INFO: stg_records_deletion_process: Deletion of ods_migrated records from stg_hts_client_referral table completed]
[2025-05-06 02:21:29,256: INFO: stg_records_deletion_process: Deletion of ods_migrated records from stg_hts_index_elicitation table completed]
[2025-05-06 02:21:30,629: INFO: stg_records_deletion_process: Deletion of ods_migrated records from stg_laboratory_order table completed]
[2025-05-06 02:21:31,627: INFO: stg_records_deletion_process: Deletion of ods_migrated records from stg_hts_risk_stratification table completed]
[2025-05-06 02:21:31,647: INFO: stg_records_deletion_process: Deletion of ods_migrated records from stg_laboratory_sample table started]
[2025-05-06 02:21:31,650: INFO: stg_records_deletion_process: Deletion of ods_migrated records from stg_laboratory_result table started]
[2025-05-06 02:21:31,653: INFO: stg_records_deletion_process: Deletion of ods_migrated records from stg_patient_encounter table started]
[2025-05-06 02:21:31,653: INFO: stg_records_deletion_process: Deletion of ods_migrated records from stg_laboratory_test table started]
[2025-05-06 02:21:31,655: INFO: stg_records_deletion_process: Deletion of ods_migrated records from stg_patient_person table started]
[2025-05-06 02:21:36,935: INFO: stg_records_deletion_process: Deletion of ods_migrated records from stg_patient_encounter table completed]
[2025-05-06 02:21:38,516: INFO: stg_records_deletion_process: Deletion of ods_migrated records from stg_laboratory_result table completed]
[2025-05-06 02:21:39,243: INFO: stg_records_deletion_process: Deletion of ods_migrated records from stg_laboratory_test table completed]
[2025-05-06 02:21:39,291: INFO: stg_records_deletion_process: Deletion of ods_migrated records from stg_laboratory_sample table completed]
[2025-05-06 02:21:58,434: INFO: stg_records_deletion_process: Deletion of ods_migrated records from stg_patient_person table completed]
[2025-05-06 02:21:58,450: INFO: stg_records_deletion_process: Deletion of ods_migrated records from stg_pmtct_enrollment table started]
[2025-05-06 02:21:58,451: INFO: stg_records_deletion_process: Deletion of ods_migrated records from stg_patient_visit table started]
[2025-05-06 02:21:58,456: INFO: stg_records_deletion_process: Deletion of ods_migrated records from stg_pmtct_anc table started]
[2025-05-06 02:21:58,460: INFO: stg_records_deletion_process: Deletion of ods_migrated records from stg_pmtct_delivery table started]
[2025-05-06 02:21:58,462: INFO: stg_records_deletion_process: Deletion of ods_migrated records from stg_pmtct_infant_arv table started]
[2025-05-06 02:22:00,165: INFO: stg_records_deletion_process: Deletion of ods_migrated records from stg_pmtct_infant_arv table completed]
[2025-05-06 02:22:00,292: INFO: stg_records_deletion_process: Deletion of ods_migrated records from stg_pmtct_enrollment table completed]
[2025-05-06 02:22:00,425: INFO: stg_records_deletion_process: Deletion of ods_migrated records from stg_pmtct_delivery table completed]
[2025-05-06 02:22:00,638: INFO: stg_records_deletion_process: Deletion of ods_migrated records from stg_pmtct_anc table completed]
[2025-05-06 02:22:04,537: INFO: stg_records_deletion_process: Deletion of ods_migrated records from stg_patient_visit table completed]
[2025-05-06 02:22:04,552: INFO: stg_records_deletion_process: Deletion of ods_migrated records from stg_pmtct_infant_mother_art table started]
[2025-05-06 02:22:04,553: INFO: stg_records_deletion_process: Deletion of ods_migrated records from stg_pmtct_infant_visit table started]
[2025-05-06 02:22:04,557: INFO: stg_records_deletion_process: Deletion of ods_migrated records from stg_pmtct_infant_information table started]
[2025-05-06 02:22:04,558: INFO: stg_records_deletion_process: Deletion of ods_migrated records from stg_pmtct_infant_pcr table started]
[2025-05-06 02:22:04,563: INFO: stg_records_deletion_process: Deletion of ods_migrated records from stg_pmtct_infant_rapid_antibody table started]
[2025-05-06 02:22:06,135: INFO: stg_records_deletion_process: Deletion of ods_migrated records from stg_pmtct_infant_rapid_antibody table completed]
[2025-05-06 02:22:06,144: INFO: stg_records_deletion_process: Deletion of ods_migrated records from stg_pmtct_infant_mother_art table completed]
[2025-05-06 02:22:06,148: INFO: stg_records_deletion_process: Deletion of ods_migrated records from stg_pmtct_infant_visit table completed]
[2025-05-06 02:22:06,148: INFO: stg_records_deletion_process: Deletion of ods_migrated records from stg_pmtct_infant_pcr table completed]
[2025-05-06 02:22:06,266: INFO: stg_records_deletion_process: Deletion of ods_migrated records from stg_pmtct_infant_information table completed]
[2025-05-06 02:22:06,287: INFO: stg_records_deletion_process: Deletion of ods_migrated records from stg_prep_eligibility table started]
[2025-05-06 02:22:06,291: INFO: stg_records_deletion_process: Deletion of ods_migrated records from stg_prep_enrollment table started]
[2025-05-06 02:22:06,292: INFO: stg_records_deletion_process: Deletion of ods_migrated records from stg_pmtct_mother_visitation table started]
[2025-05-06 02:22:06,292: INFO: stg_records_deletion_process: Deletion of ods_migrated records from stg_prep_interruption table started]
[2025-05-06 02:22:06,294: INFO: stg_records_deletion_process: Deletion of ods_migrated records from stg_prep_clinic table started]
[2025-05-06 02:22:07,926: INFO: stg_records_deletion_process: Deletion of ods_migrated records from stg_prep_interruption table completed]
[2025-05-06 02:22:08,006: INFO: stg_records_deletion_process: Deletion of ods_migrated records from stg_pmtct_mother_visitation table completed]
[2025-05-06 02:22:08,135: INFO: stg_records_deletion_process: Deletion of ods_migrated records from stg_prep_eligibility table completed]
[2025-05-06 02:22:08,192: INFO: stg_records_deletion_process: Deletion of ods_migrated records from stg_prep_enrollment table completed]
[2025-05-06 02:22:08,209: INFO: stg_records_deletion_process: Deletion of ods_migrated records from stg_prep_clinic table completed]
[2025-05-06 02:22:08,230: INFO: stg_records_deletion_process: Deletion of ods_migrated records from stg_triage_vital_sign table started]
[2025-05-06 02:22:11,868: INFO: stg_records_deletion_process: Deletion of ods_migrated records from stg_triage_vital_sign table completed]
[2025-05-06 02:22:11,897: INFO: stg_records_deletion_process: Deletion of records with Y processed status on stg_monitoring table completed]
2025-05-06 02:22:12: Pipeline completed successfully.
2025-05-07 02:00:01: Starting the pipeline...
[2025-05-07 02:00:01,334: INFO: stg_records_deletion_process: DPID_20250507_02_00]
[2025-05-07 02:00:01,336: INFO: stg_records_deletion_process: Job Started]
[2025-05-07 02:00:01,336: INFO: stg_records_deletion_process: Deletion of records with Y processed status on stg_monitoring table started]
[2025-05-07 02:00:01,359: INFO: stg_records_deletion_process: Deletion of ods_migrated records from stg_base_application_codeset table started]
[2025-05-07 02:00:01,360: INFO: stg_records_deletion_process: Deletion of ods_migrated records from stg_base_organisation_unit_identifier table started]
[2025-05-07 02:00:01,362: INFO: stg_records_deletion_process: Deletion of ods_migrated records from stg_case_manager table started]
[2025-05-07 02:00:01,362: INFO: stg_records_deletion_process: Deletion of ods_migrated records from stg_biometric table started]
[2025-05-07 02:00:01,363: INFO: stg_records_deletion_process: Deletion of ods_migrated records from stg_base_organisation_unit table started]
[2025-05-07 02:00:04,497: INFO: stg_records_deletion_process: Deletion of ods_migrated records from stg_base_organisation_unit_identifier table completed]
[2025-05-07 02:00:05,413: INFO: stg_records_deletion_process: Deletion of ods_migrated records from stg_case_manager table completed]
[2025-05-07 02:00:05,621: INFO: stg_records_deletion_process: Deletion of ods_migrated records from stg_base_organisation_unit table completed]
[2025-05-07 02:00:06,302: INFO: stg_records_deletion_process: Deletion of ods_migrated records from stg_base_application_codeset table completed]
[2025-05-07 02:04:26,979: INFO: stg_records_deletion_process: Deletion of ods_migrated records from stg_biometric table completed]
[2025-05-07 02:04:26,999: INFO: stg_records_deletion_process: Deletion of ods_migrated records from stg_hiv_art_pharmacy table started]
[2025-05-07 02:04:27,000: INFO: stg_records_deletion_process: Deletion of ods_migrated records from stg_dsd_devolvement table started]
[2025-05-07 02:04:27,001: INFO: stg_records_deletion_process: Deletion of ods_migrated records from stg_hiv_art_pharmacy_regimens table started]
[2025-05-07 02:04:27,005: INFO: stg_records_deletion_process: Deletion of ods_migrated records from stg_case_manager_patients table started]
[2025-05-07 02:04:27,007: INFO: stg_records_deletion_process: Deletion of ods_migrated records from stg_hiv_art_clinical table started]
[2025-05-07 02:04:29,693: INFO: stg_records_deletion_process: Deletion of ods_migrated records from stg_case_manager_patients table completed]
[2025-05-07 02:04:30,945: INFO: stg_records_deletion_process: Deletion of ods_migrated records from stg_dsd_devolvement table completed]
[2025-05-07 02:04:51,995: INFO: stg_records_deletion_process: Deletion of ods_migrated records from stg_hiv_art_pharmacy table completed]
[2025-05-07 02:07:21,497: INFO: stg_records_deletion_process: Deletion of ods_migrated records from stg_hiv_art_pharmacy_regimens table completed]
[2025-05-07 02:12:49,500: INFO: stg_records_deletion_process: Deletion of ods_migrated records from stg_hiv_art_clinical table completed]
[2025-05-07 02:12:49,525: INFO: stg_records_deletion_process: Deletion of ods_migrated records from stg_hiv_eac_session table started]
[2025-05-07 02:12:49,526: INFO: stg_records_deletion_process: Deletion of ods_migrated records from stg_hiv_observation table started]
[2025-05-07 02:12:49,526: INFO: stg_records_deletion_process: Deletion of ods_migrated records from stg_hiv_eac_out_come table started]
[2025-05-07 02:12:49,529: INFO: stg_records_deletion_process: Deletion of ods_migrated records from stg_hiv_enrollment table started]
[2025-05-07 02:12:49,530: INFO: stg_records_deletion_process: Deletion of ods_migrated records from stg_hiv_eac table started]
[2025-05-07 02:12:52,416: INFO: stg_records_deletion_process: Deletion of ods_migrated records from stg_hiv_eac_out_come table completed]
[2025-05-07 02:12:52,732: INFO: stg_records_deletion_process: Deletion of ods_migrated records from stg_hiv_eac table completed]
[2025-05-07 02:12:52,840: INFO: stg_records_deletion_process: Deletion of ods_migrated records from stg_hiv_eac_session table completed]
[2025-05-07 02:13:12,589: INFO: stg_records_deletion_process: Deletion of ods_migrated records from stg_hiv_enrollment table completed]
[2025-05-07 02:16:48,411: INFO: stg_records_deletion_process: Deletion of ods_migrated records from stg_hiv_observation table completed]
[2025-05-07 02:16:48,431: INFO: stg_records_deletion_process: Deletion of ods_migrated records from stg_hiv_regimen table started]
[2025-05-07 02:16:48,432: INFO: stg_records_deletion_process: Deletion of ods_migrated records from stg_hiv_regimen_resolver table started]
[2025-05-07 02:16:48,433: INFO: stg_records_deletion_process: Deletion of ods_migrated records from stg_hiv_regimen_type table started]
[2025-05-07 02:16:48,438: INFO: stg_records_deletion_process: Deletion of ods_migrated records from stg_hts_client table started]
[2025-05-07 02:16:48,440: INFO: stg_records_deletion_process: Deletion of ods_migrated records from stg_hiv_status_tracker table started]
[2025-05-07 02:16:51,634: INFO: stg_records_deletion_process: Deletion of ods_migrated records from stg_hiv_regimen_type table completed]
[2025-05-07 02:16:51,687: INFO: stg_records_deletion_process: Deletion of ods_migrated records from stg_hiv_regimen_resolver table completed]
[2025-05-07 02:16:51,751: INFO: stg_records_deletion_process: Deletion of ods_migrated records from stg_hiv_regimen table completed]
[2025-05-07 02:21:23,955: INFO: stg_records_deletion_process: Deletion of ods_migrated records from stg_hiv_status_tracker table completed]
[2025-05-07 02:25:12,024: INFO: stg_records_deletion_process: Deletion of ods_migrated records from stg_hts_client table completed]
[2025-05-07 02:25:12,047: INFO: stg_records_deletion_process: Deletion of ods_migrated records from stg_hts_client_referral table started]
[2025-05-07 02:25:12,048: INFO: stg_records_deletion_process: Deletion of ods_migrated records from stg_laboratory_order table started]
[2025-05-07 02:25:12,050: INFO: stg_records_deletion_process: Deletion of ods_migrated records from stg_laboratory_labtest table started]
[2025-05-07 02:25:12,052: INFO: stg_records_deletion_process: Deletion of ods_migrated records from stg_hts_index_elicitation table started]
[2025-05-07 02:25:12,052: INFO: stg_records_deletion_process: Deletion of ods_migrated records from stg_hts_risk_stratification table started]
[2025-05-07 02:25:15,101: INFO: stg_records_deletion_process: Deletion of ods_migrated records from stg_laboratory_labtest table completed]
[2025-05-07 02:25:15,112: INFO: stg_records_deletion_process: Deletion of ods_migrated records from stg_hts_client_referral table completed]
[2025-05-07 02:25:15,158: INFO: stg_records_deletion_process: Deletion of ods_migrated records from stg_hts_index_elicitation table completed]
[2025-05-07 02:25:15,945: INFO: stg_records_deletion_process: Deletion of ods_migrated records from stg_laboratory_order table completed]
[2025-05-07 02:25:31,158: INFO: stg_records_deletion_process: Deletion of ods_migrated records from stg_hts_risk_stratification table completed]
[2025-05-07 02:25:31,180: INFO: stg_records_deletion_process: Deletion of ods_migrated records from stg_patient_encounter table started]
[2025-05-07 02:25:31,184: INFO: stg_records_deletion_process: Deletion of ods_migrated records from stg_laboratory_result table started]
[2025-05-07 02:25:31,187: INFO: stg_records_deletion_process: Deletion of ods_migrated records from stg_patient_person table started]
[2025-05-07 02:25:31,187: INFO: stg_records_deletion_process: Deletion of ods_migrated records from stg_laboratory_sample table started]
[2025-05-07 02:25:31,188: INFO: stg_records_deletion_process: Deletion of ods_migrated records from stg_laboratory_test table started]
[2025-05-07 02:25:33,893: INFO: stg_records_deletion_process: Deletion of ods_migrated records from stg_patient_encounter table completed]
[2025-05-07 02:25:37,302: INFO: stg_records_deletion_process: Deletion of ods_migrated records from stg_laboratory_result table completed]
[2025-05-07 02:25:37,373: INFO: stg_records_deletion_process: Deletion of ods_migrated records from stg_laboratory_sample table completed]
[2025-05-07 02:25:37,550: INFO: stg_records_deletion_process: Deletion of ods_migrated records from stg_laboratory_test table completed]
[2025-05-07 02:25:56,681: INFO: stg_records_deletion_process: Deletion of ods_migrated records from stg_patient_person table completed]
[2025-05-07 02:25:56,703: INFO: stg_records_deletion_process: Deletion of ods_migrated records from stg_patient_visit table started]
[2025-05-07 02:25:56,704: INFO: stg_records_deletion_process: Deletion of ods_migrated records from stg_pmtct_anc table started]
[2025-05-07 02:25:56,706: INFO: stg_records_deletion_process: Deletion of ods_migrated records from stg_pmtct_infant_arv table started]
[2025-05-07 02:25:56,711: INFO: stg_records_deletion_process: Deletion of ods_migrated records from stg_pmtct_enrollment table started]
[2025-05-07 02:25:56,712: INFO: stg_records_deletion_process: Deletion of ods_migrated records from stg_pmtct_delivery table started]
[2025-05-07 02:25:58,271: INFO: stg_records_deletion_process: Deletion of ods_migrated records from stg_pmtct_delivery table completed]
[2025-05-07 02:25:58,276: INFO: stg_records_deletion_process: Deletion of ods_migrated records from stg_pmtct_enrollment table completed]
[2025-05-07 02:25:58,311: INFO: stg_records_deletion_process: Deletion of ods_migrated records from stg_pmtct_infant_arv table completed]
[2025-05-07 02:25:58,575: INFO: stg_records_deletion_process: Deletion of ods_migrated records from stg_pmtct_anc table completed]
[2025-05-07 02:26:13,568: INFO: stg_records_deletion_process: Deletion of ods_migrated records from stg_patient_visit table completed]
[2025-05-07 02:26:13,591: INFO: stg_records_deletion_process: Deletion of ods_migrated records from stg_pmtct_infant_mother_art table started]
[2025-05-07 02:26:13,592: INFO: stg_records_deletion_process: Deletion of ods_migrated records from stg_pmtct_infant_visit table started]
[2025-05-07 02:26:13,593: INFO: stg_records_deletion_process: Deletion of ods_migrated records from stg_pmtct_infant_information table started]
[2025-05-07 02:26:13,594: INFO: stg_records_deletion_process: Deletion of ods_migrated records from stg_pmtct_infant_pcr table started]
[2025-05-07 02:26:13,597: INFO: stg_records_deletion_process: Deletion of ods_migrated records from stg_pmtct_infant_rapid_antibody table started]
[2025-05-07 02:26:15,030: INFO: stg_records_deletion_process: Deletion of ods_migrated records from stg_pmtct_infant_mother_art table completed]
[2025-05-07 02:26:15,034: INFO: stg_records_deletion_process: Deletion of ods_migrated records from stg_pmtct_infant_visit table completed]
[2025-05-07 02:26:15,062: INFO: stg_records_deletion_process: Deletion of ods_migrated records from stg_pmtct_infant_rapid_antibody table completed]
[2025-05-07 02:26:15,070: INFO: stg_records_deletion_process: Deletion of ods_migrated records from stg_pmtct_infant_pcr table completed]
[2025-05-07 02:26:15,178: INFO: stg_records_deletion_process: Deletion of ods_migrated records from stg_pmtct_infant_information table completed]
[2025-05-07 02:26:15,198: INFO: stg_records_deletion_process: Deletion of ods_migrated records from stg_pmtct_mother_visitation table started]
[2025-05-07 02:26:15,200: INFO: stg_records_deletion_process: Deletion of ods_migrated records from stg_prep_interruption table started]
[2025-05-07 02:26:15,202: INFO: stg_records_deletion_process: Deletion of ods_migrated records from stg_prep_clinic table started]
[2025-05-07 02:26:15,205: INFO: stg_records_deletion_process: Deletion of ods_migrated records from stg_prep_eligibility table started]
[2025-05-07 02:26:15,208: INFO: stg_records_deletion_process: Deletion of ods_migrated records from stg_prep_enrollment table started]
[2025-05-07 02:26:16,705: INFO: stg_records_deletion_process: Deletion of ods_migrated records from stg_pmtct_mother_visitation table completed]
[2025-05-07 02:26:16,745: INFO: stg_records_deletion_process: Deletion of ods_migrated records from stg_prep_interruption table completed]
[2025-05-07 02:26:17,067: INFO: stg_records_deletion_process: Deletion of ods_migrated records from stg_prep_eligibility table completed]
[2025-05-07 02:26:17,072: INFO: stg_records_deletion_process: Deletion of ods_migrated records from stg_prep_clinic table completed]
[2025-05-07 02:26:17,269: INFO: stg_records_deletion_process: Deletion of ods_migrated records from stg_prep_enrollment table completed]
[2025-05-07 02:26:17,294: INFO: stg_records_deletion_process: Deletion of ods_migrated records from stg_triage_vital_sign table started]
[2025-05-07 02:26:35,108: INFO: stg_records_deletion_process: Deletion of ods_migrated records from stg_triage_vital_sign table completed]
[2025-05-07 02:26:35,140: INFO: stg_records_deletion_process: Deletion of records with Y processed status on stg_monitoring table completed]
2025-05-07 02:26:35: Pipeline completed successfully.
2025-05-08 02:00:01: Starting the pipeline...
[2025-05-08 02:00:01,706: INFO: stg_records_deletion_process: DPID_20250508_02_00]
[2025-05-08 02:00:01,707: INFO: stg_records_deletion_process: Job Started]
[2025-05-08 02:00:01,707: INFO: stg_records_deletion_process: Deletion of records with Y processed status on stg_monitoring table started]
[2025-05-08 02:00:01,727: INFO: stg_records_deletion_process: Deletion of ods_migrated records from stg_base_organisation_unit table started]
[2025-05-08 02:00:01,729: INFO: stg_records_deletion_process: Deletion of ods_migrated records from stg_biometric table started]
[2025-05-08 02:00:01,731: INFO: stg_records_deletion_process: Deletion of ods_migrated records from stg_base_application_codeset table started]
[2025-05-08 02:00:01,732: INFO: stg_records_deletion_process: Deletion of ods_migrated records from stg_base_organisation_unit_identifier table started]
[2025-05-08 02:00:01,733: INFO: stg_records_deletion_process: Deletion of ods_migrated records from stg_case_manager table started]
[2025-05-08 02:00:03,133: INFO: stg_records_deletion_process: Deletion of ods_migrated records from stg_base_organisation_unit_identifier table completed]
[2025-05-08 02:00:04,110: INFO: stg_records_deletion_process: Deletion of ods_migrated records from stg_case_manager table completed]
[2025-05-08 02:00:07,237: INFO: stg_records_deletion_process: Deletion of ods_migrated records from stg_base_organisation_unit table completed]
[2025-05-08 02:00:19,431: INFO: stg_records_deletion_process: Deletion of ods_migrated records from stg_base_application_codeset table completed]
[2025-05-08 02:00:20,927: INFO: stg_records_deletion_process: Deletion of ods_migrated records from stg_biometric table completed]
[2025-05-08 02:00:20,954: INFO: stg_records_deletion_process: Deletion of ods_migrated records from stg_hiv_art_pharmacy_regimens table started]
[2025-05-08 02:00:20,955: INFO: stg_records_deletion_process: Deletion of ods_migrated records from stg_dsd_devolvement table started]
[2025-05-08 02:00:20,955: INFO: stg_records_deletion_process: Deletion of ods_migrated records from stg_case_manager_patients table started]
[2025-05-08 02:00:20,956: INFO: stg_records_deletion_process: Deletion of ods_migrated records from stg_hiv_art_clinical table started]
[2025-05-08 02:00:20,956: INFO: stg_records_deletion_process: Deletion of ods_migrated records from stg_hiv_art_pharmacy table started]
[2025-05-08 02:00:23,782: INFO: stg_records_deletion_process: Deletion of ods_migrated records from stg_case_manager_patients table completed]
[2025-05-08 02:00:41,793: INFO: stg_records_deletion_process: Deletion of ods_migrated records from stg_dsd_devolvement table completed]
[2025-05-08 02:01:01,611: INFO: stg_records_deletion_process: Deletion of ods_migrated records from stg_hiv_art_pharmacy table completed]
[2025-05-08 02:03:46,319: INFO: stg_records_deletion_process: Deletion of ods_migrated records from stg_hiv_art_pharmacy_regimens table completed]
[2025-05-08 02:09:19,572: INFO: stg_records_deletion_process: Deletion of ods_migrated records from stg_hiv_art_clinical table completed]
[2025-05-08 02:09:19,684: INFO: stg_records_deletion_process: Deletion of ods_migrated records from stg_hiv_enrollment table started]
[2025-05-08 02:09:19,686: INFO: stg_records_deletion_process: Deletion of ods_migrated records from stg_hiv_eac_session table started]
[2025-05-08 02:09:19,686: INFO: stg_records_deletion_process: Deletion of ods_migrated records from stg_hiv_eac table started]
[2025-05-08 02:09:19,686: INFO: stg_records_deletion_process: Deletion of ods_migrated records from stg_hiv_observation table started]
[2025-05-08 02:09:19,687: INFO: stg_records_deletion_process: Deletion of ods_migrated records from stg_hiv_eac_out_come table started]
[2025-05-08 02:09:21,871: INFO: stg_records_deletion_process: Deletion of ods_migrated records from stg_hiv_eac_out_come table completed]
[2025-05-08 02:09:22,254: INFO: stg_records_deletion_process: Deletion of ods_migrated records from stg_hiv_eac table completed]
[2025-05-08 02:09:22,410: INFO: stg_records_deletion_process: Deletion of ods_migrated records from stg_hiv_eac_session table completed]
[2025-05-08 02:09:44,272: INFO: stg_records_deletion_process: Deletion of ods_migrated records from stg_hiv_enrollment table completed]
[2025-05-08 02:13:29,269: INFO: stg_records_deletion_process: Deletion of ods_migrated records from stg_hiv_observation table completed]
[2025-05-08 02:13:29,291: INFO: stg_records_deletion_process: Deletion of ods_migrated records from stg_hiv_regimen_resolver table started]
[2025-05-08 02:13:29,293: INFO: stg_records_deletion_process: Deletion of ods_migrated records from stg_hiv_regimen_type table started]
[2025-05-08 02:13:29,294: INFO: stg_records_deletion_process: Deletion of ods_migrated records from stg_hiv_status_tracker table started]
[2025-05-08 02:13:29,295: INFO: stg_records_deletion_process: Deletion of ods_migrated records from stg_hts_client table started]
[2025-05-08 02:13:29,295: INFO: stg_records_deletion_process: Deletion of ods_migrated records from stg_hiv_regimen table started]
[2025-05-08 02:13:31,642: INFO: stg_records_deletion_process: Deletion of ods_migrated records from stg_hiv_regimen_type table completed]
[2025-05-08 02:13:31,659: INFO: stg_records_deletion_process: Deletion of ods_migrated records from stg_hiv_regimen_resolver table completed]
[2025-05-08 02:13:31,724: INFO: stg_records_deletion_process: Deletion of ods_migrated records from stg_hiv_regimen table completed]
[2025-05-08 02:18:16,062: INFO: stg_records_deletion_process: Deletion of ods_migrated records from stg_hiv_status_tracker table completed]
[2025-05-08 02:22:39,702: INFO: stg_records_deletion_process: Deletion of ods_migrated records from stg_hts_client table completed]
[2025-05-08 02:22:39,721: INFO: stg_records_deletion_process: Deletion of ods_migrated records from stg_hts_risk_stratification table started]
[2025-05-08 02:22:39,725: INFO: stg_records_deletion_process: Deletion of ods_migrated records from stg_hts_index_elicitation table started]
[2025-05-08 02:22:39,727: INFO: stg_records_deletion_process: Deletion of ods_migrated records from stg_hts_client_referral table started]
[2025-05-08 02:22:39,731: INFO: stg_records_deletion_process: Deletion of ods_migrated records from stg_laboratory_order table started]
[2025-05-08 02:22:39,732: INFO: stg_records_deletion_process: Deletion of ods_migrated records from stg_laboratory_labtest table started]
[2025-05-08 02:22:41,560: INFO: stg_records_deletion_process: Deletion of ods_migrated records from stg_hts_client_referral table completed]
[2025-05-08 02:22:41,726: INFO: stg_records_deletion_process: Deletion of ods_migrated records from stg_hts_index_elicitation table completed]
[2025-05-08 02:22:41,929: INFO: stg_records_deletion_process: Deletion of ods_migrated records from stg_laboratory_labtest table completed]
[2025-05-08 02:22:45,174: INFO: stg_records_deletion_process: Deletion of ods_migrated records from stg_laboratory_order table completed]
[2025-05-08 02:23:07,358: INFO: stg_records_deletion_process: Deletion of ods_migrated records from stg_hts_risk_stratification table completed]
[2025-05-08 02:23:07,380: INFO: stg_records_deletion_process: Deletion of ods_migrated records from stg_laboratory_test table started]
[2025-05-08 02:23:07,382: INFO: stg_records_deletion_process: Deletion of ods_migrated records from stg_laboratory_sample table started]
[2025-05-08 02:23:07,384: INFO: stg_records_deletion_process: Deletion of ods_migrated records from stg_patient_encounter table started]
[2025-05-08 02:23:07,385: INFO: stg_records_deletion_process: Deletion of ods_migrated records from stg_patient_person table started]
[2025-05-08 02:23:07,386: INFO: stg_records_deletion_process: Deletion of ods_migrated records from stg_laboratory_result table started]
[2025-05-08 02:23:13,164: INFO: stg_records_deletion_process: Deletion of ods_migrated records from stg_patient_encounter table completed]
[2025-05-08 02:23:25,216: INFO: stg_records_deletion_process: Deletion of ods_migrated records from stg_laboratory_sample table completed]
[2025-05-08 02:23:25,278: INFO: stg_records_deletion_process: Deletion of ods_migrated records from stg_laboratory_result table completed]
[2025-05-08 02:23:29,306: INFO: stg_records_deletion_process: Deletion of ods_migrated records from stg_laboratory_test table completed]
[2025-05-08 02:26:04,824: INFO: stg_records_deletion_process: Deletion of ods_migrated records from stg_patient_person table completed]
[2025-05-08 02:26:04,849: INFO: stg_records_deletion_process: Deletion of ods_migrated records from stg_patient_visit table started]
[2025-05-08 02:26:04,850: INFO: stg_records_deletion_process: Deletion of ods_migrated records from stg_pmtct_anc table started]
[2025-05-08 02:26:04,852: INFO: stg_records_deletion_process: Deletion of ods_migrated records from stg_pmtct_infant_arv table started]
[2025-05-08 02:26:04,852: INFO: stg_records_deletion_process: Deletion of ods_migrated records from stg_pmtct_delivery table started]
[2025-05-08 02:26:04,853: INFO: stg_records_deletion_process: Deletion of ods_migrated records from stg_pmtct_enrollment table started]
[2025-05-08 02:26:06,629: INFO: stg_records_deletion_process: Deletion of ods_migrated records from stg_pmtct_enrollment table completed]
[2025-05-08 02:26:06,629: INFO: stg_records_deletion_process: Deletion of ods_migrated records from stg_pmtct_delivery table completed]
[2025-05-08 02:26:06,690: INFO: stg_records_deletion_process: Deletion of ods_migrated records from stg_pmtct_infant_arv table completed]
[2025-05-08 02:26:07,350: INFO: stg_records_deletion_process: Deletion of ods_migrated records from stg_pmtct_anc table completed]
[2025-05-08 02:26:31,295: INFO: stg_records_deletion_process: Deletion of ods_migrated records from stg_patient_visit table completed]
[2025-05-08 02:26:31,323: INFO: stg_records_deletion_process: Deletion of ods_migrated records from stg_pmtct_infant_visit table started]
[2025-05-08 02:26:31,326: INFO: stg_records_deletion_process: Deletion of ods_migrated records from stg_pmtct_infant_rapid_antibody table started]
[2025-05-08 02:26:31,328: INFO: stg_records_deletion_process: Deletion of ods_migrated records from stg_pmtct_infant_mother_art table started]
[2025-05-08 02:26:31,330: INFO: stg_records_deletion_process: Deletion of ods_migrated records from stg_pmtct_infant_pcr table started]
[2025-05-08 02:26:31,331: INFO: stg_records_deletion_process: Deletion of ods_migrated records from stg_pmtct_infant_information table started]
[2025-05-08 02:26:32,936: INFO: stg_records_deletion_process: Deletion of ods_migrated records from stg_pmtct_infant_rapid_antibody table completed]
[2025-05-08 02:26:32,967: INFO: stg_records_deletion_process: Deletion of ods_migrated records from stg_pmtct_infant_mother_art table completed]
[2025-05-08 02:26:32,971: INFO: stg_records_deletion_process: Deletion of ods_migrated records from stg_pmtct_infant_visit table completed]
[2025-05-08 02:26:32,992: INFO: stg_records_deletion_process: Deletion of ods_migrated records from stg_pmtct_infant_information table completed]
[2025-05-08 02:26:33,148: INFO: stg_records_deletion_process: Deletion of ods_migrated records from stg_pmtct_infant_pcr table completed]
[2025-05-08 02:26:33,169: INFO: stg_records_deletion_process: Deletion of ods_migrated records from stg_pmtct_mother_visitation table started]
[2025-05-08 02:26:33,170: INFO: stg_records_deletion_process: Deletion of ods_migrated records from stg_prep_clinic table started]
[2025-05-08 02:26:33,175: INFO: stg_records_deletion_process: Deletion of ods_migrated records from stg_prep_eligibility table started]
[2025-05-08 02:26:33,176: INFO: stg_records_deletion_process: Deletion of ods_migrated records from stg_prep_interruption table started]
[2025-05-08 02:26:33,176: INFO: stg_records_deletion_process: Deletion of ods_migrated records from stg_prep_enrollment table started]
[2025-05-08 02:26:34,706: INFO: stg_records_deletion_process: Deletion of ods_migrated records from stg_prep_interruption table completed]
[2025-05-08 02:26:34,776: INFO: stg_records_deletion_process: Deletion of ods_migrated records from stg_pmtct_mother_visitation table completed]
[2025-05-08 02:26:35,100: INFO: stg_records_deletion_process: Deletion of ods_migrated records from stg_prep_eligibility table completed]
[2025-05-08 02:26:35,103: INFO: stg_records_deletion_process: Deletion of ods_migrated records from stg_prep_clinic table completed]
[2025-05-08 02:26:35,407: INFO: stg_records_deletion_process: Deletion of ods_migrated records from stg_prep_enrollment table completed]
[2025-05-08 02:26:35,427: INFO: stg_records_deletion_process: Deletion of ods_migrated records from stg_triage_vital_sign table started]
[2025-05-08 02:27:00,326: INFO: stg_records_deletion_process: Deletion of ods_migrated records from stg_triage_vital_sign table completed]
[2025-05-08 02:27:00,354: INFO: stg_records_deletion_process: Deletion of records with Y processed status on stg_monitoring table completed]
2025-05-08 02:27:01: Pipeline completed successfully.
2025-05-09 02:00:01: Starting the pipeline...
[2025-05-09 02:00:01,937: INFO: stg_records_deletion_process: DPID_20250509_02_00]
[2025-05-09 02:00:01,939: INFO: stg_records_deletion_process: Job Started]
[2025-05-09 02:00:01,939: INFO: stg_records_deletion_process: Deletion of records with Y processed status on stg_monitoring table started]
[2025-05-09 02:00:01,959: INFO: stg_records_deletion_process: Deletion of ods_migrated records from stg_base_organisation_unit_identifier table started]
[2025-05-09 02:00:01,960: INFO: stg_records_deletion_process: Deletion of ods_migrated records from stg_base_application_codeset table started]
[2025-05-09 02:00:01,961: INFO: stg_records_deletion_process: Deletion of ods_migrated records from stg_case_manager table started]
[2025-05-09 02:00:01,962: INFO: stg_records_deletion_process: Deletion of ods_migrated records from stg_biometric table started]
[2025-05-09 02:00:01,965: INFO: stg_records_deletion_process: Deletion of ods_migrated records from stg_base_organisation_unit table started]
[2025-05-09 02:00:02,505: INFO: stg_records_deletion_process: Deletion of ods_migrated records from stg_base_organisation_unit_identifier table completed]
[2025-05-09 02:00:03,744: INFO: stg_records_deletion_process: Deletion of ods_migrated records from stg_case_manager table completed]
[2025-05-09 02:00:05,146: INFO: stg_records_deletion_process: Deletion of ods_migrated records from stg_base_organisation_unit table completed]
[2025-05-09 02:00:10,767: INFO: stg_records_deletion_process: Deletion of ods_migrated records from stg_base_application_codeset table completed]
[2025-05-09 02:00:21,413: INFO: stg_records_deletion_process: Deletion of ods_migrated records from stg_biometric table completed]
[2025-05-09 02:00:21,437: INFO: stg_records_deletion_process: Deletion of ods_migrated records from stg_hiv_art_clinical table started]
[2025-05-09 02:00:21,438: INFO: stg_records_deletion_process: Deletion of ods_migrated records from stg_case_manager_patients table started]
[2025-05-09 02:00:21,440: INFO: stg_records_deletion_process: Deletion of ods_migrated records from stg_dsd_devolvement table started]
[2025-05-09 02:00:21,442: INFO: stg_records_deletion_process: Deletion of ods_migrated records from stg_hiv_art_pharmacy table started]
[2025-05-09 02:00:21,443: INFO: stg_records_deletion_process: Deletion of ods_migrated records from stg_hiv_art_pharmacy_regimens table started]
[2025-05-09 02:00:23,658: INFO: stg_records_deletion_process: Deletion of ods_migrated records from stg_case_manager_patients table completed]
[2025-05-09 02:00:24,597: INFO: stg_records_deletion_process: Deletion of ods_migrated records from stg_dsd_devolvement table completed]
[2025-05-09 02:00:45,649: INFO: stg_records_deletion_process: Deletion of ods_migrated records from stg_hiv_art_pharmacy table completed]
[2025-05-09 02:03:28,664: INFO: stg_records_deletion_process: Deletion of ods_migrated records from stg_hiv_art_pharmacy_regimens table completed]
[2025-05-09 02:08:46,025: INFO: stg_records_deletion_process: Deletion of ods_migrated records from stg_hiv_art_clinical table completed]
[2025-05-09 02:08:46,051: INFO: stg_records_deletion_process: Deletion of ods_migrated records from stg_hiv_eac_out_come table started]
[2025-05-09 02:08:46,052: INFO: stg_records_deletion_process: Deletion of ods_migrated records from stg_hiv_eac table started]
[2025-05-09 02:08:46,052: INFO: stg_records_deletion_process: Deletion of ods_migrated records from stg_hiv_observation table started]
[2025-05-09 02:08:46,054: INFO: stg_records_deletion_process: Deletion of ods_migrated records from stg_hiv_eac_session table started]
[2025-05-09 02:08:46,055: INFO: stg_records_deletion_process: Deletion of ods_migrated records from stg_hiv_enrollment table started]
[2025-05-09 02:08:48,566: INFO: stg_records_deletion_process: Deletion of ods_migrated records from stg_hiv_eac_out_come table completed]
[2025-05-09 02:08:49,034: INFO: stg_records_deletion_process: Deletion of ods_migrated records from stg_hiv_eac table completed]
[2025-05-09 02:08:49,070: INFO: stg_records_deletion_process: Deletion of ods_migrated records from stg_hiv_eac_session table completed]
[2025-05-09 02:09:09,266: INFO: stg_records_deletion_process: Deletion of ods_migrated records from stg_hiv_enrollment table completed]
[2025-05-09 02:12:47,377: INFO: stg_records_deletion_process: Deletion of ods_migrated records from stg_hiv_observation table completed]
[2025-05-09 02:12:47,398: INFO: stg_records_deletion_process: Deletion of ods_migrated records from stg_hiv_regimen table started]
[2025-05-09 02:12:47,402: INFO: stg_records_deletion_process: Deletion of ods_migrated records from stg_hiv_regimen_resolver table started]
[2025-05-09 02:12:47,403: INFO: stg_records_deletion_process: Deletion of ods_migrated records from stg_hiv_status_tracker table started]
[2025-05-09 02:12:47,404: INFO: stg_records_deletion_process: Deletion of ods_migrated records from stg_hts_client table started]
[2025-05-09 02:12:47,405: INFO: stg_records_deletion_process: Deletion of ods_migrated records from stg_hiv_regimen_type table started]
[2025-05-09 02:12:49,910: INFO: stg_records_deletion_process: Deletion of ods_migrated records from stg_hiv_regimen_type table completed]
[2025-05-09 02:12:49,967: INFO: stg_records_deletion_process: Deletion of ods_migrated records from stg_hiv_regimen table completed]
[2025-05-09 02:12:50,006: INFO: stg_records_deletion_process: Deletion of ods_migrated records from stg_hiv_regimen_resolver table completed]
[2025-05-09 02:17:21,023: INFO: stg_records_deletion_process: Deletion of ods_migrated records from stg_hiv_status_tracker table completed]
[2025-05-09 02:21:22,290: INFO: stg_records_deletion_process: Deletion of ods_migrated records from stg_hts_client table completed]
[2025-05-09 02:21:22,317: INFO: stg_records_deletion_process: Deletion of ods_migrated records from stg_laboratory_labtest table started]
[2025-05-09 02:21:22,318: INFO: stg_records_deletion_process: Deletion of ods_migrated records from stg_hts_client_referral table started]
[2025-05-09 02:21:22,319: INFO: stg_records_deletion_process: Deletion of ods_migrated records from stg_laboratory_order table started]
[2025-05-09 02:21:22,320: INFO: stg_records_deletion_process: Deletion of ods_migrated records from stg_hts_risk_stratification table started]
[2025-05-09 02:21:22,321: INFO: stg_records_deletion_process: Deletion of ods_migrated records from stg_hts_index_elicitation table started]
[2025-05-09 02:21:25,474: INFO: stg_records_deletion_process: Deletion of ods_migrated records from stg_hts_client_referral table completed]
[2025-05-09 02:21:25,494: INFO: stg_records_deletion_process: Deletion of ods_migrated records from stg_hts_index_elicitation table completed]
[2025-05-09 02:21:25,561: INFO: stg_records_deletion_process: Deletion of ods_migrated records from stg_laboratory_labtest table completed]
[2025-05-09 02:21:26,995: INFO: stg_records_deletion_process: Deletion of ods_migrated records from stg_laboratory_order table completed]
[2025-05-09 02:21:28,959: INFO: stg_records_deletion_process: Deletion of ods_migrated records from stg_hts_risk_stratification table completed]
[2025-05-09 02:21:28,982: INFO: stg_records_deletion_process: Deletion of ods_migrated records from stg_laboratory_sample table started]
[2025-05-09 02:21:28,985: INFO: stg_records_deletion_process: Deletion of ods_migrated records from stg_laboratory_test table started]
[2025-05-09 02:21:28,986: INFO: stg_records_deletion_process: Deletion of ods_migrated records from stg_patient_person table started]
[2025-05-09 02:21:28,987: INFO: stg_records_deletion_process: Deletion of ods_migrated records from stg_laboratory_result table started]
[2025-05-09 02:21:28,988: INFO: stg_records_deletion_process: Deletion of ods_migrated records from stg_patient_encounter table started]
[2025-05-09 02:21:33,942: INFO: stg_records_deletion_process: Deletion of ods_migrated records from stg_patient_encounter table completed]
[2025-05-09 02:21:35,943: INFO: stg_records_deletion_process: Deletion of ods_migrated records from stg_laboratory_test table completed]
[2025-05-09 02:21:36,172: INFO: stg_records_deletion_process: Deletion of ods_migrated records from stg_laboratory_result table completed]
[2025-05-09 02:21:36,278: INFO: stg_records_deletion_process: Deletion of ods_migrated records from stg_laboratory_sample table completed]
[2025-05-09 02:21:57,630: INFO: stg_records_deletion_process: Deletion of ods_migrated records from stg_patient_person table completed]
[2025-05-09 02:21:57,649: INFO: stg_records_deletion_process: Deletion of ods_migrated records from stg_patient_visit table started]
[2025-05-09 02:21:57,651: INFO: stg_records_deletion_process: Deletion of ods_migrated records from stg_pmtct_infant_arv table started]
[2025-05-09 02:21:57,651: INFO: stg_records_deletion_process: Deletion of ods_migrated records from stg_pmtct_anc table started]
[2025-05-09 02:21:57,654: INFO: stg_records_deletion_process: Deletion of ods_migrated records from stg_pmtct_delivery table started]
[2025-05-09 02:21:57,655: INFO: stg_records_deletion_process: Deletion of ods_migrated records from stg_pmtct_enrollment table started]
[2025-05-09 02:21:59,375: INFO: stg_records_deletion_process: Deletion of ods_migrated records from stg_pmtct_enrollment table completed]
[2025-05-09 02:21:59,423: INFO: stg_records_deletion_process: Deletion of ods_migrated records from stg_pmtct_infant_arv table completed]
[2025-05-09 02:21:59,424: INFO: stg_records_deletion_process: Deletion of ods_migrated records from stg_pmtct_delivery table completed]
[2025-05-09 02:21:59,810: INFO: stg_records_deletion_process: Deletion of ods_migrated records from stg_pmtct_anc table completed]
[2025-05-09 02:22:03,535: INFO: stg_records_deletion_process: Deletion of ods_migrated records from stg_patient_visit table completed]
[2025-05-09 02:22:03,551: INFO: stg_records_deletion_process: Deletion of ods_migrated records from stg_pmtct_infant_information table started]
[2025-05-09 02:22:03,555: INFO: stg_records_deletion_process: Deletion of ods_migrated records from stg_pmtct_infant_mother_art table started]
[2025-05-09 02:22:03,555: INFO: stg_records_deletion_process: Deletion of ods_migrated records from stg_pmtct_infant_pcr table started]
[2025-05-09 02:22:03,560: INFO: stg_records_deletion_process: Deletion of ods_migrated records from stg_pmtct_infant_visit table started]
[2025-05-09 02:22:03,561: INFO: stg_records_deletion_process: Deletion of ods_migrated records from stg_pmtct_infant_rapid_antibody table started]
[2025-05-09 02:22:05,217: INFO: stg_records_deletion_process: Deletion of ods_migrated records from stg_pmtct_infant_rapid_antibody table completed]
[2025-05-09 02:22:05,249: INFO: stg_records_deletion_process: Deletion of ods_migrated records from stg_pmtct_infant_information table completed]
[2025-05-09 02:22:05,264: INFO: stg_records_deletion_process: Deletion of ods_migrated records from stg_pmtct_infant_visit table completed]
[2025-05-09 02:22:05,287: INFO: stg_records_deletion_process: Deletion of ods_migrated records from stg_pmtct_infant_pcr table completed]
[2025-05-09 02:22:05,348: INFO: stg_records_deletion_process: Deletion of ods_migrated records from stg_pmtct_infant_mother_art table completed]
[2025-05-09 02:22:05,372: INFO: stg_records_deletion_process: Deletion of ods_migrated records from stg_prep_interruption table started]
[2025-05-09 02:22:05,374: INFO: stg_records_deletion_process: Deletion of ods_migrated records from stg_prep_enrollment table started]
[2025-05-09 02:22:05,375: INFO: stg_records_deletion_process: Deletion of ods_migrated records from stg_prep_clinic table started]
[2025-05-09 02:22:05,375: INFO: stg_records_deletion_process: Deletion of ods_migrated records from stg_pmtct_mother_visitation table started]
[2025-05-09 02:22:05,376: INFO: stg_records_deletion_process: Deletion of ods_migrated records from stg_prep_eligibility table started]
[2025-05-09 02:22:07,109: INFO: stg_records_deletion_process: Deletion of ods_migrated records from stg_prep_interruption table completed]
[2025-05-09 02:22:07,132: INFO: stg_records_deletion_process: Deletion of ods_migrated records from stg_pmtct_mother_visitation table completed]
[2025-05-09 02:22:07,436: INFO: stg_records_deletion_process: Deletion of ods_migrated records from stg_prep_enrollment table completed]
[2025-05-09 02:22:07,437: INFO: stg_records_deletion_process: Deletion of ods_migrated records from stg_prep_eligibility table completed]
[2025-05-09 02:22:07,597: INFO: stg_records_deletion_process: Deletion of ods_migrated records from stg_prep_clinic table completed]
[2025-05-09 02:22:07,622: INFO: stg_records_deletion_process: Deletion of ods_migrated records from stg_triage_vital_sign table started]
[2025-05-09 02:22:11,529: INFO: stg_records_deletion_process: Deletion of ods_migrated records from stg_triage_vital_sign table completed]
[2025-05-09 02:22:11,560: INFO: stg_records_deletion_process: Deletion of records with Y processed status on stg_monitoring table completed]
2025-05-09 02:22:12: Pipeline completed successfully.
2025-05-10 02:00:01: Starting the pipeline...
[2025-05-10 02:00:01,567: INFO: stg_records_deletion_process: DPID_20250510_02_00]
[2025-05-10 02:00:01,570: INFO: stg_records_deletion_process: Job Started]
[2025-05-10 02:00:01,570: INFO: stg_records_deletion_process: Deletion of records with Y processed status on stg_monitoring table started]
[2025-05-10 02:00:01,601: INFO: stg_records_deletion_process: Deletion of ods_migrated records from stg_biometric table started]
[2025-05-10 02:00:01,601: INFO: stg_records_deletion_process: Deletion of ods_migrated records from stg_base_organisation_unit table started]
[2025-05-10 02:00:01,602: INFO: stg_records_deletion_process: Deletion of ods_migrated records from stg_case_manager table started]
[2025-05-10 02:00:01,603: INFO: stg_records_deletion_process: Deletion of ods_migrated records from stg_base_application_codeset table started]
[2025-05-10 02:00:01,603: INFO: stg_records_deletion_process: Deletion of ods_migrated records from stg_base_organisation_unit_identifier table started]
[2025-05-10 02:00:02,223: INFO: stg_records_deletion_process: Deletion of ods_migrated records from stg_base_organisation_unit_identifier table completed]
[2025-05-10 02:00:03,937: INFO: stg_records_deletion_process: Deletion of ods_migrated records from stg_case_manager table completed]
[2025-05-10 02:00:06,820: INFO: stg_records_deletion_process: Deletion of ods_migrated records from stg_base_organisation_unit table completed]
[2025-05-10 02:00:19,835: INFO: stg_records_deletion_process: Deletion of ods_migrated records from stg_base_application_codeset table completed]
[2025-05-10 02:02:53,616: INFO: stg_records_deletion_process: Deletion of ods_migrated records from stg_biometric table completed]
[2025-05-10 02:02:53,639: INFO: stg_records_deletion_process: Deletion of ods_migrated records from stg_dsd_devolvement table started]
[2025-05-10 02:02:53,640: INFO: stg_records_deletion_process: Deletion of ods_migrated records from stg_hiv_art_pharmacy_regimens table started]
[2025-05-10 02:02:53,640: INFO: stg_records_deletion_process: Deletion of ods_migrated records from stg_case_manager_patients table started]
[2025-05-10 02:02:53,641: INFO: stg_records_deletion_process: Deletion of ods_migrated records from stg_hiv_art_clinical table started]
[2025-05-10 02:02:53,642: INFO: stg_records_deletion_process: Deletion of ods_migrated records from stg_hiv_art_pharmacy table started]
[2025-05-10 02:02:59,607: INFO: stg_records_deletion_process: Deletion of ods_migrated records from stg_case_manager_patients table completed]
[2025-05-10 02:03:20,301: INFO: stg_records_deletion_process: Deletion of ods_migrated records from stg_dsd_devolvement table completed]
[2025-05-10 02:06:21,246: INFO: stg_records_deletion_process: Deletion of ods_migrated records from stg_hiv_art_pharmacy_regimens table completed]
[2025-05-10 02:09:01,096: INFO: stg_records_deletion_process: Deletion of ods_migrated records from stg_hiv_art_pharmacy table completed]
[2025-05-10 02:12:40,883: INFO: stg_records_deletion_process: Deletion of ods_migrated records from stg_hiv_art_clinical table completed]
[2025-05-10 02:12:40,905: INFO: stg_records_deletion_process: Deletion of ods_migrated records from stg_hiv_eac table started]
[2025-05-10 02:12:40,906: INFO: stg_records_deletion_process: Deletion of ods_migrated records from stg_hiv_eac_out_come table started]
[2025-05-10 02:12:40,907: INFO: stg_records_deletion_process: Deletion of ods_migrated records from stg_hiv_enrollment table started]
[2025-05-10 02:12:40,907: INFO: stg_records_deletion_process: Deletion of ods_migrated records from stg_hiv_observation table started]
[2025-05-10 02:12:40,910: INFO: stg_records_deletion_process: Deletion of ods_migrated records from stg_hiv_eac_session table started]
[2025-05-10 02:12:43,150: INFO: stg_records_deletion_process: Deletion of ods_migrated records from stg_hiv_eac_out_come table completed]
[2025-05-10 02:12:43,825: INFO: stg_records_deletion_process: Deletion of ods_migrated records from stg_hiv_eac table completed]
[2025-05-10 02:12:43,926: INFO: stg_records_deletion_process: Deletion of ods_migrated records from stg_hiv_eac_session table completed]
[2025-05-10 02:13:05,882: INFO: stg_records_deletion_process: Deletion of ods_migrated records from stg_hiv_enrollment table completed]
[2025-05-10 02:17:11,709: INFO: stg_records_deletion_process: Deletion of ods_migrated records from stg_hiv_observation table completed]
[2025-05-10 02:17:11,729: INFO: stg_records_deletion_process: Deletion of ods_migrated records from stg_hiv_regimen table started]
[2025-05-10 02:17:11,732: INFO: stg_records_deletion_process: Deletion of ods_migrated records from stg_hiv_status_tracker table started]
[2025-05-10 02:17:11,734: INFO: stg_records_deletion_process: Deletion of ods_migrated records from stg_hiv_regimen_resolver table started]
[2025-05-10 02:17:11,735: INFO: stg_records_deletion_process: Deletion of ods_migrated records from stg_hts_client table started]
[2025-05-10 02:17:11,737: INFO: stg_records_deletion_process: Deletion of ods_migrated records from stg_hiv_regimen_type table started]
[2025-05-10 02:17:15,367: INFO: stg_records_deletion_process: Deletion of ods_migrated records from stg_hiv_regimen_resolver table completed]
[2025-05-10 02:17:15,372: INFO: stg_records_deletion_process: Deletion of ods_migrated records from stg_hiv_regimen_type table completed]
[2025-05-10 02:17:15,404: INFO: stg_records_deletion_process: Deletion of ods_migrated records from stg_hiv_regimen table completed]
[2025-05-10 02:22:05,690: INFO: stg_records_deletion_process: Deletion of ods_migrated records from stg_hiv_status_tracker table completed]
[2025-05-10 02:26:49,299: INFO: stg_records_deletion_process: Deletion of ods_migrated records from stg_hts_client table completed]
[2025-05-10 02:26:49,317: INFO: stg_records_deletion_process: Deletion of ods_migrated records from stg_hts_client_referral table started]
[2025-05-10 02:26:49,318: INFO: stg_records_deletion_process: Deletion of ods_migrated records from stg_laboratory_labtest table started]
[2025-05-10 02:26:49,319: INFO: stg_records_deletion_process: Deletion of ods_migrated records from stg_laboratory_order table started]
[2025-05-10 02:26:49,323: INFO: stg_records_deletion_process: Deletion of ods_migrated records from stg_hts_risk_stratification table started]
[2025-05-10 02:26:49,327: INFO: stg_records_deletion_process: Deletion of ods_migrated records from stg_hts_index_elicitation table started]
[2025-05-10 02:26:51,469: INFO: stg_records_deletion_process: Deletion of ods_migrated records from stg_hts_client_referral table completed]
[2025-05-10 02:26:51,703: INFO: stg_records_deletion_process: Deletion of ods_migrated records from stg_laboratory_labtest table completed]
[2025-05-10 02:26:52,262: INFO: stg_records_deletion_process: Deletion of ods_migrated records from stg_hts_index_elicitation table completed]
[2025-05-10 02:27:18,686: INFO: stg_records_deletion_process: Deletion of ods_migrated records from stg_laboratory_order table completed]
[2025-05-10 02:27:27,284: INFO: stg_records_deletion_process: Deletion of ods_migrated records from stg_hts_risk_stratification table completed]
[2025-05-10 02:27:27,308: INFO: stg_records_deletion_process: Deletion of ods_migrated records from stg_laboratory_sample table started]
[2025-05-10 02:27:27,309: INFO: stg_records_deletion_process: Deletion of ods_migrated records from stg_laboratory_result table started]
[2025-05-10 02:27:27,310: INFO: stg_records_deletion_process: Deletion of ods_migrated records from stg_laboratory_test table started]
[2025-05-10 02:27:27,312: INFO: stg_records_deletion_process: Deletion of ods_migrated records from stg_patient_person table started]
[2025-05-10 02:27:27,313: INFO: stg_records_deletion_process: Deletion of ods_migrated records from stg_patient_encounter table started]
[2025-05-10 02:28:08,461: INFO: stg_records_deletion_process: Deletion of ods_migrated records from stg_patient_encounter table completed]
[2025-05-10 02:28:15,024: INFO: stg_records_deletion_process: Deletion of ods_migrated records from stg_laboratory_sample table completed]
[2025-05-10 02:28:15,968: INFO: stg_records_deletion_process: Deletion of ods_migrated records from stg_laboratory_result table completed]
[2025-05-10 02:28:16,029: INFO: stg_records_deletion_process: Deletion of ods_migrated records from stg_laboratory_test table completed]
[2025-05-10 02:34:09,114: INFO: stg_records_deletion_process: Deletion of ods_migrated records from stg_patient_person table completed]
[2025-05-10 02:34:09,139: INFO: stg_records_deletion_process: Deletion of ods_migrated records from stg_pmtct_delivery table started]
[2025-05-10 02:34:09,140: INFO: stg_records_deletion_process: Deletion of ods_migrated records from stg_pmtct_anc table started]
[2025-05-10 02:34:09,142: INFO: stg_records_deletion_process: Deletion of ods_migrated records from stg_pmtct_infant_arv table started]
[2025-05-10 02:34:09,142: INFO: stg_records_deletion_process: Deletion of ods_migrated records from stg_pmtct_enrollment table started]
[2025-05-10 02:34:09,143: INFO: stg_records_deletion_process: Deletion of ods_migrated records from stg_patient_visit table started]
[2025-05-10 02:34:11,008: INFO: stg_records_deletion_process: Deletion of ods_migrated records from stg_pmtct_infant_arv table completed]
[2025-05-10 02:34:11,143: INFO: stg_records_deletion_process: Deletion of ods_migrated records from stg_pmtct_enrollment table completed]
[2025-05-10 02:34:11,149: INFO: stg_records_deletion_process: Deletion of ods_migrated records from stg_pmtct_delivery table completed]
[2025-05-10 02:34:12,020: INFO: stg_records_deletion_process: Deletion of ods_migrated records from stg_pmtct_anc table completed]
[2025-05-10 02:36:11,269: INFO: stg_records_deletion_process: Deletion of ods_migrated records from stg_patient_visit table completed]
[2025-05-10 02:36:11,294: INFO: stg_records_deletion_process: Deletion of ods_migrated records from stg_pmtct_infant_mother_art table started]
[2025-05-10 02:36:11,295: INFO: stg_records_deletion_process: Deletion of ods_migrated records from stg_pmtct_infant_pcr table started]
[2025-05-10 02:36:11,296: INFO: stg_records_deletion_process: Deletion of ods_migrated records from stg_pmtct_infant_information table started]
[2025-05-10 02:36:11,297: INFO: stg_records_deletion_process: Deletion of ods_migrated records from stg_pmtct_infant_visit table started]
[2025-05-10 02:36:11,300: INFO: stg_records_deletion_process: Deletion of ods_migrated records from stg_pmtct_infant_rapid_antibody table started]
[2025-05-10 02:36:12,899: INFO: stg_records_deletion_process: Deletion of ods_migrated records from stg_pmtct_infant_rapid_antibody table completed]
[2025-05-10 02:36:12,906: INFO: stg_records_deletion_process: Deletion of ods_migrated records from stg_pmtct_infant_visit table completed]
[2025-05-10 02:36:13,085: INFO: stg_records_deletion_process: Deletion of ods_migrated records from stg_pmtct_infant_mother_art table completed]
[2025-05-10 02:36:13,096: INFO: stg_records_deletion_process: Deletion of ods_migrated records from stg_pmtct_infant_information table completed]
[2025-05-10 02:36:13,271: INFO: stg_records_deletion_process: Deletion of ods_migrated records from stg_pmtct_infant_pcr table completed]
[2025-05-10 02:36:13,292: INFO: stg_records_deletion_process: Deletion of ods_migrated records from stg_prep_eligibility table started]
[2025-05-10 02:36:13,296: INFO: stg_records_deletion_process: Deletion of ods_migrated records from stg_prep_enrollment table started]
[2025-05-10 02:36:13,299: INFO: stg_records_deletion_process: Deletion of ods_migrated records from stg_prep_clinic table started]
[2025-05-10 02:36:13,299: INFO: stg_records_deletion_process: Deletion of ods_migrated records from stg_pmtct_mother_visitation table started]
[2025-05-10 02:36:13,302: INFO: stg_records_deletion_process: Deletion of ods_migrated records from stg_prep_interruption table started]
[2025-05-10 02:36:14,882: INFO: stg_records_deletion_process: Deletion of ods_migrated records from stg_prep_interruption table completed]
[2025-05-10 02:36:15,029: INFO: stg_records_deletion_process: Deletion of ods_migrated records from stg_pmtct_mother_visitation table completed]
[2025-05-10 02:36:15,339: INFO: stg_records_deletion_process: Deletion of ods_migrated records from stg_prep_clinic table completed]
[2025-05-10 02:36:15,406: INFO: stg_records_deletion_process: Deletion of ods_migrated records from stg_prep_eligibility table completed]
[2025-05-10 02:36:17,246: INFO: stg_records_deletion_process: Deletion of ods_migrated records from stg_prep_enrollment table completed]
[2025-05-10 02:36:17,264: INFO: stg_records_deletion_process: Deletion of ods_migrated records from stg_triage_vital_sign table started]
[2025-05-10 02:36:48,390: INFO: stg_records_deletion_process: Deletion of ods_migrated records from stg_triage_vital_sign table completed]
[2025-05-10 02:36:48,421: INFO: stg_records_deletion_process: Deletion of records with Y processed status on stg_monitoring table completed]
2025-05-10 02:36:48: Pipeline completed successfully.
2025-05-11 02:00:02: Starting the pipeline...
[2025-05-11 02:00:02,275: INFO: stg_records_deletion_process: DPID_20250511_02_00]
[2025-05-11 02:00:02,276: INFO: stg_records_deletion_process: Job Started]
[2025-05-11 02:00:02,277: INFO: stg_records_deletion_process: Deletion of records with Y processed status on stg_monitoring table started]
[2025-05-11 02:00:02,298: INFO: stg_records_deletion_process: Deletion of ods_migrated records from stg_biometric table started]
[2025-05-11 02:00:02,300: INFO: stg_records_deletion_process: Deletion of ods_migrated records from stg_base_organisation_unit_identifier table started]
[2025-05-11 02:00:02,300: INFO: stg_records_deletion_process: Deletion of ods_migrated records from stg_base_organisation_unit table started]
[2025-05-11 02:00:02,301: INFO: stg_records_deletion_process: Deletion of ods_migrated records from stg_case_manager table started]
[2025-05-11 02:00:02,302: INFO: stg_records_deletion_process: Deletion of ods_migrated records from stg_base_application_codeset table started]
[2025-05-11 02:00:02,989: INFO: stg_records_deletion_process: Deletion of ods_migrated records from stg_base_organisation_unit_identifier table completed]
[2025-05-11 02:00:04,229: INFO: stg_records_deletion_process: Deletion of ods_migrated records from stg_case_manager table completed]
[2025-05-11 02:00:04,419: INFO: stg_records_deletion_process: Deletion of ods_migrated records from stg_base_organisation_unit table completed]
[2025-05-11 02:00:05,294: INFO: stg_records_deletion_process: Deletion of ods_migrated records from stg_base_application_codeset table completed]
[2025-05-11 02:00:21,877: INFO: stg_records_deletion_process: Deletion of ods_migrated records from stg_biometric table completed]
[2025-05-11 02:00:21,903: INFO: stg_records_deletion_process: Deletion of ods_migrated records from stg_hiv_art_pharmacy_regimens table started]
[2025-05-11 02:00:21,903: INFO: stg_records_deletion_process: Deletion of ods_migrated records from stg_dsd_devolvement table started]
[2025-05-11 02:00:21,905: INFO: stg_records_deletion_process: Deletion of ods_migrated records from stg_hiv_art_pharmacy table started]
[2025-05-11 02:00:21,906: INFO: stg_records_deletion_process: Deletion of ods_migrated records from stg_case_manager_patients table started]
[2025-05-11 02:00:21,907: INFO: stg_records_deletion_process: Deletion of ods_migrated records from stg_hiv_art_clinical table started]
[2025-05-11 02:00:23,993: INFO: stg_records_deletion_process: Deletion of ods_migrated records from stg_case_manager_patients table completed]
[2025-05-11 02:00:24,755: INFO: stg_records_deletion_process: Deletion of ods_migrated records from stg_hiv_art_pharmacy table completed]
[2025-05-11 02:00:31,692: INFO: stg_records_deletion_process: Deletion of ods_migrated records from stg_dsd_devolvement table completed]
[2025-05-11 02:03:14,752: INFO: stg_records_deletion_process: Deletion of ods_migrated records from stg_hiv_art_pharmacy_regimens table completed]
[2025-05-11 02:08:56,188: INFO: stg_records_deletion_process: Deletion of ods_migrated records from stg_hiv_art_clinical table completed]
[2025-05-11 02:08:56,210: INFO: stg_records_deletion_process: Deletion of ods_migrated records from stg_hiv_eac_out_come table started]
[2025-05-11 02:08:56,211: INFO: stg_records_deletion_process: Deletion of ods_migrated records from stg_hiv_eac_session table started]
[2025-05-11 02:08:56,212: INFO: stg_records_deletion_process: Deletion of ods_migrated records from stg_hiv_observation table started]
[2025-05-11 02:08:56,216: INFO: stg_records_deletion_process: Deletion of ods_migrated records from stg_hiv_enrollment table started]
[2025-05-11 02:08:56,217: INFO: stg_records_deletion_process: Deletion of ods_migrated records from stg_hiv_eac table started]
[2025-05-11 02:08:59,483: INFO: stg_records_deletion_process: Deletion of ods_migrated records from stg_hiv_eac_out_come table completed]
[2025-05-11 02:08:59,787: INFO: stg_records_deletion_process: Deletion of ods_migrated records from stg_hiv_eac table completed]
[2025-05-11 02:08:59,917: INFO: stg_records_deletion_process: Deletion of ods_migrated records from stg_hiv_eac_session table completed]
[2025-05-11 02:09:19,980: INFO: stg_records_deletion_process: Deletion of ods_migrated records from stg_hiv_enrollment table completed]
[2025-05-11 02:12:57,148: INFO: stg_records_deletion_process: Deletion of ods_migrated records from stg_hiv_observation table completed]
[2025-05-11 02:12:57,174: INFO: stg_records_deletion_process: Deletion of ods_migrated records from stg_hts_client table started]
[2025-05-11 02:12:57,174: INFO: stg_records_deletion_process: Deletion of ods_migrated records from stg_hiv_regimen table started]
[2025-05-11 02:12:57,177: INFO: stg_records_deletion_process: Deletion of ods_migrated records from stg_hiv_regimen_resolver table started]
[2025-05-11 02:12:57,178: INFO: stg_records_deletion_process: Deletion of ods_migrated records from stg_hiv_status_tracker table started]
[2025-05-11 02:12:57,179: INFO: stg_records_deletion_process: Deletion of ods_migrated records from stg_hiv_regimen_type table started]
[2025-05-11 02:13:00,436: INFO: stg_records_deletion_process: Deletion of ods_migrated records from stg_hiv_regimen_type table completed]
[2025-05-11 02:13:00,447: INFO: stg_records_deletion_process: Deletion of ods_migrated records from stg_hiv_regimen table completed]
[2025-05-11 02:13:00,509: INFO: stg_records_deletion_process: Deletion of ods_migrated records from stg_hiv_regimen_resolver table completed]
[2025-05-11 02:17:35,925: INFO: stg_records_deletion_process: Deletion of ods_migrated records from stg_hiv_status_tracker table completed]
[2025-05-11 02:21:24,183: INFO: stg_records_deletion_process: Deletion of ods_migrated records from stg_hts_client table completed]
[2025-05-11 02:21:24,217: INFO: stg_records_deletion_process: Deletion of ods_migrated records from stg_hts_client_referral table started]
[2025-05-11 02:21:24,219: INFO: stg_records_deletion_process: Deletion of ods_migrated records from stg_laboratory_labtest table started]
[2025-05-11 02:21:24,222: INFO: stg_records_deletion_process: Deletion of ods_migrated records from stg_hts_index_elicitation table started]
[2025-05-11 02:21:24,227: INFO: stg_records_deletion_process: Deletion of ods_migrated records from stg_hts_risk_stratification table started]
[2025-05-11 02:21:24,233: INFO: stg_records_deletion_process: Deletion of ods_migrated records from stg_laboratory_order table started]
[2025-05-11 02:21:27,469: INFO: stg_records_deletion_process: Deletion of ods_migrated records from stg_hts_client_referral table completed]
[2025-05-11 02:21:27,660: INFO: stg_records_deletion_process: Deletion of ods_migrated records from stg_hts_index_elicitation table completed]
[2025-05-11 02:21:27,732: INFO: stg_records_deletion_process: Deletion of ods_migrated records from stg_laboratory_labtest table completed]
[2025-05-11 02:21:28,021: INFO: stg_records_deletion_process: Deletion of ods_migrated records from stg_laboratory_order table completed]
[2025-05-11 02:21:29,376: INFO: stg_records_deletion_process: Deletion of ods_migrated records from stg_hts_risk_stratification table completed]
[2025-05-11 02:21:29,394: INFO: stg_records_deletion_process: Deletion of ods_migrated records from stg_laboratory_test table started]
[2025-05-11 02:21:29,395: INFO: stg_records_deletion_process: Deletion of ods_migrated records from stg_patient_encounter table started]
[2025-05-11 02:21:29,396: INFO: stg_records_deletion_process: Deletion of ods_migrated records from stg_laboratory_sample table started]
[2025-05-11 02:21:29,400: INFO: stg_records_deletion_process: Deletion of ods_migrated records from stg_laboratory_result table started]
[2025-05-11 02:21:29,405: INFO: stg_records_deletion_process: Deletion of ods_migrated records from stg_patient_person table started]
[2025-05-11 02:21:32,286: INFO: stg_records_deletion_process: Deletion of ods_migrated records from stg_laboratory_sample table completed]
[2025-05-11 02:21:32,624: INFO: stg_records_deletion_process: Deletion of ods_migrated records from stg_laboratory_result table completed]
[2025-05-11 02:21:32,806: INFO: stg_records_deletion_process: Deletion of ods_migrated records from stg_laboratory_test table completed]
[2025-05-11 02:21:33,010: INFO: stg_records_deletion_process: Deletion of ods_migrated records from stg_patient_encounter table completed]
[2025-05-11 02:21:34,773: INFO: stg_records_deletion_process: Deletion of ods_migrated records from stg_patient_person table completed]
[2025-05-11 02:21:34,796: INFO: stg_records_deletion_process: Deletion of ods_migrated records from stg_pmtct_enrollment table started]
[2025-05-11 02:21:34,796: INFO: stg_records_deletion_process: Deletion of ods_migrated records from stg_pmtct_anc table started]
[2025-05-11 02:21:34,797: INFO: stg_records_deletion_process: Deletion of ods_migrated records from stg_patient_visit table started]
[2025-05-11 02:21:34,798: INFO: stg_records_deletion_process: Deletion of ods_migrated records from stg_pmtct_infant_arv table started]
[2025-05-11 02:21:34,800: INFO: stg_records_deletion_process: Deletion of ods_migrated records from stg_pmtct_delivery table started]
[2025-05-11 02:21:36,379: INFO: stg_records_deletion_process: Deletion of ods_migrated records from stg_pmtct_infant_arv table completed]
[2025-05-11 02:21:36,409: INFO: stg_records_deletion_process: Deletion of ods_migrated records from stg_pmtct_delivery table completed]
[2025-05-11 02:21:36,449: INFO: stg_records_deletion_process: Deletion of ods_migrated records from stg_pmtct_enrollment table completed]
[2025-05-11 02:21:36,803: INFO: stg_records_deletion_process: Deletion of ods_migrated records from stg_pmtct_anc table completed]
[2025-05-11 02:21:37,321: INFO: stg_records_deletion_process: Deletion of ods_migrated records from stg_patient_visit table completed]
[2025-05-11 02:21:37,339: INFO: stg_records_deletion_process: Deletion of ods_migrated records from stg_pmtct_infant_pcr table started]
[2025-05-11 02:21:37,342: INFO: stg_records_deletion_process: Deletion of ods_migrated records from stg_pmtct_infant_mother_art table started]
[2025-05-11 02:21:37,343: INFO: stg_records_deletion_process: Deletion of ods_migrated records from stg_pmtct_infant_rapid_antibody table started]
[2025-05-11 02:21:37,344: INFO: stg_records_deletion_process: Deletion of ods_migrated records from stg_pmtct_infant_visit table started]
[2025-05-11 02:21:37,345: INFO: stg_records_deletion_process: Deletion of ods_migrated records from stg_pmtct_infant_information table started]
[2025-05-11 02:21:38,800: INFO: stg_records_deletion_process: Deletion of ods_migrated records from stg_pmtct_infant_visit table completed]
[2025-05-11 02:21:38,815: INFO: stg_records_deletion_process: Deletion of ods_migrated records from stg_pmtct_infant_rapid_antibody table completed]
[2025-05-11 02:21:38,828: INFO: stg_records_deletion_process: Deletion of ods_migrated records from stg_pmtct_infant_mother_art table completed]
[2025-05-11 02:21:38,919: INFO: stg_records_deletion_process: Deletion of ods_migrated records from stg_pmtct_infant_pcr table completed]
[2025-05-11 02:21:38,982: INFO: stg_records_deletion_process: Deletion of ods_migrated records from stg_pmtct_infant_information table completed]
[2025-05-11 02:21:39,005: INFO: stg_records_deletion_process: Deletion of ods_migrated records from stg_pmtct_mother_visitation table started]
[2025-05-11 02:21:39,006: INFO: stg_records_deletion_process: Deletion of ods_migrated records from stg_prep_clinic table started]
[2025-05-11 02:21:39,008: INFO: stg_records_deletion_process: Deletion of ods_migrated records from stg_prep_enrollment table started]
[2025-05-11 02:21:39,009: INFO: stg_records_deletion_process: Deletion of ods_migrated records from stg_prep_eligibility table started]
[2025-05-11 02:21:39,013: INFO: stg_records_deletion_process: Deletion of ods_migrated records from stg_prep_interruption table started]
[2025-05-11 02:21:40,459: INFO: stg_records_deletion_process: Deletion of ods_migrated records from stg_prep_interruption table completed]
[2025-05-11 02:21:40,607: INFO: stg_records_deletion_process: Deletion of ods_migrated records from stg_pmtct_mother_visitation table completed]
[2025-05-11 02:21:40,868: INFO: stg_records_deletion_process: Deletion of ods_migrated records from stg_prep_enrollment table completed]
[2025-05-11 02:21:40,921: INFO: stg_records_deletion_process: Deletion of ods_migrated records from stg_prep_eligibility table completed]
[2025-05-11 02:21:41,030: INFO: stg_records_deletion_process: Deletion of ods_migrated records from stg_prep_clinic table completed]
[2025-05-11 02:21:41,056: INFO: stg_records_deletion_process: Deletion of ods_migrated records from stg_triage_vital_sign table started]
[2025-05-11 02:21:43,444: INFO: stg_records_deletion_process: Deletion of ods_migrated records from stg_triage_vital_sign table completed]
[2025-05-11 02:21:43,492: INFO: stg_records_deletion_process: Deletion of records with Y processed status on stg_monitoring table completed]
2025-05-11 02:21:43: Pipeline completed successfully.
2025-05-12 02:00:01: Starting the pipeline...
[2025-05-12 02:00:01,727: INFO: stg_records_deletion_process: DPID_20250512_02_00]
[2025-05-12 02:00:01,728: INFO: stg_records_deletion_process: Job Started]
[2025-05-12 02:00:01,728: INFO: stg_records_deletion_process: Deletion of records with Y processed status on stg_monitoring table started]
[2025-05-12 02:00:01,746: INFO: stg_records_deletion_process: Deletion of ods_migrated records from stg_base_organisation_unit table started]
[2025-05-12 02:00:01,751: INFO: stg_records_deletion_process: Deletion of ods_migrated records from stg_base_application_codeset table started]
[2025-05-12 02:00:01,752: INFO: stg_records_deletion_process: Deletion of ods_migrated records from stg_biometric table started]
[2025-05-12 02:00:01,753: INFO: stg_records_deletion_process: Deletion of ods_migrated records from stg_base_organisation_unit_identifier table started]
[2025-05-12 02:00:01,754: INFO: stg_records_deletion_process: Deletion of ods_migrated records from stg_case_manager table started]
[2025-05-12 02:00:02,283: INFO: stg_records_deletion_process: Deletion of ods_migrated records from stg_base_organisation_unit_identifier table completed]
[2025-05-12 02:00:03,357: INFO: stg_records_deletion_process: Deletion of ods_migrated records from stg_case_manager table completed]
[2025-05-12 02:00:03,617: INFO: stg_records_deletion_process: Deletion of ods_migrated records from stg_base_organisation_unit table completed]
[2025-05-12 02:00:03,749: INFO: stg_records_deletion_process: Deletion of ods_migrated records from stg_base_application_codeset table completed]
[2025-05-12 02:00:22,492: INFO: stg_records_deletion_process: Deletion of ods_migrated records from stg_biometric table completed]
[2025-05-12 02:00:22,513: INFO: stg_records_deletion_process: Deletion of ods_migrated records from stg_case_manager_patients table started]
[2025-05-12 02:00:22,519: INFO: stg_records_deletion_process: Deletion of ods_migrated records from stg_dsd_devolvement table started]
[2025-05-12 02:00:22,520: INFO: stg_records_deletion_process: Deletion of ods_migrated records from stg_hiv_art_pharmacy_regimens table started]
[2025-05-12 02:00:22,520: INFO: stg_records_deletion_process: Deletion of ods_migrated records from stg_hiv_art_clinical table started]
[2025-05-12 02:00:22,521: INFO: stg_records_deletion_process: Deletion of ods_migrated records from stg_hiv_art_pharmacy table started]
[2025-05-12 02:00:24,518: INFO: stg_records_deletion_process: Deletion of ods_migrated records from stg_dsd_devolvement table completed]
[2025-05-12 02:00:24,550: INFO: stg_records_deletion_process: Deletion of ods_migrated records from stg_case_manager_patients table completed]
[2025-05-12 02:00:24,697: INFO: stg_records_deletion_process: Deletion of ods_migrated records from stg_hiv_art_pharmacy table completed]
[2025-05-12 02:03:02,394: INFO: stg_records_deletion_process: Deletion of ods_migrated records from stg_hiv_art_pharmacy_regimens table completed]
[2025-05-12 02:08:22,144: INFO: stg_records_deletion_process: Deletion of ods_migrated records from stg_hiv_art_clinical table completed]
[2025-05-12 02:08:22,170: INFO: stg_records_deletion_process: Deletion of ods_migrated records from stg_hiv_eac table started]
[2025-05-12 02:08:22,170: INFO: stg_records_deletion_process: Deletion of ods_migrated records from stg_hiv_eac_out_come table started]
[2025-05-12 02:08:22,172: INFO: stg_records_deletion_process: Deletion of ods_migrated records from stg_hiv_observation table started]
[2025-05-12 02:08:22,174: INFO: stg_records_deletion_process: Deletion of ods_migrated records from stg_hiv_enrollment table started]
[2025-05-12 02:08:22,175: INFO: stg_records_deletion_process: Deletion of ods_migrated records from stg_hiv_eac_session table started]
[2025-05-12 02:08:23,756: INFO: stg_records_deletion_process: Deletion of ods_migrated records from stg_hiv_eac_out_come table completed]
[2025-05-12 02:08:24,048: INFO: stg_records_deletion_process: Deletion of ods_migrated records from stg_hiv_eac table completed]
[2025-05-12 02:08:24,055: INFO: stg_records_deletion_process: Deletion of ods_migrated records from stg_hiv_eac_session table completed]
[2025-05-12 02:08:43,467: INFO: stg_records_deletion_process: Deletion of ods_migrated records from stg_hiv_enrollment table completed]
[2025-05-12 02:11:57,905: INFO: stg_records_deletion_process: Deletion of ods_migrated records from stg_hiv_observation table completed]
[2025-05-12 02:11:57,930: INFO: stg_records_deletion_process: Deletion of ods_migrated records from stg_hts_client table started]
[2025-05-12 02:11:57,931: INFO: stg_records_deletion_process: Deletion of ods_migrated records from stg_hiv_status_tracker table started]
[2025-05-12 02:11:57,932: INFO: stg_records_deletion_process: Deletion of ods_migrated records from stg_hiv_regimen_resolver table started]
[2025-05-12 02:11:57,932: INFO: stg_records_deletion_process: Deletion of ods_migrated records from stg_hiv_regimen_type table started]
[2025-05-12 02:11:57,935: INFO: stg_records_deletion_process: Deletion of ods_migrated records from stg_hiv_regimen table started]
[2025-05-12 02:11:59,599: INFO: stg_records_deletion_process: Deletion of ods_migrated records from stg_hiv_regimen_type table completed]
[2025-05-12 02:11:59,656: INFO: stg_records_deletion_process: Deletion of ods_migrated records from stg_hiv_regimen table completed]
[2025-05-12 02:11:59,730: INFO: stg_records_deletion_process: Deletion of ods_migrated records from stg_hiv_regimen_resolver table completed]
[2025-05-12 02:16:25,751: INFO: stg_records_deletion_process: Deletion of ods_migrated records from stg_hiv_status_tracker table completed]
[2025-05-12 02:19:35,936: INFO: stg_records_deletion_process: Deletion of ods_migrated records from stg_hts_client table completed]
[2025-05-12 02:19:35,959: INFO: stg_records_deletion_process: Deletion of ods_migrated records from stg_hts_risk_stratification table started]
[2025-05-12 02:19:35,960: INFO: stg_records_deletion_process: Deletion of ods_migrated records from stg_hts_client_referral table started]
[2025-05-12 02:19:35,963: INFO: stg_records_deletion_process: Deletion of ods_migrated records from stg_laboratory_labtest table started]
[2025-05-12 02:19:35,965: INFO: stg_records_deletion_process: Deletion of ods_migrated records from stg_hts_index_elicitation table started]
[2025-05-12 02:19:35,966: INFO: stg_records_deletion_process: Deletion of ods_migrated records from stg_laboratory_order table started]
[2025-05-12 02:19:37,568: INFO: stg_records_deletion_process: Deletion of ods_migrated records from stg_hts_index_elicitation table completed]
[2025-05-12 02:19:37,644: INFO: stg_records_deletion_process: Deletion of ods_migrated records from stg_laboratory_labtest table completed]
[2025-05-12 02:19:37,664: INFO: stg_records_deletion_process: Deletion of ods_migrated records from stg_hts_client_referral table completed]
[2025-05-12 02:19:37,762: INFO: stg_records_deletion_process: Deletion of ods_migrated records from stg_hts_risk_stratification table completed]
[2025-05-12 02:19:37,792: INFO: stg_records_deletion_process: Deletion of ods_migrated records from stg_laboratory_order table completed]
[2025-05-12 02:19:37,812: INFO: stg_records_deletion_process: Deletion of ods_migrated records from stg_laboratory_sample table started]
[2025-05-12 02:19:37,815: INFO: stg_records_deletion_process: Deletion of ods_migrated records from stg_patient_encounter table started]
[2025-05-12 02:19:37,815: INFO: stg_records_deletion_process: Deletion of ods_migrated records from stg_laboratory_result table started]
[2025-05-12 02:19:37,816: INFO: stg_records_deletion_process: Deletion of ods_migrated records from stg_patient_person table started]
[2025-05-12 02:19:37,817: INFO: stg_records_deletion_process: Deletion of ods_migrated records from stg_laboratory_test table started]
[2025-05-12 02:19:39,554: INFO: stg_records_deletion_process: Deletion of ods_migrated records from stg_laboratory_result table completed]
[2025-05-12 02:19:39,582: INFO: stg_records_deletion_process: Deletion of ods_migrated records from stg_patient_encounter table completed]
[2025-05-12 02:19:39,618: INFO: stg_records_deletion_process: Deletion of ods_migrated records from stg_laboratory_sample table completed]
[2025-05-12 02:19:39,659: INFO: stg_records_deletion_process: Deletion of ods_migrated records from stg_laboratory_test table completed]
[2025-05-12 02:19:39,697: INFO: stg_records_deletion_process: Deletion of ods_migrated records from stg_patient_person table completed]
[2025-05-12 02:19:39,712: INFO: stg_records_deletion_process: Deletion of ods_migrated records from stg_pmtct_anc table started]
[2025-05-12 02:19:39,719: INFO: stg_records_deletion_process: Deletion of ods_migrated records from stg_pmtct_infant_arv table started]
[2025-05-12 02:19:39,722: INFO: stg_records_deletion_process: Deletion of ods_migrated records from stg_patient_visit table started]
[2025-05-12 02:19:39,722: INFO: stg_records_deletion_process: Deletion of ods_migrated records from stg_pmtct_enrollment table started]
[2025-05-12 02:19:39,723: INFO: stg_records_deletion_process: Deletion of ods_migrated records from stg_pmtct_delivery table started]
[2025-05-12 02:19:41,185: INFO: stg_records_deletion_process: Deletion of ods_migrated records from stg_pmtct_infant_arv table completed]
[2025-05-12 02:19:41,207: INFO: stg_records_deletion_process: Deletion of ods_migrated records from stg_pmtct_enrollment table completed]
[2025-05-12 02:19:41,245: INFO: stg_records_deletion_process: Deletion of ods_migrated records from stg_pmtct_delivery table completed]
[2025-05-12 02:19:41,357: INFO: stg_records_deletion_process: Deletion of ods_migrated records from stg_pmtct_anc table completed]
[2025-05-12 02:19:41,416: INFO: stg_records_deletion_process: Deletion of ods_migrated records from stg_patient_visit table completed]
[2025-05-12 02:19:41,437: INFO: stg_records_deletion_process: Deletion of ods_migrated records from stg_pmtct_infant_mother_art table started]
[2025-05-12 02:19:41,442: INFO: stg_records_deletion_process: Deletion of ods_migrated records from stg_pmtct_infant_pcr table started]
[2025-05-12 02:19:41,443: INFO: stg_records_deletion_process: Deletion of ods_migrated records from stg_pmtct_infant_visit table started]
[2025-05-12 02:19:41,447: INFO: stg_records_deletion_process: Deletion of ods_migrated records from stg_pmtct_infant_information table started]
[2025-05-12 02:19:41,448: INFO: stg_records_deletion_process: Deletion of ods_migrated records from stg_pmtct_infant_rapid_antibody table started]
[2025-05-12 02:19:42,819: INFO: stg_records_deletion_process: Deletion of ods_migrated records from stg_pmtct_infant_mother_art table completed]
[2025-05-12 02:19:42,880: INFO: stg_records_deletion_process: Deletion of ods_migrated records from stg_pmtct_infant_visit table completed]
[2025-05-12 02:19:42,925: INFO: stg_records_deletion_process: Deletion of ods_migrated records from stg_pmtct_infant_pcr table completed]
[2025-05-12 02:19:42,970: INFO: stg_records_deletion_process: Deletion of ods_migrated records from stg_pmtct_infant_information table completed]
[2025-05-12 02:19:42,971: INFO: stg_records_deletion_process: Deletion of ods_migrated records from stg_pmtct_infant_rapid_antibody table completed]
[2025-05-12 02:19:42,991: INFO: stg_records_deletion_process: Deletion of ods_migrated records from stg_pmtct_mother_visitation table started]
[2025-05-12 02:19:42,993: INFO: stg_records_deletion_process: Deletion of ods_migrated records from stg_prep_clinic table started]
[2025-05-12 02:19:42,994: INFO: stg_records_deletion_process: Deletion of ods_migrated records from stg_prep_enrollment table started]
[2025-05-12 02:19:42,997: INFO: stg_records_deletion_process: Deletion of ods_migrated records from stg_prep_eligibility table started]
[2025-05-12 02:19:42,998: INFO: stg_records_deletion_process: Deletion of ods_migrated records from stg_prep_interruption table started]
[2025-05-12 02:19:44,423: INFO: stg_records_deletion_process: Deletion of ods_migrated records from stg_prep_interruption table completed]
[2025-05-12 02:19:44,521: INFO: stg_records_deletion_process: Deletion of ods_migrated records from stg_prep_enrollment table completed]
[2025-05-12 02:19:44,563: INFO: stg_records_deletion_process: Deletion of ods_migrated records from stg_pmtct_mother_visitation table completed]
[2025-05-12 02:19:44,682: INFO: stg_records_deletion_process: Deletion of ods_migrated records from stg_prep_eligibility table completed]
[2025-05-12 02:19:44,695: INFO: stg_records_deletion_process: Deletion of ods_migrated records from stg_prep_clinic table completed]
[2025-05-12 02:19:44,717: INFO: stg_records_deletion_process: Deletion of ods_migrated records from stg_triage_vital_sign table started]
[2025-05-12 02:19:46,430: INFO: stg_records_deletion_process: Deletion of ods_migrated records from stg_triage_vital_sign table completed]
[2025-05-12 02:19:46,432: INFO: stg_records_deletion_process: Deletion of records with Y processed status on stg_monitoring table completed]
2025-05-12 02:19:46: Pipeline completed successfully.
2025-05-13 02:00:01: Starting the pipeline...
[2025-05-13 02:00:01,549: INFO: stg_records_deletion_process: DPID_20250513_02_00]
[2025-05-13 02:00:01,551: INFO: stg_records_deletion_process: Job Started]
[2025-05-13 02:00:01,551: INFO: stg_records_deletion_process: Deletion of records with Y processed status on stg_monitoring table started]
[2025-05-13 02:00:01,569: INFO: stg_records_deletion_process: Deletion of ods_migrated records from stg_base_application_codeset table started]
[2025-05-13 02:00:01,572: INFO: stg_records_deletion_process: Deletion of ods_migrated records from stg_biometric table started]
[2025-05-13 02:00:01,573: INFO: stg_records_deletion_process: Deletion of ods_migrated records from stg_base_organisation_unit table started]
[2025-05-13 02:00:01,574: INFO: stg_records_deletion_process: Deletion of ods_migrated records from stg_case_manager table started]
[2025-05-13 02:00:01,577: INFO: stg_records_deletion_process: Deletion of ods_migrated records from stg_base_organisation_unit_identifier table started]
[2025-05-13 02:00:02,315: INFO: stg_records_deletion_process: Deletion of ods_migrated records from stg_base_organisation_unit_identifier table completed]
[2025-05-13 02:00:03,697: INFO: stg_records_deletion_process: Deletion of ods_migrated records from stg_case_manager table completed]
[2025-05-13 02:00:05,255: INFO: stg_records_deletion_process: Deletion of ods_migrated records from stg_base_organisation_unit table completed]
[2025-05-13 02:00:05,731: INFO: stg_records_deletion_process: Deletion of ods_migrated records from stg_base_application_codeset table completed]
[2025-05-13 02:04:31,756: INFO: stg_records_deletion_process: Deletion of ods_migrated records from stg_biometric table completed]
[2025-05-13 02:04:31,775: INFO: stg_records_deletion_process: Deletion of ods_migrated records from stg_hiv_art_pharmacy_regimens table started]
[2025-05-13 02:04:31,775: INFO: stg_records_deletion_process: Deletion of ods_migrated records from stg_case_manager_patients table started]
[2025-05-13 02:04:31,778: INFO: stg_records_deletion_process: Deletion of ods_migrated records from stg_dsd_devolvement table started]
[2025-05-13 02:04:31,778: INFO: stg_records_deletion_process: Deletion of ods_migrated records from stg_hiv_art_pharmacy table started]
[2025-05-13 02:04:31,780: INFO: stg_records_deletion_process: Deletion of ods_migrated records from stg_hiv_art_clinical table started]
[2025-05-13 02:04:35,084: INFO: stg_records_deletion_process: Deletion of ods_migrated records from stg_case_manager_patients table completed]
[2025-05-13 02:04:54,043: INFO: stg_records_deletion_process: Deletion of ods_migrated records from stg_dsd_devolvement table completed]
[2025-05-13 02:05:12,811: INFO: stg_records_deletion_process: Deletion of ods_migrated records from stg_hiv_art_pharmacy table completed]
[2025-05-13 02:07:34,791: INFO: stg_records_deletion_process: Deletion of ods_migrated records from stg_hiv_art_pharmacy_regimens table completed]
[2025-05-13 02:13:35,004: INFO: stg_records_deletion_process: Deletion of ods_migrated records from stg_hiv_art_clinical table completed]
[2025-05-13 02:13:35,023: INFO: stg_records_deletion_process: Deletion of ods_migrated records from stg_hiv_enrollment table started]
[2025-05-13 02:13:35,025: INFO: stg_records_deletion_process: Deletion of ods_migrated records from stg_hiv_eac_out_come table started]
[2025-05-13 02:13:35,026: INFO: stg_records_deletion_process: Deletion of ods_migrated records from stg_hiv_eac table started]
[2025-05-13 02:13:35,027: INFO: stg_records_deletion_process: Deletion of ods_migrated records from stg_hiv_eac_session table started]
[2025-05-13 02:13:35,029: INFO: stg_records_deletion_process: Deletion of ods_migrated records from stg_hiv_observation table started]
[2025-05-13 02:13:37,320: INFO: stg_records_deletion_process: Deletion of ods_migrated records from stg_hiv_eac_out_come table completed]
[2025-05-13 02:13:37,869: INFO: stg_records_deletion_process: Deletion of ods_migrated records from stg_hiv_eac table completed]
[2025-05-13 02:13:37,947: INFO: stg_records_deletion_process: Deletion of ods_migrated records from stg_hiv_eac_session table completed]
[2025-05-13 02:13:59,904: INFO: stg_records_deletion_process: Deletion of ods_migrated records from stg_hiv_enrollment table completed]
[2025-05-13 02:17:47,298: INFO: stg_records_deletion_process: Deletion of ods_migrated records from stg_hiv_observation table completed]
[2025-05-13 02:17:47,343: INFO: stg_records_deletion_process: Deletion of ods_migrated records from stg_hiv_status_tracker table started]
[2025-05-13 02:17:47,343: INFO: stg_records_deletion_process: Deletion of ods_migrated records from stg_hiv_regimen_resolver table started]
[2025-05-13 02:17:47,344: INFO: stg_records_deletion_process: Deletion of ods_migrated records from stg_hiv_regimen table started]
[2025-05-13 02:17:47,346: INFO: stg_records_deletion_process: Deletion of ods_migrated records from stg_hiv_regimen_type table started]
[2025-05-13 02:17:47,349: INFO: stg_records_deletion_process: Deletion of ods_migrated records from stg_hts_client table started]
[2025-05-13 02:17:49,616: INFO: stg_records_deletion_process: Deletion of ods_migrated records from stg_hiv_regimen_type table completed]
[2025-05-13 02:17:49,617: INFO: stg_records_deletion_process: Deletion of ods_migrated records from stg_hiv_regimen table completed]
[2025-05-13 02:17:49,654: INFO: stg_records_deletion_process: Deletion of ods_migrated records from stg_hiv_regimen_resolver table completed]
[2025-05-13 02:22:33,018: INFO: stg_records_deletion_process: Deletion of ods_migrated records from stg_hiv_status_tracker table completed]
[2025-05-13 02:26:50,267: INFO: stg_records_deletion_process: Deletion of ods_migrated records from stg_hts_client table completed]
[2025-05-13 02:26:50,287: INFO: stg_records_deletion_process: Deletion of ods_migrated records from stg_hts_risk_stratification table started]
[2025-05-13 02:26:50,289: INFO: stg_records_deletion_process: Deletion of ods_migrated records from stg_hts_index_elicitation table started]
[2025-05-13 02:26:50,294: INFO: stg_records_deletion_process: Deletion of ods_migrated records from stg_hts_client_referral table started]
[2025-05-13 02:26:50,295: INFO: stg_records_deletion_process: Deletion of ods_migrated records from stg_laboratory_labtest table started]
[2025-05-13 02:26:50,295: INFO: stg_records_deletion_process: Deletion of ods_migrated records from stg_laboratory_order table started]
[2025-05-13 02:26:52,459: INFO: stg_records_deletion_process: Deletion of ods_migrated records from stg_hts_client_referral table completed]
[2025-05-13 02:26:52,561: INFO: stg_records_deletion_process: Deletion of ods_migrated records from stg_laboratory_labtest table completed]
[2025-05-13 02:26:52,563: INFO: stg_records_deletion_process: Deletion of ods_migrated records from stg_hts_index_elicitation table completed]
[2025-05-13 02:26:55,081: INFO: stg_records_deletion_process: Deletion of ods_migrated records from stg_laboratory_order table completed]
[2025-05-13 02:27:03,383: INFO: stg_records_deletion_process: Deletion of ods_migrated records from stg_hts_risk_stratification table completed]
[2025-05-13 02:27:03,401: INFO: stg_records_deletion_process: Deletion of ods_migrated records from stg_laboratory_test table started]
[2025-05-13 02:27:03,403: INFO: stg_records_deletion_process: Deletion of ods_migrated records from stg_laboratory_result table started]
[2025-05-13 02:27:03,405: INFO: stg_records_deletion_process: Deletion of ods_migrated records from stg_patient_encounter table started]
[2025-05-13 02:27:03,410: INFO: stg_records_deletion_process: Deletion of ods_migrated records from stg_laboratory_sample table started]
[2025-05-13 02:27:03,411: INFO: stg_records_deletion_process: Deletion of ods_migrated records from stg_patient_person table started]
[2025-05-13 02:27:11,726: INFO: stg_records_deletion_process: Deletion of ods_migrated records from stg_patient_encounter table completed]
[2025-05-13 02:27:15,996: INFO: stg_records_deletion_process: Deletion of ods_migrated records from stg_laboratory_result table completed]
[2025-05-13 02:27:16,601: INFO: stg_records_deletion_process: Deletion of ods_migrated records from stg_laboratory_sample table completed]
[2025-05-13 02:27:16,708: INFO: stg_records_deletion_process: Deletion of ods_migrated records from stg_laboratory_test table completed]
[2025-05-13 02:27:36,469: INFO: stg_records_deletion_process: Deletion of ods_migrated records from stg_patient_person table completed]
[2025-05-13 02:27:36,493: INFO: stg_records_deletion_process: Deletion of ods_migrated records from stg_patient_visit table started]
[2025-05-13 02:27:36,496: INFO: stg_records_deletion_process: Deletion of ods_migrated records from stg_pmtct_anc table started]
[2025-05-13 02:27:36,497: INFO: stg_records_deletion_process: Deletion of ods_migrated records from stg_pmtct_delivery table started]
[2025-05-13 02:27:36,498: INFO: stg_records_deletion_process: Deletion of ods_migrated records from stg_pmtct_infant_arv table started]
[2025-05-13 02:27:36,500: INFO: stg_records_deletion_process: Deletion of ods_migrated records from stg_pmtct_enrollment table started]
[2025-05-13 02:27:38,149: INFO: stg_records_deletion_process: Deletion of ods_migrated records from stg_pmtct_infant_arv table completed]
[2025-05-13 02:27:38,243: INFO: stg_records_deletion_process: Deletion of ods_migrated records from stg_pmtct_enrollment table completed]
[2025-05-13 02:27:38,369: INFO: stg_records_deletion_process: Deletion of ods_migrated records from stg_pmtct_delivery table completed]
[2025-05-13 02:27:38,882: INFO: stg_records_deletion_process: Deletion of ods_migrated records from stg_pmtct_anc table completed]
[2025-05-13 02:28:00,550: INFO: stg_records_deletion_process: Deletion of ods_migrated records from stg_patient_visit table completed]
[2025-05-13 02:28:00,573: INFO: stg_records_deletion_process: Deletion of ods_migrated records from stg_pmtct_infant_mother_art table started]
[2025-05-13 02:28:00,576: INFO: stg_records_deletion_process: Deletion of ods_migrated records from stg_pmtct_infant_information table started]
[2025-05-13 02:28:00,577: INFO: stg_records_deletion_process: Deletion of ods_migrated records from stg_pmtct_infant_pcr table started]
[2025-05-13 02:28:00,578: INFO: stg_records_deletion_process: Deletion of ods_migrated records from stg_pmtct_infant_rapid_antibody table started]
[2025-05-13 02:28:00,579: INFO: stg_records_deletion_process: Deletion of ods_migrated records from stg_pmtct_infant_visit table started]
[2025-05-13 02:28:02,167: INFO: stg_records_deletion_process: Deletion of ods_migrated records from stg_pmtct_infant_visit table completed]
[2025-05-13 02:28:02,222: INFO: stg_records_deletion_process: Deletion of ods_migrated records from stg_pmtct_infant_mother_art table completed]
[2025-05-13 02:28:02,228: INFO: stg_records_deletion_process: Deletion of ods_migrated records from stg_pmtct_infant_rapid_antibody table completed]
[2025-05-13 02:28:02,366: INFO: stg_records_deletion_process: Deletion of ods_migrated records from stg_pmtct_infant_pcr table completed]
[2025-05-13 02:28:02,368: INFO: stg_records_deletion_process: Deletion of ods_migrated records from stg_pmtct_infant_information table completed]
[2025-05-13 02:28:02,389: INFO: stg_records_deletion_process: Deletion of ods_migrated records from stg_pmtct_mother_visitation table started]
[2025-05-13 02:28:02,391: INFO: stg_records_deletion_process: Deletion of ods_migrated records from stg_prep_enrollment table started]
[2025-05-13 02:28:02,391: INFO: stg_records_deletion_process: Deletion of ods_migrated records from stg_prep_clinic table started]
[2025-05-13 02:28:02,396: INFO: stg_records_deletion_process: Deletion of ods_migrated records from stg_prep_eligibility table started]
[2025-05-13 02:28:02,399: INFO: stg_records_deletion_process: Deletion of ods_migrated records from stg_prep_interruption table started]
[2025-05-13 02:28:04,118: INFO: stg_records_deletion_process: Deletion of ods_migrated records from stg_pmtct_mother_visitation table completed]
[2025-05-13 02:28:04,193: INFO: stg_records_deletion_process: Deletion of ods_migrated records from stg_prep_interruption table completed]
[2025-05-13 02:28:04,359: INFO: stg_records_deletion_process: Deletion of ods_migrated records from stg_prep_eligibility table completed]
[2025-05-13 02:28:04,407: INFO: stg_records_deletion_process: Deletion of ods_migrated records from stg_prep_enrollment table completed]
[2025-05-13 02:28:04,422: INFO: stg_records_deletion_process: Deletion of ods_migrated records from stg_prep_clinic table completed]
[2025-05-13 02:28:04,452: INFO: stg_records_deletion_process: Deletion of ods_migrated records from stg_triage_vital_sign table started]
[2025-05-13 02:28:27,535: INFO: stg_records_deletion_process: Deletion of ods_migrated records from stg_triage_vital_sign table completed]
[2025-05-13 02:28:27,562: INFO: stg_records_deletion_process: Deletion of records with Y processed status on stg_monitoring table completed]
2025-05-13 02:28:28: Pipeline completed successfully.
2025-05-14 02:00:01: Starting the pipeline...
[2025-05-14 02:00:02,044: INFO: stg_records_deletion_process: DPID_20250514_02_00]
[2025-05-14 02:00:02,045: INFO: stg_records_deletion_process: Job Started]
[2025-05-14 02:00:02,046: INFO: stg_records_deletion_process: Deletion of records with Y processed status on stg_monitoring table started]
[2025-05-14 02:00:02,070: INFO: stg_records_deletion_process: Deletion of ods_migrated records from stg_base_organisation_unit_identifier table started]
[2025-05-14 02:00:02,071: INFO: stg_records_deletion_process: Deletion of ods_migrated records from stg_case_manager table started]
[2025-05-14 02:00:02,072: INFO: stg_records_deletion_process: Deletion of ods_migrated records from stg_biometric table started]
[2025-05-14 02:00:02,074: INFO: stg_records_deletion_process: Deletion of ods_migrated records from stg_base_organisation_unit table started]
[2025-05-14 02:00:02,074: INFO: stg_records_deletion_process: Deletion of ods_migrated records from stg_base_application_codeset table started]
[2025-05-14 02:00:02,747: INFO: stg_records_deletion_process: Deletion of ods_migrated records from stg_base_organisation_unit_identifier table completed]
[2025-05-14 02:00:04,056: INFO: stg_records_deletion_process: Deletion of ods_migrated records from stg_case_manager table completed]
[2025-05-14 02:00:04,810: INFO: stg_records_deletion_process: Deletion of ods_migrated records from stg_base_organisation_unit table completed]
[2025-05-14 02:00:05,430: INFO: stg_records_deletion_process: Deletion of ods_migrated records from stg_base_application_codeset table completed]
[2025-05-14 02:00:20,878: INFO: stg_records_deletion_process: Deletion of ods_migrated records from stg_biometric table completed]
[2025-05-14 02:00:20,900: INFO: stg_records_deletion_process: Deletion of ods_migrated records from stg_case_manager_patients table started]
[2025-05-14 02:00:20,900: INFO: stg_records_deletion_process: Deletion of ods_migrated records from stg_hiv_art_pharmacy table started]
[2025-05-14 02:00:20,903: INFO: stg_records_deletion_process: Deletion of ods_migrated records from stg_hiv_art_pharmacy_regimens table started]
[2025-05-14 02:00:20,905: INFO: stg_records_deletion_process: Deletion of ods_migrated records from stg_hiv_art_clinical table started]
[2025-05-14 02:00:20,906: INFO: stg_records_deletion_process: Deletion of ods_migrated records from stg_dsd_devolvement table started]
[2025-05-14 02:00:23,113: INFO: stg_records_deletion_process: Deletion of ods_migrated records from stg_case_manager_patients table completed]
[2025-05-14 02:00:30,246: INFO: stg_records_deletion_process: Deletion of ods_migrated records from stg_dsd_devolvement table completed]
[2025-05-14 02:00:48,033: INFO: stg_records_deletion_process: Deletion of ods_migrated records from stg_hiv_art_pharmacy table completed]
[2025-05-14 02:03:19,897: INFO: stg_records_deletion_process: Deletion of ods_migrated records from stg_hiv_art_pharmacy_regimens table completed]
[2025-05-14 02:08:38,703: INFO: stg_records_deletion_process: Deletion of ods_migrated records from stg_hiv_art_clinical table completed]
[2025-05-14 02:08:38,741: INFO: stg_records_deletion_process: Deletion of ods_migrated records from stg_hiv_enrollment table started]
[2025-05-14 02:08:38,742: INFO: stg_records_deletion_process: Deletion of ods_migrated records from stg_hiv_eac_session table started]
[2025-05-14 02:08:38,742: INFO: stg_records_deletion_process: Deletion of ods_migrated records from stg_hiv_eac table started]
[2025-05-14 02:08:38,743: INFO: stg_records_deletion_process: Deletion of ods_migrated records from stg_hiv_eac_out_come table started]
[2025-05-14 02:08:38,744: INFO: stg_records_deletion_process: Deletion of ods_migrated records from stg_hiv_observation table started]
[2025-05-14 02:08:40,651: INFO: stg_records_deletion_process: Deletion of ods_migrated records from stg_hiv_eac_out_come table completed]
[2025-05-14 02:08:40,995: INFO: stg_records_deletion_process: Deletion of ods_migrated records from stg_hiv_eac table completed]
[2025-05-14 02:08:41,169: INFO: stg_records_deletion_process: Deletion of ods_migrated records from stg_hiv_eac_session table completed]
[2025-05-14 02:09:01,209: INFO: stg_records_deletion_process: Deletion of ods_migrated records from stg_hiv_enrollment table completed]
[2025-05-14 02:12:41,532: INFO: stg_records_deletion_process: Deletion of ods_migrated records from stg_hiv_observation table completed]
[2025-05-14 02:12:41,553: INFO: stg_records_deletion_process: Deletion of ods_migrated records from stg_hiv_regimen table started]
[2025-05-14 02:12:41,556: INFO: stg_records_deletion_process: Deletion of ods_migrated records from stg_hiv_regimen_resolver table started]
[2025-05-14 02:12:41,557: INFO: stg_records_deletion_process: Deletion of ods_migrated records from stg_hiv_regimen_type table started]
[2025-05-14 02:12:41,558: INFO: stg_records_deletion_process: Deletion of ods_migrated records from stg_hiv_status_tracker table started]
[2025-05-14 02:12:41,561: INFO: stg_records_deletion_process: Deletion of ods_migrated records from stg_hts_client table started]
[2025-05-14 02:12:43,588: INFO: stg_records_deletion_process: Deletion of ods_migrated records from stg_hiv_regimen_type table completed]
[2025-05-14 02:12:43,750: INFO: stg_records_deletion_process: Deletion of ods_migrated records from stg_hiv_regimen table completed]
[2025-05-14 02:12:43,845: INFO: stg_records_deletion_process: Deletion of ods_migrated records from stg_hiv_regimen_resolver table completed]
[2025-05-14 02:17:20,119: INFO: stg_records_deletion_process: Deletion of ods_migrated records from stg_hiv_status_tracker table completed]
[2025-05-14 02:21:15,684: INFO: stg_records_deletion_process: Deletion of ods_migrated records from stg_hts_client table completed]
[2025-05-14 02:21:15,706: INFO: stg_records_deletion_process: Deletion of ods_migrated records from stg_hts_client_referral table started]
[2025-05-14 02:21:15,709: INFO: stg_records_deletion_process: Deletion of ods_migrated records from stg_laboratory_labtest table started]
[2025-05-14 02:21:15,710: INFO: stg_records_deletion_process: Deletion of ods_migrated records from stg_laboratory_order table started]
[2025-05-14 02:21:15,711: INFO: stg_records_deletion_process: Deletion of ods_migrated records from stg_hts_index_elicitation table started]
[2025-05-14 02:21:15,713: INFO: stg_records_deletion_process: Deletion of ods_migrated records from stg_hts_risk_stratification table started]
[2025-05-14 02:21:18,748: INFO: stg_records_deletion_process: Deletion of ods_migrated records from stg_laboratory_labtest table completed]
[2025-05-14 02:21:18,838: INFO: stg_records_deletion_process: Deletion of ods_migrated records from stg_hts_client_referral table completed]
[2025-05-14 02:21:18,862: INFO: stg_records_deletion_process: Deletion of ods_migrated records from stg_hts_index_elicitation table completed]
[2025-05-14 02:21:21,651: INFO: stg_records_deletion_process: Deletion of ods_migrated records from stg_laboratory_order table completed]
[2025-05-14 02:21:22,789: INFO: stg_records_deletion_process: Deletion of ods_migrated records from stg_hts_risk_stratification table completed]
[2025-05-14 02:21:22,806: INFO: stg_records_deletion_process: Deletion of ods_migrated records from stg_laboratory_sample table started]
[2025-05-14 02:21:22,815: INFO: stg_records_deletion_process: Deletion of ods_migrated records from stg_laboratory_result table started]
[2025-05-14 02:21:22,816: INFO: stg_records_deletion_process: Deletion of ods_migrated records from stg_patient_encounter table started]
[2025-05-14 02:21:22,818: INFO: stg_records_deletion_process: Deletion of ods_migrated records from stg_patient_person table started]
[2025-05-14 02:21:22,819: INFO: stg_records_deletion_process: Deletion of ods_migrated records from stg_laboratory_test table started]
[2025-05-14 02:21:29,660: INFO: stg_records_deletion_process: Deletion of ods_migrated records from stg_patient_encounter table completed]
[2025-05-14 02:21:32,972: INFO: stg_records_deletion_process: Deletion of ods_migrated records from stg_laboratory_test table completed]
[2025-05-14 02:21:33,081: INFO: stg_records_deletion_process: Deletion of ods_migrated records from stg_laboratory_sample table completed]
[2025-05-14 02:21:33,220: INFO: stg_records_deletion_process: Deletion of ods_migrated records from stg_laboratory_result table completed]
[2025-05-14 02:21:50,187: INFO: stg_records_deletion_process: Deletion of ods_migrated records from stg_patient_person table completed]
[2025-05-14 02:21:50,212: INFO: stg_records_deletion_process: Deletion of ods_migrated records from stg_pmtct_anc table started]
[2025-05-14 02:21:50,213: INFO: stg_records_deletion_process: Deletion of ods_migrated records from stg_pmtct_enrollment table started]
[2025-05-14 02:21:50,214: INFO: stg_records_deletion_process: Deletion of ods_migrated records from stg_patient_visit table started]
[2025-05-14 02:21:50,214: INFO: stg_records_deletion_process: Deletion of ods_migrated records from stg_pmtct_infant_arv table started]
[2025-05-14 02:21:50,215: INFO: stg_records_deletion_process: Deletion of ods_migrated records from stg_pmtct_delivery table started]
[2025-05-14 02:21:52,022: INFO: stg_records_deletion_process: Deletion of ods_migrated records from stg_pmtct_infant_arv table completed]
[2025-05-14 02:21:52,035: INFO: stg_records_deletion_process: Deletion of ods_migrated records from stg_pmtct_delivery table completed]
[2025-05-14 02:21:52,083: INFO: stg_records_deletion_process: Deletion of ods_migrated records from stg_pmtct_enrollment table completed]
[2025-05-14 02:21:52,361: INFO: stg_records_deletion_process: Deletion of ods_migrated records from stg_pmtct_anc table completed]
[2025-05-14 02:22:11,657: INFO: stg_records_deletion_process: Deletion of ods_migrated records from stg_patient_visit table completed]
[2025-05-14 02:22:11,681: INFO: stg_records_deletion_process: Deletion of ods_migrated records from stg_pmtct_infant_information table started]
[2025-05-14 02:22:11,683: INFO: stg_records_deletion_process: Deletion of ods_migrated records from stg_pmtct_infant_mother_art table started]
[2025-05-14 02:22:11,683: INFO: stg_records_deletion_process: Deletion of ods_migrated records from stg_pmtct_infant_visit table started]
[2025-05-14 02:22:11,684: INFO: stg_records_deletion_process: Deletion of ods_migrated records from stg_pmtct_infant_pcr table started]
[2025-05-14 02:22:11,686: INFO: stg_records_deletion_process: Deletion of ods_migrated records from stg_pmtct_infant_rapid_antibody table started]
[2025-05-14 02:22:13,211: INFO: stg_records_deletion_process: Deletion of ods_migrated records from stg_pmtct_infant_visit table completed]
[2025-05-14 02:22:13,287: INFO: stg_records_deletion_process: Deletion of ods_migrated records from stg_pmtct_infant_mother_art table completed]
[2025-05-14 02:22:13,297: INFO: stg_records_deletion_process: Deletion of ods_migrated records from stg_pmtct_infant_information table completed]
[2025-05-14 02:22:13,341: INFO: stg_records_deletion_process: Deletion of ods_migrated records from stg_pmtct_infant_pcr table completed]
[2025-05-14 02:22:13,345: INFO: stg_records_deletion_process: Deletion of ods_migrated records from stg_pmtct_infant_rapid_antibody table completed]
[2025-05-14 02:22:13,362: INFO: stg_records_deletion_process: Deletion of ods_migrated records from stg_pmtct_mother_visitation table started]
[2025-05-14 02:22:13,364: INFO: stg_records_deletion_process: Deletion of ods_migrated records from stg_prep_interruption table started]
[2025-05-14 02:22:13,366: INFO: stg_records_deletion_process: Deletion of ods_migrated records from stg_prep_clinic table started]
[2025-05-14 02:22:13,368: INFO: stg_records_deletion_process: Deletion of ods_migrated records from stg_prep_enrollment table started]
[2025-05-14 02:22:13,370: INFO: stg_records_deletion_process: Deletion of ods_migrated records from stg_prep_eligibility table started]
[2025-05-14 02:22:14,993: INFO: stg_records_deletion_process: Deletion of ods_migrated records from stg_prep_interruption table completed]
[2025-05-14 02:22:15,013: INFO: stg_records_deletion_process: Deletion of ods_migrated records from stg_pmtct_mother_visitation table completed]
[2025-05-14 02:22:15,255: INFO: stg_records_deletion_process: Deletion of ods_migrated records from stg_prep_clinic table completed]
[2025-05-14 02:22:15,365: INFO: stg_records_deletion_process: Deletion of ods_migrated records from stg_prep_eligibility table completed]
[2025-05-14 02:22:15,483: INFO: stg_records_deletion_process: Deletion of ods_migrated records from stg_prep_enrollment table completed]
[2025-05-14 02:22:15,511: INFO: stg_records_deletion_process: Deletion of ods_migrated records from stg_triage_vital_sign table started]
[2025-05-14 02:22:21,837: INFO: stg_records_deletion_process: Deletion of ods_migrated records from stg_triage_vital_sign table completed]
[2025-05-14 02:22:21,873: INFO: stg_records_deletion_process: Deletion of records with Y processed status on stg_monitoring table completed]
2025-05-14 02:22:22: Pipeline completed successfully.
2025-05-15 02:00:01: Starting the pipeline...
[2025-05-15 02:00:01,913: INFO: stg_records_deletion_process: DPID_20250515_02_00]
[2025-05-15 02:00:01,915: INFO: stg_records_deletion_process: Job Started]
[2025-05-15 02:00:01,915: INFO: stg_records_deletion_process: Deletion of records with Y processed status on stg_monitoring table started]
[2025-05-15 02:00:01,932: INFO: stg_records_deletion_process: Deletion of ods_migrated records from stg_base_application_codeset table started]
[2025-05-15 02:00:01,935: INFO: stg_records_deletion_process: Deletion of ods_migrated records from stg_base_organisation_unit table started]
[2025-05-15 02:00:01,936: INFO: stg_records_deletion_process: Deletion of ods_migrated records from stg_base_organisation_unit_identifier table started]
[2025-05-15 02:00:01,940: INFO: stg_records_deletion_process: Deletion of ods_migrated records from stg_biometric table started]
[2025-05-15 02:00:01,941: INFO: stg_records_deletion_process: Deletion of ods_migrated records from stg_case_manager table started]
[2025-05-15 02:00:02,633: INFO: stg_records_deletion_process: Deletion of ods_migrated records from stg_base_organisation_unit_identifier table completed]
[2025-05-15 02:00:04,095: INFO: stg_records_deletion_process: Deletion of ods_migrated records from stg_case_manager table completed]
[2025-05-15 02:00:05,292: INFO: stg_records_deletion_process: Deletion of ods_migrated records from stg_base_organisation_unit table completed]
[2025-05-15 02:00:05,904: INFO: stg_records_deletion_process: Deletion of ods_migrated records from stg_base_application_codeset table completed]
[2025-05-15 02:00:21,365: INFO: stg_records_deletion_process: Deletion of ods_migrated records from stg_biometric table completed]
[2025-05-15 02:00:21,388: INFO: stg_records_deletion_process: Deletion of ods_migrated records from stg_hiv_art_pharmacy table started]
[2025-05-15 02:00:21,389: INFO: stg_records_deletion_process: Deletion of ods_migrated records from stg_case_manager_patients table started]
[2025-05-15 02:00:21,389: INFO: stg_records_deletion_process: Deletion of ods_migrated records from stg_hiv_art_clinical table started]
[2025-05-15 02:00:21,390: INFO: stg_records_deletion_process: Deletion of ods_migrated records from stg_dsd_devolvement table started]
[2025-05-15 02:00:21,393: INFO: stg_records_deletion_process: Deletion of ods_migrated records from stg_hiv_art_pharmacy_regimens table started]
[2025-05-15 02:00:23,812: INFO: stg_records_deletion_process: Deletion of ods_migrated records from stg_case_manager_patients table completed]
[2025-05-15 02:00:31,110: INFO: stg_records_deletion_process: Deletion of ods_migrated records from stg_dsd_devolvement table completed]
[2025-05-15 02:00:49,140: INFO: stg_records_deletion_process: Deletion of ods_migrated records from stg_hiv_art_pharmacy table completed]
[2025-05-15 02:03:18,206: INFO: stg_records_deletion_process: Deletion of ods_migrated records from stg_hiv_art_pharmacy_regimens table completed]
[2025-05-15 02:08:40,781: INFO: stg_records_deletion_process: Deletion of ods_migrated records from stg_hiv_art_clinical table completed]
[2025-05-15 02:08:40,806: INFO: stg_records_deletion_process: Deletion of ods_migrated records from stg_hiv_eac_session table started]
[2025-05-15 02:08:40,807: INFO: stg_records_deletion_process: Deletion of ods_migrated records from stg_hiv_enrollment table started]
[2025-05-15 02:08:40,807: INFO: stg_records_deletion_process: Deletion of ods_migrated records from stg_hiv_eac table started]
[2025-05-15 02:08:40,813: INFO: stg_records_deletion_process: Deletion of ods_migrated records from stg_hiv_eac_out_come table started]
[2025-05-15 02:08:40,814: INFO: stg_records_deletion_process: Deletion of ods_migrated records from stg_hiv_observation table started]
[2025-05-15 02:08:42,754: INFO: stg_records_deletion_process: Deletion of ods_migrated records from stg_hiv_eac_out_come table completed]
[2025-05-15 02:08:43,259: INFO: stg_records_deletion_process: Deletion of ods_migrated records from stg_hiv_eac table completed]
[2025-05-15 02:08:43,350: INFO: stg_records_deletion_process: Deletion of ods_migrated records from stg_hiv_eac_session table completed]
[2025-05-15 02:09:03,442: INFO: stg_records_deletion_process: Deletion of ods_migrated records from stg_hiv_enrollment table completed]
[2025-05-15 02:12:43,766: INFO: stg_records_deletion_process: Deletion of ods_migrated records from stg_hiv_observation table completed]
[2025-05-15 02:12:43,792: INFO: stg_records_deletion_process: Deletion of ods_migrated records from stg_hiv_regimen_resolver table started]
[2025-05-15 02:12:43,793: INFO: stg_records_deletion_process: Deletion of ods_migrated records from stg_hiv_regimen_type table started]
[2025-05-15 02:12:43,794: INFO: stg_records_deletion_process: Deletion of ods_migrated records from stg_hiv_status_tracker table started]
[2025-05-15 02:12:43,796: INFO: stg_records_deletion_process: Deletion of ods_migrated records from stg_hiv_regimen table started]
[2025-05-15 02:12:43,797: INFO: stg_records_deletion_process: Deletion of ods_migrated records from stg_hts_client table started]
[2025-05-15 02:12:47,073: INFO: stg_records_deletion_process: Deletion of ods_migrated records from stg_hiv_regimen table completed]
[2025-05-15 02:12:47,089: INFO: stg_records_deletion_process: Deletion of ods_migrated records from stg_hiv_regimen_type table completed]
[2025-05-15 02:12:47,163: INFO: stg_records_deletion_process: Deletion of ods_migrated records from stg_hiv_regimen_resolver table completed]
[2025-05-15 02:17:17,842: INFO: stg_records_deletion_process: Deletion of ods_migrated records from stg_hiv_status_tracker table completed]
[2025-05-15 02:21:13,308: INFO: stg_records_deletion_process: Deletion of ods_migrated records from stg_hts_client table completed]
[2025-05-15 02:21:13,331: INFO: stg_records_deletion_process: Deletion of ods_migrated records from stg_laboratory_labtest table started]
[2025-05-15 02:21:13,335: INFO: stg_records_deletion_process: Deletion of ods_migrated records from stg_hts_client_referral table started]
[2025-05-15 02:21:13,335: INFO: stg_records_deletion_process: Deletion of ods_migrated records from stg_laboratory_order table started]
[2025-05-15 02:21:13,340: INFO: stg_records_deletion_process: Deletion of ods_migrated records from stg_hts_risk_stratification table started]
[2025-05-15 02:21:13,341: INFO: stg_records_deletion_process: Deletion of ods_migrated records from stg_hts_index_elicitation table started]
[2025-05-15 02:21:16,471: INFO: stg_records_deletion_process: Deletion of ods_migrated records from stg_hts_client_referral table completed]
[2025-05-15 02:21:16,545: INFO: stg_records_deletion_process: Deletion of ods_migrated records from stg_laboratory_labtest table completed]
[2025-05-15 02:21:16,660: INFO: stg_records_deletion_process: Deletion of ods_migrated records from stg_hts_index_elicitation table completed]
[2025-05-15 02:21:20,070: INFO: stg_records_deletion_process: Deletion of ods_migrated records from stg_laboratory_order table completed]
[2025-05-15 02:21:20,816: INFO: stg_records_deletion_process: Deletion of ods_migrated records from stg_hts_risk_stratification table completed]
[2025-05-15 02:21:20,845: INFO: stg_records_deletion_process: Deletion of ods_migrated records from stg_laboratory_test table started]
[2025-05-15 02:21:20,846: INFO: stg_records_deletion_process: Deletion of ods_migrated records from stg_patient_person table started]
[2025-05-15 02:21:20,847: INFO: stg_records_deletion_process: Deletion of ods_migrated records from stg_laboratory_sample table started]
[2025-05-15 02:21:20,847: INFO: stg_records_deletion_process: Deletion of ods_migrated records from stg_laboratory_result table started]
[2025-05-15 02:21:20,848: INFO: stg_records_deletion_process: Deletion of ods_migrated records from stg_patient_encounter table started]
[2025-05-15 02:21:26,896: INFO: stg_records_deletion_process: Deletion of ods_migrated records from stg_patient_encounter table completed]
[2025-05-15 02:21:28,914: INFO: stg_records_deletion_process: Deletion of ods_migrated records from stg_laboratory_test table completed]
[2025-05-15 02:21:29,004: INFO: stg_records_deletion_process: Deletion of ods_migrated records from stg_laboratory_sample table completed]
[2025-05-15 02:21:29,025: INFO: stg_records_deletion_process: Deletion of ods_migrated records from stg_laboratory_result table completed]
[2025-05-15 02:21:49,067: INFO: stg_records_deletion_process: Deletion of ods_migrated records from stg_patient_person table completed]
[2025-05-15 02:21:49,090: INFO: stg_records_deletion_process: Deletion of ods_migrated records from stg_patient_visit table started]
[2025-05-15 02:21:49,092: INFO: stg_records_deletion_process: Deletion of ods_migrated records from stg_pmtct_anc table started]
[2025-05-15 02:21:49,093: INFO: stg_records_deletion_process: Deletion of ods_migrated records from stg_pmtct_enrollment table started]
[2025-05-15 02:21:49,094: INFO: stg_records_deletion_process: Deletion of ods_migrated records from stg_pmtct_delivery table started]
[2025-05-15 02:21:49,096: INFO: stg_records_deletion_process: Deletion of ods_migrated records from stg_pmtct_infant_arv table started]
[2025-05-15 02:21:50,704: INFO: stg_records_deletion_process: Deletion of ods_migrated records from stg_pmtct_delivery table completed]
[2025-05-15 02:21:50,726: INFO: stg_records_deletion_process: Deletion of ods_migrated records from stg_pmtct_enrollment table completed]
[2025-05-15 02:21:50,752: INFO: stg_records_deletion_process: Deletion of ods_migrated records from stg_pmtct_infant_arv table completed]
[2025-05-15 02:21:51,120: INFO: stg_records_deletion_process: Deletion of ods_migrated records from stg_pmtct_anc table completed]
[2025-05-15 02:22:08,027: INFO: stg_records_deletion_process: Deletion of ods_migrated records from stg_patient_visit table completed]
[2025-05-15 02:22:08,049: INFO: stg_records_deletion_process: Deletion of ods_migrated records from stg_pmtct_infant_information table started]
[2025-05-15 02:22:08,049: INFO: stg_records_deletion_process: Deletion of ods_migrated records from stg_pmtct_infant_pcr table started]
[2025-05-15 02:22:08,052: INFO: stg_records_deletion_process: Deletion of ods_migrated records from stg_pmtct_infant_mother_art table started]
[2025-05-15 02:22:08,057: INFO: stg_records_deletion_process: Deletion of ods_migrated records from stg_pmtct_infant_rapid_antibody table started]
[2025-05-15 02:22:08,058: INFO: stg_records_deletion_process: Deletion of ods_migrated records from stg_pmtct_infant_visit table started]
[2025-05-15 02:22:09,593: INFO: stg_records_deletion_process: Deletion of ods_migrated records from stg_pmtct_infant_visit table completed]
[2025-05-15 02:22:09,644: INFO: stg_records_deletion_process: Deletion of ods_migrated records from stg_pmtct_infant_rapid_antibody table completed]
[2025-05-15 02:22:09,645: INFO: stg_records_deletion_process: Deletion of ods_migrated records from stg_pmtct_infant_mother_art table completed]
[2025-05-15 02:22:09,678: INFO: stg_records_deletion_process: Deletion of ods_migrated records from stg_pmtct_infant_information table completed]
[2025-05-15 02:22:09,679: INFO: stg_records_deletion_process: Deletion of ods_migrated records from stg_pmtct_infant_pcr table completed]
[2025-05-15 02:22:09,700: INFO: stg_records_deletion_process: Deletion of ods_migrated records from stg_pmtct_mother_visitation table started]
[2025-05-15 02:22:09,701: INFO: stg_records_deletion_process: Deletion of ods_migrated records from stg_prep_eligibility table started]
[2025-05-15 02:22:09,702: INFO: stg_records_deletion_process: Deletion of ods_migrated records from stg_prep_enrollment table started]
[2025-05-15 02:22:09,705: INFO: stg_records_deletion_process: Deletion of ods_migrated records from stg_prep_clinic table started]
[2025-05-15 02:22:09,706: INFO: stg_records_deletion_process: Deletion of ods_migrated records from stg_prep_interruption table started]
[2025-05-15 02:22:11,262: INFO: stg_records_deletion_process: Deletion of ods_migrated records from stg_prep_interruption table completed]
[2025-05-15 02:22:11,272: INFO: stg_records_deletion_process: Deletion of ods_migrated records from stg_pmtct_mother_visitation table completed]
[2025-05-15 02:22:11,452: INFO: stg_records_deletion_process: Deletion of ods_migrated records from stg_prep_eligibility table completed]
[2025-05-15 02:22:11,604: INFO: stg_records_deletion_process: Deletion of ods_migrated records from stg_prep_enrollment table completed]
[2025-05-15 02:22:11,684: INFO: stg_records_deletion_process: Deletion of ods_migrated records from stg_prep_clinic table completed]
[2025-05-15 02:22:11,709: INFO: stg_records_deletion_process: Deletion of ods_migrated records from stg_triage_vital_sign table started]
[2025-05-15 02:22:17,061: INFO: stg_records_deletion_process: Deletion of ods_migrated records from stg_triage_vital_sign table completed]
[2025-05-15 02:22:17,087: INFO: stg_records_deletion_process: Deletion of records with Y processed status on stg_monitoring table completed]
2025-05-15 02:22:17: Pipeline completed successfully.
2025-05-16 02:00:01: Starting the pipeline...
[2025-05-16 02:00:01,366: INFO: stg_records_deletion_process: DPID_20250516_02_00]
[2025-05-16 02:00:01,367: INFO: stg_records_deletion_process: Job Started]
[2025-05-16 02:00:01,367: INFO: stg_records_deletion_process: Deletion of records with Y processed status on stg_monitoring table started]
[2025-05-16 02:00:01,389: INFO: stg_records_deletion_process: Deletion of ods_migrated records from stg_case_manager table started]
[2025-05-16 02:00:01,390: INFO: stg_records_deletion_process: Deletion of ods_migrated records from stg_base_organisation_unit table started]
[2025-05-16 02:00:01,391: INFO: stg_records_deletion_process: Deletion of ods_migrated records from stg_base_organisation_unit_identifier table started]
[2025-05-16 02:00:01,391: INFO: stg_records_deletion_process: Deletion of ods_migrated records from stg_base_application_codeset table started]
[2025-05-16 02:00:01,391: INFO: stg_records_deletion_process: Deletion of ods_migrated records from stg_biometric table started]
[2025-05-16 02:00:02,158: INFO: stg_records_deletion_process: Deletion of ods_migrated records from stg_base_organisation_unit_identifier table completed]
[2025-05-16 02:00:03,592: INFO: stg_records_deletion_process: Deletion of ods_migrated records from stg_case_manager table completed]
[2025-05-16 02:00:07,905: INFO: stg_records_deletion_process: Deletion of ods_migrated records from stg_base_organisation_unit table completed]
[2025-05-16 02:00:19,316: INFO: stg_records_deletion_process: Deletion of ods_migrated records from stg_base_application_codeset table completed]
[2025-05-16 02:00:21,901: INFO: stg_records_deletion_process: Deletion of ods_migrated records from stg_biometric table completed]
[2025-05-16 02:00:21,925: INFO: stg_records_deletion_process: Deletion of ods_migrated records from stg_case_manager_patients table started]
[2025-05-16 02:00:21,928: INFO: stg_records_deletion_process: Deletion of ods_migrated records from stg_dsd_devolvement table started]
[2025-05-16 02:00:21,929: INFO: stg_records_deletion_process: Deletion of ods_migrated records from stg_hiv_art_clinical table started]
[2025-05-16 02:00:21,930: INFO: stg_records_deletion_process: Deletion of ods_migrated records from stg_hiv_art_pharmacy_regimens table started]
[2025-05-16 02:00:21,930: INFO: stg_records_deletion_process: Deletion of ods_migrated records from stg_hiv_art_pharmacy table started]
[2025-05-16 02:00:24,548: INFO: stg_records_deletion_process: Deletion of ods_migrated records from stg_case_manager_patients table completed]
[2025-05-16 02:00:43,126: INFO: stg_records_deletion_process: Deletion of ods_migrated records from stg_dsd_devolvement table completed]
[2025-05-16 02:00:55,001: INFO: stg_records_deletion_process: Deletion of ods_migrated records from stg_hiv_art_pharmacy table completed]
[2025-05-16 02:04:08,307: INFO: stg_records_deletion_process: Deletion of ods_migrated records from stg_hiv_art_pharmacy_regimens table completed]
[2025-05-16 02:09:48,709: INFO: stg_records_deletion_process: Deletion of ods_migrated records from stg_hiv_art_clinical table completed]
[2025-05-16 02:09:48,799: INFO: stg_records_deletion_process: Deletion of ods_migrated records from stg_hiv_observation table started]
[2025-05-16 02:09:48,801: INFO: stg_records_deletion_process: Deletion of ods_migrated records from stg_hiv_enrollment table started]
[2025-05-16 02:09:48,801: INFO: stg_records_deletion_process: Deletion of ods_migrated records from stg_hiv_eac_out_come table started]
[2025-05-16 02:09:48,802: INFO: stg_records_deletion_process: Deletion of ods_migrated records from stg_hiv_eac_session table started]
[2025-05-16 02:09:48,803: INFO: stg_records_deletion_process: Deletion of ods_migrated records from stg_hiv_eac table started]
[2025-05-16 02:09:52,232: INFO: stg_records_deletion_process: Deletion of ods_migrated records from stg_hiv_eac_out_come table completed]
[2025-05-16 02:09:52,620: INFO: stg_records_deletion_process: Deletion of ods_migrated records from stg_hiv_eac table completed]
[2025-05-16 02:09:52,628: INFO: stg_records_deletion_process: Deletion of ods_migrated records from stg_hiv_eac_session table completed]
[2025-05-16 02:10:15,075: INFO: stg_records_deletion_process: Deletion of ods_migrated records from stg_hiv_enrollment table completed]
[2025-05-16 02:14:06,994: INFO: stg_records_deletion_process: Deletion of ods_migrated records from stg_hiv_observation table completed]
[2025-05-16 02:14:07,010: INFO: stg_records_deletion_process: Deletion of ods_migrated records from stg_hiv_regimen table started]
[2025-05-16 02:14:07,011: INFO: stg_records_deletion_process: Deletion of ods_migrated records from stg_hts_client table started]
[2025-05-16 02:14:07,015: INFO: stg_records_deletion_process: Deletion of ods_migrated records from stg_hiv_status_tracker table started]
[2025-05-16 02:14:07,020: INFO: stg_records_deletion_process: Deletion of ods_migrated records from stg_hiv_regimen_resolver table started]
[2025-05-16 02:14:07,021: INFO: stg_records_deletion_process: Deletion of ods_migrated records from stg_hiv_regimen_type table started]
[2025-05-16 02:14:09,504: INFO: stg_records_deletion_process: Deletion of ods_migrated records from stg_hiv_regimen_type table completed]
[2025-05-16 02:14:09,668: INFO: stg_records_deletion_process: Deletion of ods_migrated records from stg_hiv_regimen table completed]
[2025-05-16 02:14:09,675: INFO: stg_records_deletion_process: Deletion of ods_migrated records from stg_hiv_regimen_resolver table completed]
[2025-05-16 02:19:08,665: INFO: stg_records_deletion_process: Deletion of ods_migrated records from stg_hiv_status_tracker table completed]
[2025-05-16 02:23:37,888: INFO: stg_records_deletion_process: Deletion of ods_migrated records from stg_hts_client table completed]
[2025-05-16 02:23:37,912: INFO: stg_records_deletion_process: Deletion of ods_migrated records from stg_laboratory_order table started]
[2025-05-16 02:23:37,913: INFO: stg_records_deletion_process: Deletion of ods_migrated records from stg_hts_risk_stratification table started]
[2025-05-16 02:23:37,913: INFO: stg_records_deletion_process: Deletion of ods_migrated records from stg_hts_index_elicitation table started]
[2025-05-16 02:23:37,914: INFO: stg_records_deletion_process: Deletion of ods_migrated records from stg_hts_client_referral table started]
[2025-05-16 02:23:37,916: INFO: stg_records_deletion_process: Deletion of ods_migrated records from stg_laboratory_labtest table started]
[2025-05-16 02:23:39,969: INFO: stg_records_deletion_process: Deletion of ods_migrated records from stg_hts_client_referral table completed]
[2025-05-16 02:23:40,084: INFO: stg_records_deletion_process: Deletion of ods_migrated records from stg_hts_index_elicitation table completed]
[2025-05-16 02:23:40,369: INFO: stg_records_deletion_process: Deletion of ods_migrated records from stg_laboratory_labtest table completed]
[2025-05-16 02:23:42,632: INFO: stg_records_deletion_process: Deletion of ods_migrated records from stg_laboratory_order table completed]
[2025-05-16 02:24:03,570: INFO: stg_records_deletion_process: Deletion of ods_migrated records from stg_hts_risk_stratification table completed]
[2025-05-16 02:24:03,591: INFO: stg_records_deletion_process: Deletion of ods_migrated records from stg_patient_person table started]
[2025-05-16 02:24:03,598: INFO: stg_records_deletion_process: Deletion of ods_migrated records from stg_laboratory_sample table started]
[2025-05-16 02:24:03,599: INFO: stg_records_deletion_process: Deletion of ods_migrated records from stg_laboratory_test table started]
[2025-05-16 02:24:03,599: INFO: stg_records_deletion_process: Deletion of ods_migrated records from stg_laboratory_result table started]
[2025-05-16 02:24:03,600: INFO: stg_records_deletion_process: Deletion of ods_migrated records from stg_patient_encounter table started]
[2025-05-16 02:24:14,116: INFO: stg_records_deletion_process: Deletion of ods_migrated records from stg_patient_encounter table completed]
[2025-05-16 02:24:15,554: INFO: stg_records_deletion_process: Deletion of ods_migrated records from stg_laboratory_sample table completed]
[2025-05-16 02:24:15,904: INFO: stg_records_deletion_process: Deletion of ods_migrated records from stg_laboratory_test table completed]
[2025-05-16 02:24:15,941: INFO: stg_records_deletion_process: Deletion of ods_migrated records from stg_laboratory_result table completed]
[2025-05-16 02:24:48,813: INFO: stg_records_deletion_process: Deletion of ods_migrated records from stg_patient_person table completed]
[2025-05-16 02:24:48,834: INFO: stg_records_deletion_process: Deletion of ods_migrated records from stg_pmtct_delivery table started]
[2025-05-16 02:24:48,839: INFO: stg_records_deletion_process: Deletion of ods_migrated records from stg_patient_visit table started]
[2025-05-16 02:24:48,840: INFO: stg_records_deletion_process: Deletion of ods_migrated records from stg_pmtct_anc table started]
[2025-05-16 02:24:48,844: INFO: stg_records_deletion_process: Deletion of ods_migrated records from stg_pmtct_enrollment table started]
[2025-05-16 02:24:48,851: INFO: stg_records_deletion_process: Deletion of ods_migrated records from stg_pmtct_infant_arv table started]
[2025-05-16 02:24:50,694: INFO: stg_records_deletion_process: Deletion of ods_migrated records from stg_pmtct_infant_arv table completed]
[2025-05-16 02:24:50,704: INFO: stg_records_deletion_process: Deletion of ods_migrated records from stg_pmtct_delivery table completed]
[2025-05-16 02:24:50,749: INFO: stg_records_deletion_process: Deletion of ods_migrated records from stg_pmtct_enrollment table completed]
[2025-05-16 02:24:51,181: INFO: stg_records_deletion_process: Deletion of ods_migrated records from stg_pmtct_anc table completed]
[2025-05-16 02:25:09,805: INFO: stg_records_deletion_process: Deletion of ods_migrated records from stg_patient_visit table completed]
[2025-05-16 02:25:09,830: INFO: stg_records_deletion_process: Deletion of ods_migrated records from stg_pmtct_infant_mother_art table started]
[2025-05-16 02:25:09,832: INFO: stg_records_deletion_process: Deletion of ods_migrated records from stg_pmtct_infant_information table started]
[2025-05-16 02:25:09,833: INFO: stg_records_deletion_process: Deletion of ods_migrated records from stg_pmtct_infant_rapid_antibody table started]
[2025-05-16 02:25:09,833: INFO: stg_records_deletion_process: Deletion of ods_migrated records from stg_pmtct_infant_pcr table started]
[2025-05-16 02:25:09,834: INFO: stg_records_deletion_process: Deletion of ods_migrated records from stg_pmtct_infant_visit table started]
[2025-05-16 02:25:11,439: INFO: stg_records_deletion_process: Deletion of ods_migrated records from stg_pmtct_infant_mother_art table completed]
[2025-05-16 02:25:11,532: INFO: stg_records_deletion_process: Deletion of ods_migrated records from stg_pmtct_infant_visit table completed]
[2025-05-16 02:25:11,592: INFO: stg_records_deletion_process: Deletion of ods_migrated records from stg_pmtct_infant_rapid_antibody table completed]
[2025-05-16 02:25:11,772: INFO: stg_records_deletion_process: Deletion of ods_migrated records from stg_pmtct_infant_information table completed]
[2025-05-16 02:25:11,924: INFO: stg_records_deletion_process: Deletion of ods_migrated records from stg_pmtct_infant_pcr table completed]
[2025-05-16 02:25:11,948: INFO: stg_records_deletion_process: Deletion of ods_migrated records from stg_prep_eligibility table started]
[2025-05-16 02:25:11,948: INFO: stg_records_deletion_process: Deletion of ods_migrated records from stg_prep_clinic table started]
[2025-05-16 02:25:11,950: INFO: stg_records_deletion_process: Deletion of ods_migrated records from stg_prep_interruption table started]
[2025-05-16 02:25:11,950: INFO: stg_records_deletion_process: Deletion of ods_migrated records from stg_pmtct_mother_visitation table started]
[2025-05-16 02:25:11,951: INFO: stg_records_deletion_process: Deletion of ods_migrated records from stg_prep_enrollment table started]
[2025-05-16 02:25:13,602: INFO: stg_records_deletion_process: Deletion of ods_migrated records from stg_prep_interruption table completed]
[2025-05-16 02:25:13,650: INFO: stg_records_deletion_process: Deletion of ods_migrated records from stg_pmtct_mother_visitation table completed]
[2025-05-16 02:25:13,972: INFO: stg_records_deletion_process: Deletion of ods_migrated records from stg_prep_eligibility table completed]
[2025-05-16 02:25:14,039: INFO: stg_records_deletion_process: Deletion of ods_migrated records from stg_prep_clinic table completed]
[2025-05-16 02:25:14,165: INFO: stg_records_deletion_process: Deletion of ods_migrated records from stg_prep_enrollment table completed]
[2025-05-16 02:25:14,191: INFO: stg_records_deletion_process: Deletion of ods_migrated records from stg_triage_vital_sign table started]
[2025-05-16 02:25:27,402: INFO: stg_records_deletion_process: Deletion of ods_migrated records from stg_triage_vital_sign table completed]
[2025-05-16 02:25:27,433: INFO: stg_records_deletion_process: Deletion of records with Y processed status on stg_monitoring table completed]
2025-05-16 02:25:28: Pipeline completed successfully.
2025-05-17 02:00:01: Starting the pipeline...
[2025-05-17 02:00:02,303: INFO: stg_records_deletion_process: DPID_20250517_02_00]
[2025-05-17 02:00:02,304: INFO: stg_records_deletion_process: Job Started]
[2025-05-17 02:00:02,305: INFO: stg_records_deletion_process: Deletion of records with Y processed status on stg_monitoring table started]
[2025-05-17 02:00:02,321: INFO: stg_records_deletion_process: Deletion of ods_migrated records from stg_base_application_codeset table started]
[2025-05-17 02:00:02,323: INFO: stg_records_deletion_process: Deletion of ods_migrated records from stg_base_organisation_unit_identifier table started]
[2025-05-17 02:00:02,323: INFO: stg_records_deletion_process: Deletion of ods_migrated records from stg_biometric table started]
[2025-05-17 02:00:02,325: INFO: stg_records_deletion_process: Deletion of ods_migrated records from stg_base_organisation_unit table started]
[2025-05-17 02:00:02,328: INFO: stg_records_deletion_process: Deletion of ods_migrated records from stg_case_manager table started]
[2025-05-17 02:00:03,140: INFO: stg_records_deletion_process: Deletion of ods_migrated records from stg_base_organisation_unit_identifier table completed]
[2025-05-17 02:00:05,123: INFO: stg_records_deletion_process: Deletion of ods_migrated records from stg_case_manager table completed]
[2025-05-17 02:00:08,477: INFO: stg_records_deletion_process: Deletion of ods_migrated records from stg_base_organisation_unit table completed]
[2025-05-17 02:00:25,701: INFO: stg_records_deletion_process: Deletion of ods_migrated records from stg_base_application_codeset table completed]
[2025-05-17 02:06:14,927: INFO: stg_records_deletion_process: Deletion of ods_migrated records from stg_biometric table completed]
[2025-05-17 02:06:14,951: INFO: stg_records_deletion_process: Deletion of ods_migrated records from stg_case_manager_patients table started]
[2025-05-17 02:06:14,951: INFO: stg_records_deletion_process: Deletion of ods_migrated records from stg_dsd_devolvement table started]
[2025-05-17 02:06:14,952: INFO: stg_records_deletion_process: Deletion of ods_migrated records from stg_hiv_art_pharmacy_regimens table started]
[2025-05-17 02:06:14,952: INFO: stg_records_deletion_process: Deletion of ods_migrated records from stg_hiv_art_clinical table started]
[2025-05-17 02:06:14,953: INFO: stg_records_deletion_process: Deletion of ods_migrated records from stg_hiv_art_pharmacy table started]
[2025-05-17 02:06:23,241: INFO: stg_records_deletion_process: Deletion of ods_migrated records from stg_case_manager_patients table completed]
[2025-05-17 02:06:48,762: INFO: stg_records_deletion_process: Deletion of ods_migrated records from stg_dsd_devolvement table completed]
[2025-05-17 02:10:46,538: INFO: stg_records_deletion_process: Deletion of ods_migrated records from stg_hiv_art_pharmacy_regimens table completed]
[2025-05-17 02:13:57,525: INFO: stg_records_deletion_process: Deletion of ods_migrated records from stg_hiv_art_pharmacy table completed]
[2025-05-17 02:18:15,801: INFO: stg_records_deletion_process: Deletion of ods_migrated records from stg_hiv_art_clinical table completed]
[2025-05-17 02:18:15,823: INFO: stg_records_deletion_process: Deletion of ods_migrated records from stg_hiv_enrollment table started]
[2025-05-17 02:18:15,823: INFO: stg_records_deletion_process: Deletion of ods_migrated records from stg_hiv_eac table started]
[2025-05-17 02:18:15,824: INFO: stg_records_deletion_process: Deletion of ods_migrated records from stg_hiv_eac_session table started]
[2025-05-17 02:18:15,825: INFO: stg_records_deletion_process: Deletion of ods_migrated records from stg_hiv_eac_out_come table started]
[2025-05-17 02:18:15,825: INFO: stg_records_deletion_process: Deletion of ods_migrated records from stg_hiv_observation table started]
[2025-05-17 02:18:20,281: INFO: stg_records_deletion_process: Deletion of ods_migrated records from stg_hiv_eac_out_come table completed]
[2025-05-17 02:18:21,097: INFO: stg_records_deletion_process: Deletion of ods_migrated records from stg_hiv_eac table completed]
[2025-05-17 02:18:21,284: INFO: stg_records_deletion_process: Deletion of ods_migrated records from stg_hiv_eac_session table completed]
[2025-05-17 02:18:50,548: INFO: stg_records_deletion_process: Deletion of ods_migrated records from stg_hiv_enrollment table completed]
[2025-05-17 02:23:48,368: INFO: stg_records_deletion_process: Deletion of ods_migrated records from stg_hiv_observation table completed]
[2025-05-17 02:23:48,387: INFO: stg_records_deletion_process: Deletion of ods_migrated records from stg_hiv_regimen table started]
[2025-05-17 02:23:48,390: INFO: stg_records_deletion_process: Deletion of ods_migrated records from stg_hiv_status_tracker table started]
[2025-05-17 02:23:48,392: INFO: stg_records_deletion_process: Deletion of ods_migrated records from stg_hiv_regimen_resolver table started]
[2025-05-17 02:23:48,393: INFO: stg_records_deletion_process: Deletion of ods_migrated records from stg_hiv_regimen_type table started]
[2025-05-17 02:23:48,393: INFO: stg_records_deletion_process: Deletion of ods_migrated records from stg_hts_client table started]
[2025-05-17 02:23:52,796: INFO: stg_records_deletion_process: Deletion of ods_migrated records from stg_hiv_regimen_resolver table completed]
[2025-05-17 02:23:52,953: INFO: stg_records_deletion_process: Deletion of ods_migrated records from stg_hiv_regimen_type table completed]
[2025-05-17 02:23:53,325: INFO: stg_records_deletion_process: Deletion of ods_migrated records from stg_hiv_regimen table completed]
[2025-05-17 02:30:00,205: INFO: stg_records_deletion_process: Deletion of ods_migrated records from stg_hiv_status_tracker table completed]
[2025-05-17 02:35:51,534: INFO: stg_records_deletion_process: Deletion of ods_migrated records from stg_hts_client table completed]
[2025-05-17 02:35:51,555: INFO: stg_records_deletion_process: Deletion of ods_migrated records from stg_hts_index_elicitation table started]
[2025-05-17 02:35:51,555: INFO: stg_records_deletion_process: Deletion of ods_migrated records from stg_hts_client_referral table started]
[2025-05-17 02:35:51,556: INFO: stg_records_deletion_process: Deletion of ods_migrated records from stg_laboratory_labtest table started]
[2025-05-17 02:35:51,559: INFO: stg_records_deletion_process: Deletion of ods_migrated records from stg_laboratory_order table started]
[2025-05-17 02:35:51,560: INFO: stg_records_deletion_process: Deletion of ods_migrated records from stg_hts_risk_stratification table started]
[2025-05-17 02:35:55,780: INFO: stg_records_deletion_process: Deletion of ods_migrated records from stg_hts_client_referral table completed]
[2025-05-17 02:35:55,985: INFO: stg_records_deletion_process: Deletion of ods_migrated records from stg_hts_index_elicitation table completed]
[2025-05-17 02:35:55,988: INFO: stg_records_deletion_process: Deletion of ods_migrated records from stg_laboratory_labtest table completed]
[2025-05-17 02:36:30,444: INFO: stg_records_deletion_process: Deletion of ods_migrated records from stg_laboratory_order table completed]
[2025-05-17 02:36:41,766: INFO: stg_records_deletion_process: Deletion of ods_migrated records from stg_hts_risk_stratification table completed]
[2025-05-17 02:36:41,783: INFO: stg_records_deletion_process: Deletion of ods_migrated records from stg_patient_encounter table started]
[2025-05-17 02:36:41,785: INFO: stg_records_deletion_process: Deletion of ods_migrated records from stg_laboratory_test table started]
[2025-05-17 02:36:41,786: INFO: stg_records_deletion_process: Deletion of ods_migrated records from stg_patient_person table started]
[2025-05-17 02:36:41,786: INFO: stg_records_deletion_process: Deletion of ods_migrated records from stg_laboratory_result table started]
[2025-05-17 02:36:41,787: INFO: stg_records_deletion_process: Deletion of ods_migrated records from stg_laboratory_sample table started]
[2025-05-17 02:37:23,862: INFO: stg_records_deletion_process: Deletion of ods_migrated records from stg_patient_encounter table completed]
[2025-05-17 02:37:41,848: INFO: stg_records_deletion_process: Deletion of ods_migrated records from stg_laboratory_test table completed]
[2025-05-17 02:37:41,868: INFO: stg_records_deletion_process: Deletion of ods_migrated records from stg_laboratory_result table completed]
[2025-05-17 02:37:42,154: INFO: stg_records_deletion_process: Deletion of ods_migrated records from stg_laboratory_sample table completed]
[2025-05-17 02:44:33,265: INFO: stg_records_deletion_process: Deletion of ods_migrated records from stg_patient_person table completed]
[2025-05-17 02:44:33,287: INFO: stg_records_deletion_process: Deletion of ods_migrated records from stg_pmtct_infant_arv table started]
[2025-05-17 02:44:33,288: INFO: stg_records_deletion_process: Deletion of ods_migrated records from stg_patient_visit table started]
[2025-05-17 02:44:33,289: INFO: stg_records_deletion_process: Deletion of ods_migrated records from stg_pmtct_anc table started]
[2025-05-17 02:44:33,290: INFO: stg_records_deletion_process: Deletion of ods_migrated records from stg_pmtct_enrollment table started]
[2025-05-17 02:44:33,291: INFO: stg_records_deletion_process: Deletion of ods_migrated records from stg_pmtct_delivery table started]
[2025-05-17 02:44:35,536: INFO: stg_records_deletion_process: Deletion of ods_migrated records from stg_pmtct_delivery table completed]
[2025-05-17 02:44:35,672: INFO: stg_records_deletion_process: Deletion of ods_migrated records from stg_pmtct_infant_arv table completed]
[2025-05-17 02:44:35,768: INFO: stg_records_deletion_process: Deletion of ods_migrated records from stg_pmtct_enrollment table completed]
[2025-05-17 02:44:36,804: INFO: stg_records_deletion_process: Deletion of ods_migrated records from stg_pmtct_anc table completed]
[2025-05-17 02:48:52,886: INFO: stg_records_deletion_process: Deletion of ods_migrated records from stg_patient_visit table completed]
[2025-05-17 02:48:52,903: INFO: stg_records_deletion_process: Deletion of ods_migrated records from stg_pmtct_infant_visit table started]
[2025-05-17 02:48:52,908: INFO: stg_records_deletion_process: Deletion of ods_migrated records from stg_pmtct_infant_information table started]
[2025-05-17 02:48:52,909: INFO: stg_records_deletion_process: Deletion of ods_migrated records from stg_pmtct_infant_pcr table started]
[2025-05-17 02:48:52,910: INFO: stg_records_deletion_process: Deletion of ods_migrated records from stg_pmtct_infant_mother_art table started]
[2025-05-17 02:48:52,911: INFO: stg_records_deletion_process: Deletion of ods_migrated records from stg_pmtct_infant_rapid_antibody table started]
[2025-05-17 02:48:54,756: INFO: stg_records_deletion_process: Deletion of ods_migrated records from stg_pmtct_infant_visit table completed]
[2025-05-17 02:48:54,757: INFO: stg_records_deletion_process: Deletion of ods_migrated records from stg_pmtct_infant_rapid_antibody table completed]
[2025-05-17 02:48:54,760: INFO: stg_records_deletion_process: Deletion of ods_migrated records from stg_pmtct_infant_mother_art table completed]
[2025-05-17 02:48:54,895: INFO: stg_records_deletion_process: Deletion of ods_migrated records from stg_pmtct_infant_pcr table completed]
[2025-05-17 02:48:55,120: INFO: stg_records_deletion_process: Deletion of ods_migrated records from stg_pmtct_infant_information table completed]
[2025-05-17 02:48:55,136: INFO: stg_records_deletion_process: Deletion of ods_migrated records from stg_pmtct_mother_visitation table started]
[2025-05-17 02:48:55,139: INFO: stg_records_deletion_process: Deletion of ods_migrated records from stg_prep_clinic table started]
[2025-05-17 02:48:55,142: INFO: stg_records_deletion_process: Deletion of ods_migrated records from stg_prep_eligibility table started]
[2025-05-17 02:48:55,146: INFO: stg_records_deletion_process: Deletion of ods_migrated records from stg_prep_enrollment table started]
[2025-05-17 02:48:55,152: INFO: stg_records_deletion_process: Deletion of ods_migrated records from stg_prep_interruption table started]
[2025-05-17 02:48:56,980: INFO: stg_records_deletion_process: Deletion of ods_migrated records from stg_prep_interruption table completed]
[2025-05-17 02:48:57,567: INFO: stg_records_deletion_process: Deletion of ods_migrated records from stg_prep_clinic table completed]
[2025-05-17 02:48:57,602: INFO: stg_records_deletion_process: Deletion of ods_migrated records from stg_pmtct_mother_visitation table completed]
[2025-05-17 02:48:57,750: INFO: stg_records_deletion_process: Deletion of ods_migrated records from stg_prep_eligibility table completed]
[2025-05-17 02:48:58,858: INFO: stg_records_deletion_process: Deletion of ods_migrated records from stg_prep_enrollment table completed]
[2025-05-17 02:48:58,875: INFO: stg_records_deletion_process: Deletion of ods_migrated records from stg_triage_vital_sign table started]
[2025-05-17 02:49:38,446: INFO: stg_records_deletion_process: Deletion of ods_migrated records from stg_triage_vital_sign table completed]
[2025-05-17 02:49:38,511: INFO: stg_records_deletion_process: Deletion of records with Y processed status on stg_monitoring table completed]
2025-05-17 02:49:39: Pipeline completed successfully.
2025-05-18 02:00:01: Starting the pipeline...
[2025-05-18 02:00:01,484: INFO: stg_records_deletion_process: DPID_20250518_02_00]
[2025-05-18 02:00:01,486: INFO: stg_records_deletion_process: Job Started]
[2025-05-18 02:00:01,486: INFO: stg_records_deletion_process: Deletion of records with Y processed status on stg_monitoring table started]
[2025-05-18 02:00:01,506: INFO: stg_records_deletion_process: Deletion of ods_migrated records from stg_biometric table started]
[2025-05-18 02:00:01,507: INFO: stg_records_deletion_process: Deletion of ods_migrated records from stg_case_manager table started]
[2025-05-18 02:00:01,509: INFO: stg_records_deletion_process: Deletion of ods_migrated records from stg_base_organisation_unit_identifier table started]
[2025-05-18 02:00:01,510: INFO: stg_records_deletion_process: Deletion of ods_migrated records from stg_base_organisation_unit table started]
[2025-05-18 02:00:01,514: INFO: stg_records_deletion_process: Deletion of ods_migrated records from stg_base_application_codeset table started]
[2025-05-18 02:00:02,199: INFO: stg_records_deletion_process: Deletion of ods_migrated records from stg_base_organisation_unit_identifier table completed]
[2025-05-18 02:00:03,399: INFO: stg_records_deletion_process: Deletion of ods_migrated records from stg_case_manager table completed]
[2025-05-18 02:00:03,720: INFO: stg_records_deletion_process: Deletion of ods_migrated records from stg_base_organisation_unit table completed]
[2025-05-18 02:00:04,751: INFO: stg_records_deletion_process: Deletion of ods_migrated records from stg_base_application_codeset table completed]
[2025-05-18 02:00:22,671: INFO: stg_records_deletion_process: Deletion of ods_migrated records from stg_biometric table completed]
[2025-05-18 02:00:22,688: INFO: stg_records_deletion_process: Deletion of ods_migrated records from stg_case_manager_patients table started]
[2025-05-18 02:00:22,688: INFO: stg_records_deletion_process: Deletion of ods_migrated records from stg_hiv_art_clinical table started]
[2025-05-18 02:00:22,695: INFO: stg_records_deletion_process: Deletion of ods_migrated records from stg_hiv_art_pharmacy_regimens table started]
[2025-05-18 02:00:22,697: INFO: stg_records_deletion_process: Deletion of ods_migrated records from stg_dsd_devolvement table started]
[2025-05-18 02:00:22,700: INFO: stg_records_deletion_process: Deletion of ods_migrated records from stg_hiv_art_pharmacy table started]
[2025-05-18 02:00:24,581: INFO: stg_records_deletion_process: Deletion of ods_migrated records from stg_case_manager_patients table completed]
[2025-05-18 02:00:24,987: INFO: stg_records_deletion_process: Deletion of ods_migrated records from stg_hiv_art_pharmacy table completed]
[2025-05-18 02:00:25,958: INFO: stg_records_deletion_process: Deletion of ods_migrated records from stg_dsd_devolvement table completed]
[2025-05-18 02:03:24,807: INFO: stg_records_deletion_process: Deletion of ods_migrated records from stg_hiv_art_pharmacy_regimens table completed]
[2025-05-18 02:09:06,137: INFO: stg_records_deletion_process: Deletion of ods_migrated records from stg_hiv_art_clinical table completed]
[2025-05-18 02:09:06,163: INFO: stg_records_deletion_process: Deletion of ods_migrated records from stg_hiv_eac_session table started]
[2025-05-18 02:09:06,163: INFO: stg_records_deletion_process: Deletion of ods_migrated records from stg_hiv_eac table started]
[2025-05-18 02:09:06,164: INFO: stg_records_deletion_process: Deletion of ods_migrated records from stg_hiv_enrollment table started]
[2025-05-18 02:09:06,166: INFO: stg_records_deletion_process: Deletion of ods_migrated records from stg_hiv_eac_out_come table started]
[2025-05-18 02:09:06,169: INFO: stg_records_deletion_process: Deletion of ods_migrated records from stg_hiv_observation table started]
[2025-05-18 02:09:08,889: INFO: stg_records_deletion_process: Deletion of ods_migrated records from stg_hiv_eac_out_come table completed]
[2025-05-18 02:09:09,446: INFO: stg_records_deletion_process: Deletion of ods_migrated records from stg_hiv_eac table completed]
[2025-05-18 02:09:09,541: INFO: stg_records_deletion_process: Deletion of ods_migrated records from stg_hiv_eac_session table completed]
[2025-05-18 02:09:31,045: INFO: stg_records_deletion_process: Deletion of ods_migrated records from stg_hiv_enrollment table completed]
[2025-05-18 02:13:24,006: INFO: stg_records_deletion_process: Deletion of ods_migrated records from stg_hiv_observation table completed]
[2025-05-18 02:13:24,027: INFO: stg_records_deletion_process: Deletion of ods_migrated records from stg_hiv_regimen_type table started]
[2025-05-18 02:13:24,028: INFO: stg_records_deletion_process: Deletion of ods_migrated records from stg_hiv_regimen_resolver table started]
[2025-05-18 02:13:24,030: INFO: stg_records_deletion_process: Deletion of ods_migrated records from stg_hiv_regimen table started]
[2025-05-18 02:13:24,030: INFO: stg_records_deletion_process: Deletion of ods_migrated records from stg_hiv_status_tracker table started]
[2025-05-18 02:13:24,032: INFO: stg_records_deletion_process: Deletion of ods_migrated records from stg_hts_client table started]
[2025-05-18 02:13:26,315: INFO: stg_records_deletion_process: Deletion of ods_migrated records from stg_hiv_regimen_type table completed]
[2025-05-18 02:13:26,337: INFO: stg_records_deletion_process: Deletion of ods_migrated records from stg_hiv_regimen table completed]
[2025-05-18 02:13:26,547: INFO: stg_records_deletion_process: Deletion of ods_migrated records from stg_hiv_regimen_resolver table completed]
[2025-05-18 02:18:35,326: INFO: stg_records_deletion_process: Deletion of ods_migrated records from stg_hiv_status_tracker table completed]
[2025-05-18 02:22:40,488: INFO: stg_records_deletion_process: Deletion of ods_migrated records from stg_hts_client table completed]
[2025-05-18 02:22:40,508: INFO: stg_records_deletion_process: Deletion of ods_migrated records from stg_laboratory_labtest table started]
[2025-05-18 02:22:40,510: INFO: stg_records_deletion_process: Deletion of ods_migrated records from stg_hts_index_elicitation table started]
[2025-05-18 02:22:40,513: INFO: stg_records_deletion_process: Deletion of ods_migrated records from stg_hts_client_referral table started]
[2025-05-18 02:22:40,515: INFO: stg_records_deletion_process: Deletion of ods_migrated records from stg_hts_risk_stratification table started]
[2025-05-18 02:22:40,516: INFO: stg_records_deletion_process: Deletion of ods_migrated records from stg_laboratory_order table started]
[2025-05-18 02:22:44,137: INFO: stg_records_deletion_process: Deletion of ods_migrated records from stg_laboratory_labtest table completed]
[2025-05-18 02:22:44,159: INFO: stg_records_deletion_process: Deletion of ods_migrated records from stg_hts_client_referral table completed]
[2025-05-18 02:22:44,198: INFO: stg_records_deletion_process: Deletion of ods_migrated records from stg_laboratory_order table completed]
[2025-05-18 02:22:44,407: INFO: stg_records_deletion_process: Deletion of ods_migrated records from stg_hts_index_elicitation table completed]
[2025-05-18 02:22:44,563: INFO: stg_records_deletion_process: Deletion of ods_migrated records from stg_hts_risk_stratification table completed]
[2025-05-18 02:22:44,581: INFO: stg_records_deletion_process: Deletion of ods_migrated records from stg_patient_encounter table started]
[2025-05-18 02:22:44,582: INFO: stg_records_deletion_process: Deletion of ods_migrated records from stg_patient_person table started]
[2025-05-18 02:22:44,586: INFO: stg_records_deletion_process: Deletion of ods_migrated records from stg_laboratory_result table started]
[2025-05-18 02:22:44,587: INFO: stg_records_deletion_process: Deletion of ods_migrated records from stg_laboratory_test table started]
[2025-05-18 02:22:44,591: INFO: stg_records_deletion_process: Deletion of ods_migrated records from stg_laboratory_sample table started]
[2025-05-18 02:22:46,836: INFO: stg_records_deletion_process: Deletion of ods_migrated records from stg_laboratory_test table completed]
[2025-05-18 02:22:46,878: INFO: stg_records_deletion_process: Deletion of ods_migrated records from stg_laboratory_sample table completed]
[2025-05-18 02:22:46,901: INFO: stg_records_deletion_process: Deletion of ods_migrated records from stg_patient_encounter table completed]
[2025-05-18 02:22:47,204: INFO: stg_records_deletion_process: Deletion of ods_migrated records from stg_laboratory_result table completed]
[2025-05-18 02:22:47,513: INFO: stg_records_deletion_process: Deletion of ods_migrated records from stg_patient_person table completed]
[2025-05-18 02:22:47,533: INFO: stg_records_deletion_process: Deletion of ods_migrated records from stg_pmtct_infant_arv table started]
[2025-05-18 02:22:47,534: INFO: stg_records_deletion_process: Deletion of ods_migrated records from stg_pmtct_anc table started]
[2025-05-18 02:22:47,535: INFO: stg_records_deletion_process: Deletion of ods_migrated records from stg_pmtct_delivery table started]
[2025-05-18 02:22:47,541: INFO: stg_records_deletion_process: Deletion of ods_migrated records from stg_patient_visit table started]
[2025-05-18 02:22:47,542: INFO: stg_records_deletion_process: Deletion of ods_migrated records from stg_pmtct_enrollment table started]
[2025-05-18 02:22:49,260: INFO: stg_records_deletion_process: Deletion of ods_migrated records from stg_pmtct_infant_arv table completed]
[2025-05-18 02:22:49,433: INFO: stg_records_deletion_process: Deletion of ods_migrated records from stg_pmtct_enrollment table completed]
[2025-05-18 02:22:49,508: INFO: stg_records_deletion_process: Deletion of ods_migrated records from stg_pmtct_delivery table completed]
[2025-05-18 02:22:49,978: INFO: stg_records_deletion_process: Deletion of ods_migrated records from stg_pmtct_anc table completed]
[2025-05-18 02:22:50,032: INFO: stg_records_deletion_process: Deletion of ods_migrated records from stg_patient_visit table completed]
[2025-05-18 02:22:50,053: INFO: stg_records_deletion_process: Deletion of ods_migrated records from stg_pmtct_infant_mother_art table started]
[2025-05-18 02:22:50,057: INFO: stg_records_deletion_process: Deletion of ods_migrated records from stg_pmtct_infant_pcr table started]
[2025-05-18 02:22:50,057: INFO: stg_records_deletion_process: Deletion of ods_migrated records from stg_pmtct_infant_information table started]
[2025-05-18 02:22:50,058: INFO: stg_records_deletion_process: Deletion of ods_migrated records from stg_pmtct_infant_rapid_antibody table started]
[2025-05-18 02:22:50,059: INFO: stg_records_deletion_process: Deletion of ods_migrated records from stg_pmtct_infant_visit table started]
[2025-05-18 02:22:51,694: INFO: stg_records_deletion_process: Deletion of ods_migrated records from stg_pmtct_infant_mother_art table completed]
[2025-05-18 02:22:51,695: INFO: stg_records_deletion_process: Deletion of ods_migrated records from stg_pmtct_infant_information table completed]
[2025-05-18 02:22:51,736: INFO: stg_records_deletion_process: Deletion of ods_migrated records from stg_pmtct_infant_pcr table completed]
[2025-05-18 02:22:51,804: INFO: stg_records_deletion_process: Deletion of ods_migrated records from stg_pmtct_infant_rapid_antibody table completed]
[2025-05-18 02:22:51,834: INFO: stg_records_deletion_process: Deletion of ods_migrated records from stg_pmtct_infant_visit table completed]
[2025-05-18 02:22:51,856: INFO: stg_records_deletion_process: Deletion of ods_migrated records from stg_prep_enrollment table started]
[2025-05-18 02:22:51,859: INFO: stg_records_deletion_process: Deletion of ods_migrated records from stg_prep_eligibility table started]
[2025-05-18 02:22:51,860: INFO: stg_records_deletion_process: Deletion of ods_migrated records from stg_pmtct_mother_visitation table started]
[2025-05-18 02:22:51,862: INFO: stg_records_deletion_process: Deletion of ods_migrated records from stg_prep_interruption table started]
[2025-05-18 02:22:51,865: INFO: stg_records_deletion_process: Deletion of ods_migrated records from stg_prep_clinic table started]
[2025-05-18 02:22:53,564: INFO: stg_records_deletion_process: Deletion of ods_migrated records from stg_prep_interruption table completed]
[2025-05-18 02:22:53,844: INFO: stg_records_deletion_process: Deletion of ods_migrated records from stg_pmtct_mother_visitation table completed]
[2025-05-18 02:22:53,942: INFO: stg_records_deletion_process: Deletion of ods_migrated records from stg_prep_clinic table completed]
[2025-05-18 02:22:53,959: INFO: stg_records_deletion_process: Deletion of ods_migrated records from stg_prep_enrollment table completed]
[2025-05-18 02:22:53,976: INFO: stg_records_deletion_process: Deletion of ods_migrated records from stg_prep_eligibility table completed]
[2025-05-18 02:22:53,989: INFO: stg_records_deletion_process: Deletion of ods_migrated records from stg_triage_vital_sign table started]
[2025-05-18 02:22:56,294: INFO: stg_records_deletion_process: Deletion of ods_migrated records from stg_triage_vital_sign table completed]
[2025-05-18 02:22:56,328: INFO: stg_records_deletion_process: Deletion of records with Y processed status on stg_monitoring table completed]
2025-05-18 02:22:56: Pipeline completed successfully.
2025-05-19 02:00:01: Starting the pipeline...
[2025-05-19 02:00:01,549: INFO: stg_records_deletion_process: DPID_20250519_02_00]
[2025-05-19 02:00:01,550: INFO: stg_records_deletion_process: Job Started]
[2025-05-19 02:00:01,550: INFO: stg_records_deletion_process: Deletion of records with Y processed status on stg_monitoring table started]
[2025-05-19 02:00:01,571: INFO: stg_records_deletion_process: Deletion of ods_migrated records from stg_biometric table started]
[2025-05-19 02:00:01,572: INFO: stg_records_deletion_process: Deletion of ods_migrated records from stg_base_organisation_unit_identifier table started]
[2025-05-19 02:00:01,573: INFO: stg_records_deletion_process: Deletion of ods_migrated records from stg_base_organisation_unit table started]
[2025-05-19 02:00:01,574: INFO: stg_records_deletion_process: Deletion of ods_migrated records from stg_base_application_codeset table started]
[2025-05-19 02:00:01,576: INFO: stg_records_deletion_process: Deletion of ods_migrated records from stg_case_manager table started]
[2025-05-19 02:00:02,422: INFO: stg_records_deletion_process: Deletion of ods_migrated records from stg_base_organisation_unit_identifier table completed]
[2025-05-19 02:00:03,583: INFO: stg_records_deletion_process: Deletion of ods_migrated records from stg_case_manager table completed]
[2025-05-19 02:00:03,936: INFO: stg_records_deletion_process: Deletion of ods_migrated records from stg_base_organisation_unit table completed]
[2025-05-19 02:00:04,027: INFO: stg_records_deletion_process: Deletion of ods_migrated records from stg_base_application_codeset table completed]
[2025-05-19 02:00:24,925: INFO: stg_records_deletion_process: Deletion of ods_migrated records from stg_biometric table completed]
[2025-05-19 02:00:24,945: INFO: stg_records_deletion_process: Deletion of ods_migrated records from stg_hiv_art_clinical table started]
[2025-05-19 02:00:24,946: INFO: stg_records_deletion_process: Deletion of ods_migrated records from stg_dsd_devolvement table started]
[2025-05-19 02:00:24,947: INFO: stg_records_deletion_process: Deletion of ods_migrated records from stg_case_manager_patients table started]
[2025-05-19 02:00:24,947: INFO: stg_records_deletion_process: Deletion of ods_migrated records from stg_hiv_art_pharmacy_regimens table started]
[2025-05-19 02:00:24,951: INFO: stg_records_deletion_process: Deletion of ods_migrated records from stg_hiv_art_pharmacy table started]
[2025-05-19 02:00:27,103: INFO: stg_records_deletion_process: Deletion of ods_migrated records from stg_case_manager_patients table completed]
[2025-05-19 02:00:27,256: INFO: stg_records_deletion_process: Deletion of ods_migrated records from stg_hiv_art_pharmacy table completed]
[2025-05-19 02:00:34,249: INFO: stg_records_deletion_process: Deletion of ods_migrated records from stg_dsd_devolvement table completed]
[2025-05-19 02:03:15,297: INFO: stg_records_deletion_process: Deletion of ods_migrated records from stg_hiv_art_pharmacy_regimens table completed]
[2025-05-19 02:09:06,111: INFO: stg_records_deletion_process: Deletion of ods_migrated records from stg_hiv_art_clinical table completed]
[2025-05-19 02:09:06,132: INFO: stg_records_deletion_process: Deletion of ods_migrated records from stg_hiv_enrollment table started]
[2025-05-19 02:09:06,135: INFO: stg_records_deletion_process: Deletion of ods_migrated records from stg_hiv_observation table started]
[2025-05-19 02:09:06,137: INFO: stg_records_deletion_process: Deletion of ods_migrated records from stg_hiv_eac_session table started]
[2025-05-19 02:09:06,138: INFO: stg_records_deletion_process: Deletion of ods_migrated records from stg_hiv_eac table started]
[2025-05-19 02:09:06,140: INFO: stg_records_deletion_process: Deletion of ods_migrated records from stg_hiv_eac_out_come table started]
[2025-05-19 02:09:07,967: INFO: stg_records_deletion_process: Deletion of ods_migrated records from stg_hiv_eac_out_come table completed]
[2025-05-19 02:09:08,118: INFO: stg_records_deletion_process: Deletion of ods_migrated records from stg_hiv_eac table completed]
[2025-05-19 02:09:08,150: INFO: stg_records_deletion_process: Deletion of ods_migrated records from stg_hiv_eac_session table completed]
[2025-05-19 02:09:29,053: INFO: stg_records_deletion_process: Deletion of ods_migrated records from stg_hiv_enrollment table completed]
[2025-05-19 02:13:02,267: INFO: stg_records_deletion_process: Deletion of ods_migrated records from stg_hiv_observation table completed]
[2025-05-19 02:13:02,283: INFO: stg_records_deletion_process: Deletion of ods_migrated records from stg_hts_client table started]
[2025-05-19 02:13:02,283: INFO: stg_records_deletion_process: Deletion of ods_migrated records from stg_hiv_status_tracker table started]
[2025-05-19 02:13:02,284: INFO: stg_records_deletion_process: Deletion of ods_migrated records from stg_hiv_regimen_type table started]
[2025-05-19 02:13:02,285: INFO: stg_records_deletion_process: Deletion of ods_migrated records from stg_hiv_regimen_resolver table started]
[2025-05-19 02:13:02,287: INFO: stg_records_deletion_process: Deletion of ods_migrated records from stg_hiv_regimen table started]
[2025-05-19 02:13:04,007: INFO: stg_records_deletion_process: Deletion of ods_migrated records from stg_hiv_regimen_type table completed]
[2025-05-19 02:13:04,231: INFO: stg_records_deletion_process: Deletion of ods_migrated records from stg_hiv_regimen table completed]
[2025-05-19 02:13:04,348: INFO: stg_records_deletion_process: Deletion of ods_migrated records from stg_hiv_regimen_resolver table completed]
[2025-05-19 02:17:51,350: INFO: stg_records_deletion_process: Deletion of ods_migrated records from stg_hiv_status_tracker table completed]
[2025-05-19 02:21:18,689: INFO: stg_records_deletion_process: Deletion of ods_migrated records from stg_hts_client table completed]
[2025-05-19 02:21:18,705: INFO: stg_records_deletion_process: Deletion of ods_migrated records from stg_hts_client_referral table started]
[2025-05-19 02:21:18,707: INFO: stg_records_deletion_process: Deletion of ods_migrated records from stg_laboratory_labtest table started]
[2025-05-19 02:21:18,707: INFO: stg_records_deletion_process: Deletion of ods_migrated records from stg_hts_risk_stratification table started]
[2025-05-19 02:21:18,711: INFO: stg_records_deletion_process: Deletion of ods_migrated records from stg_hts_index_elicitation table started]
[2025-05-19 02:21:18,714: INFO: stg_records_deletion_process: Deletion of ods_migrated records from stg_laboratory_order table started]
[2025-05-19 02:21:20,371: INFO: stg_records_deletion_process: Deletion of ods_migrated records from stg_laboratory_labtest table completed]
[2025-05-19 02:21:20,416: INFO: stg_records_deletion_process: Deletion of ods_migrated records from stg_hts_index_elicitation table completed]
[2025-05-19 02:21:20,428: INFO: stg_records_deletion_process: Deletion of ods_migrated records from stg_hts_client_referral table completed]
[2025-05-19 02:21:20,721: INFO: stg_records_deletion_process: Deletion of ods_migrated records from stg_hts_risk_stratification table completed]
[2025-05-19 02:21:20,745: INFO: stg_records_deletion_process: Deletion of ods_migrated records from stg_laboratory_order table completed]
[2025-05-19 02:21:20,762: INFO: stg_records_deletion_process: Deletion of ods_migrated records from stg_patient_encounter table started]
[2025-05-19 02:21:20,765: INFO: stg_records_deletion_process: Deletion of ods_migrated records from stg_laboratory_test table started]
[2025-05-19 02:21:20,768: INFO: stg_records_deletion_process: Deletion of ods_migrated records from stg_laboratory_sample table started]
[2025-05-19 02:21:20,769: INFO: stg_records_deletion_process: Deletion of ods_migrated records from stg_laboratory_result table started]
[2025-05-19 02:21:20,774: INFO: stg_records_deletion_process: Deletion of ods_migrated records from stg_patient_person table started]
[2025-05-19 02:21:22,738: INFO: stg_records_deletion_process: Deletion of ods_migrated records from stg_laboratory_test table completed]
[2025-05-19 02:21:22,816: INFO: stg_records_deletion_process: Deletion of ods_migrated records from stg_laboratory_result table completed]
[2025-05-19 02:21:22,858: INFO: stg_records_deletion_process: Deletion of ods_migrated records from stg_patient_person table completed]
[2025-05-19 02:21:22,911: INFO: stg_records_deletion_process: Deletion of ods_migrated records from stg_laboratory_sample table completed]
[2025-05-19 02:21:23,089: INFO: stg_records_deletion_process: Deletion of ods_migrated records from stg_patient_encounter table completed]
[2025-05-19 02:21:23,105: INFO: stg_records_deletion_process: Deletion of ods_migrated records from stg_pmtct_delivery table started]
[2025-05-19 02:21:23,110: INFO: stg_records_deletion_process: Deletion of ods_migrated records from stg_pmtct_anc table started]
[2025-05-19 02:21:23,111: INFO: stg_records_deletion_process: Deletion of ods_migrated records from stg_patient_visit table started]
[2025-05-19 02:21:23,111: INFO: stg_records_deletion_process: Deletion of ods_migrated records from stg_pmtct_infant_arv table started]
[2025-05-19 02:21:23,114: INFO: stg_records_deletion_process: Deletion of ods_migrated records from stg_pmtct_enrollment table started]
[2025-05-19 02:21:24,723: INFO: stg_records_deletion_process: Deletion of ods_migrated records from stg_pmtct_enrollment table completed]
[2025-05-19 02:21:24,748: INFO: stg_records_deletion_process: Deletion of ods_migrated records from stg_pmtct_infant_arv table completed]
[2025-05-19 02:21:24,867: INFO: stg_records_deletion_process: Deletion of ods_migrated records from stg_pmtct_anc table completed]
[2025-05-19 02:21:24,954: INFO: stg_records_deletion_process: Deletion of ods_migrated records from stg_pmtct_delivery table completed]
[2025-05-19 02:21:25,023: INFO: stg_records_deletion_process: Deletion of ods_migrated records from stg_patient_visit table completed]
[2025-05-19 02:21:25,045: INFO: stg_records_deletion_process: Deletion of ods_migrated records from stg_pmtct_infant_visit table started]
[2025-05-19 02:21:25,046: INFO: stg_records_deletion_process: Deletion of ods_migrated records from stg_pmtct_infant_rapid_antibody table started]
[2025-05-19 02:21:25,046: INFO: stg_records_deletion_process: Deletion of ods_migrated records from stg_pmtct_infant_information table started]
[2025-05-19 02:21:25,047: INFO: stg_records_deletion_process: Deletion of ods_migrated records from stg_pmtct_infant_mother_art table started]
[2025-05-19 02:21:25,053: INFO: stg_records_deletion_process: Deletion of ods_migrated records from stg_pmtct_infant_pcr table started]
[2025-05-19 02:21:26,489: INFO: stg_records_deletion_process: Deletion of ods_migrated records from stg_pmtct_infant_mother_art table completed]
[2025-05-19 02:21:26,558: INFO: stg_records_deletion_process: Deletion of ods_migrated records from stg_pmtct_infant_visit table completed]
[2025-05-19 02:21:26,619: INFO: stg_records_deletion_process: Deletion of ods_migrated records from stg_pmtct_infant_rapid_antibody table completed]
[2025-05-19 02:21:26,707: INFO: stg_records_deletion_process: Deletion of ods_migrated records from stg_pmtct_infant_pcr table completed]
[2025-05-19 02:21:26,736: INFO: stg_records_deletion_process: Deletion of ods_migrated records from stg_pmtct_infant_information table completed]
[2025-05-19 02:21:26,753: INFO: stg_records_deletion_process: Deletion of ods_migrated records from stg_prep_clinic table started]
[2025-05-19 02:21:26,756: INFO: stg_records_deletion_process: Deletion of ods_migrated records from stg_pmtct_mother_visitation table started]
[2025-05-19 02:21:26,757: INFO: stg_records_deletion_process: Deletion of ods_migrated records from stg_prep_interruption table started]
[2025-05-19 02:21:26,758: INFO: stg_records_deletion_process: Deletion of ods_migrated records from stg_prep_eligibility table started]
[2025-05-19 02:21:26,761: INFO: stg_records_deletion_process: Deletion of ods_migrated records from stg_prep_enrollment table started]
[2025-05-19 02:21:28,345: INFO: stg_records_deletion_process: Deletion of ods_migrated records from stg_pmtct_mother_visitation table completed]
[2025-05-19 02:21:28,371: INFO: stg_records_deletion_process: Deletion of ods_migrated records from stg_prep_interruption table completed]
[2025-05-19 02:21:28,500: INFO: stg_records_deletion_process: Deletion of ods_migrated records from stg_prep_eligibility table completed]
[2025-05-19 02:21:28,563: INFO: stg_records_deletion_process: Deletion of ods_migrated records from stg_prep_enrollment table completed]
[2025-05-19 02:21:28,620: INFO: stg_records_deletion_process: Deletion of ods_migrated records from stg_prep_clinic table completed]
[2025-05-19 02:21:28,641: INFO: stg_records_deletion_process: Deletion of ods_migrated records from stg_triage_vital_sign table started]
[2025-05-19 02:21:30,399: INFO: stg_records_deletion_process: Deletion of ods_migrated records from stg_triage_vital_sign table completed]
[2025-05-19 02:21:30,438: INFO: stg_records_deletion_process: Deletion of records with Y processed status on stg_monitoring table completed]
2025-05-19 02:21:30: Pipeline completed successfully.
2025-05-20 02:00:01: Starting the pipeline...
[2025-05-20 02:00:01,421: INFO: stg_records_deletion_process: DPID_20250520_02_00]
[2025-05-20 02:00:01,422: INFO: stg_records_deletion_process: Job Started]
[2025-05-20 02:00:01,422: INFO: stg_records_deletion_process: Deletion of records with Y processed status on stg_monitoring table started]
[2025-05-20 02:00:01,437: INFO: stg_records_deletion_process: Deletion of ods_migrated records from stg_case_manager table started]
[2025-05-20 02:00:01,438: INFO: stg_records_deletion_process: Deletion of ods_migrated records from stg_biometric table started]
[2025-05-20 02:00:01,438: INFO: stg_records_deletion_process: Deletion of ods_migrated records from stg_base_application_codeset table started]
[2025-05-20 02:00:01,442: INFO: stg_records_deletion_process: Deletion of ods_migrated records from stg_base_organisation_unit table started]
[2025-05-20 02:00:01,443: INFO: stg_records_deletion_process: Deletion of ods_migrated records from stg_base_organisation_unit_identifier table started]
[2025-05-20 02:00:05,902: INFO: stg_records_deletion_process: Deletion of ods_migrated records from stg_base_organisation_unit_identifier table completed]
[2025-05-20 02:00:06,727: INFO: stg_records_deletion_process: Deletion of ods_migrated records from stg_case_manager table completed]
[2025-05-20 02:00:06,990: INFO: stg_records_deletion_process: Deletion of ods_migrated records from stg_base_organisation_unit table completed]
[2025-05-20 02:00:07,844: INFO: stg_records_deletion_process: Deletion of ods_migrated records from stg_base_application_codeset table completed]
[2025-05-20 02:04:56,160: INFO: stg_records_deletion_process: Deletion of ods_migrated records from stg_biometric table completed]
[2025-05-20 02:04:56,178: INFO: stg_records_deletion_process: Deletion of ods_migrated records from stg_case_manager_patients table started]
[2025-05-20 02:04:56,179: INFO: stg_records_deletion_process: Deletion of ods_migrated records from stg_hiv_art_clinical table started]
[2025-05-20 02:04:56,179: INFO: stg_records_deletion_process: Deletion of ods_migrated records from stg_hiv_art_pharmacy_regimens table started]
[2025-05-20 02:04:56,180: INFO: stg_records_deletion_process: Deletion of ods_migrated records from stg_hiv_art_pharmacy table started]
[2025-05-20 02:04:56,181: INFO: stg_records_deletion_process: Deletion of ods_migrated records from stg_dsd_devolvement table started]
[2025-05-20 02:04:58,754: INFO: stg_records_deletion_process: Deletion of ods_migrated records from stg_case_manager_patients table completed]
[2025-05-20 02:05:21,201: INFO: stg_records_deletion_process: Deletion of ods_migrated records from stg_dsd_devolvement table completed]
[2025-05-20 02:05:25,119: INFO: stg_records_deletion_process: Deletion of ods_migrated records from stg_hiv_art_pharmacy table completed]
[2025-05-20 02:08:09,634: INFO: stg_records_deletion_process: Deletion of ods_migrated records from stg_hiv_art_pharmacy_regimens table completed]
[2025-05-20 02:14:31,430: INFO: stg_records_deletion_process: Deletion of ods_migrated records from stg_hiv_art_clinical table completed]
[2025-05-20 02:14:31,451: INFO: stg_records_deletion_process: Deletion of ods_migrated records from stg_hiv_eac_out_come table started]
[2025-05-20 02:14:31,452: INFO: stg_records_deletion_process: Deletion of ods_migrated records from stg_hiv_eac table started]
[2025-05-20 02:14:31,454: INFO: stg_records_deletion_process: Deletion of ods_migrated records from stg_hiv_enrollment table started]
[2025-05-20 02:14:31,456: INFO: stg_records_deletion_process: Deletion of ods_migrated records from stg_hiv_observation table started]
[2025-05-20 02:14:31,458: INFO: stg_records_deletion_process: Deletion of ods_migrated records from stg_hiv_eac_session table started]
[2025-05-20 02:14:34,704: INFO: stg_records_deletion_process: Deletion of ods_migrated records from stg_hiv_eac_out_come table completed]
[2025-05-20 02:14:35,144: INFO: stg_records_deletion_process: Deletion of ods_migrated records from stg_hiv_eac_session table completed]
[2025-05-20 02:14:35,273: INFO: stg_records_deletion_process: Deletion of ods_migrated records from stg_hiv_eac table completed]
[2025-05-20 02:15:00,005: INFO: stg_records_deletion_process: Deletion of ods_migrated records from stg_hiv_enrollment table completed]
[2025-05-20 02:18:58,180: INFO: stg_records_deletion_process: Deletion of ods_migrated records from stg_hiv_observation table completed]
[2025-05-20 02:18:58,201: INFO: stg_records_deletion_process: Deletion of ods_migrated records from stg_hiv_status_tracker table started]
[2025-05-20 02:18:58,204: INFO: stg_records_deletion_process: Deletion of ods_migrated records from stg_hiv_regimen_resolver table started]
[2025-05-20 02:18:58,204: INFO: stg_records_deletion_process: Deletion of ods_migrated records from stg_hiv_regimen table started]
[2025-05-20 02:18:58,205: INFO: stg_records_deletion_process: Deletion of ods_migrated records from stg_hts_client table started]
[2025-05-20 02:18:58,207: INFO: stg_records_deletion_process: Deletion of ods_migrated records from stg_hiv_regimen_type table started]
[2025-05-20 02:19:01,831: INFO: stg_records_deletion_process: Deletion of ods_migrated records from stg_hiv_regimen_resolver table completed]
[2025-05-20 02:19:01,848: INFO: stg_records_deletion_process: Deletion of ods_migrated records from stg_hiv_regimen_type table completed]
[2025-05-20 02:19:01,851: INFO: stg_records_deletion_process: Deletion of ods_migrated records from stg_hiv_regimen table completed]
[2025-05-20 02:24:15,617: INFO: stg_records_deletion_process: Deletion of ods_migrated records from stg_hiv_status_tracker table completed]
[2025-05-20 02:28:31,684: INFO: stg_records_deletion_process: Deletion of ods_migrated records from stg_hts_client table completed]
[2025-05-20 02:28:31,701: INFO: stg_records_deletion_process: Deletion of ods_migrated records from stg_hts_client_referral table started]
[2025-05-20 02:28:31,702: INFO: stg_records_deletion_process: Deletion of ods_migrated records from stg_hts_risk_stratification table started]
[2025-05-20 02:28:31,703: INFO: stg_records_deletion_process: Deletion of ods_migrated records from stg_hts_index_elicitation table started]
[2025-05-20 02:28:31,705: INFO: stg_records_deletion_process: Deletion of ods_migrated records from stg_laboratory_labtest table started]
[2025-05-20 02:28:31,709: INFO: stg_records_deletion_process: Deletion of ods_migrated records from stg_laboratory_order table started]
[2025-05-20 02:28:35,510: INFO: stg_records_deletion_process: Deletion of ods_migrated records from stg_hts_client_referral table completed]
[2025-05-20 02:28:35,728: INFO: stg_records_deletion_process: Deletion of ods_migrated records from stg_laboratory_labtest table completed]
[2025-05-20 02:28:35,770: INFO: stg_records_deletion_process: Deletion of ods_migrated records from stg_hts_index_elicitation table completed]
[2025-05-20 02:28:36,189: INFO: stg_records_deletion_process: Deletion of ods_migrated records from stg_laboratory_order table completed]
[2025-05-20 02:28:36,773: INFO: stg_records_deletion_process: Deletion of ods_migrated records from stg_hts_risk_stratification table completed]
[2025-05-20 02:28:36,794: INFO: stg_records_deletion_process: Deletion of ods_migrated records from stg_laboratory_sample table started]
[2025-05-20 02:28:36,796: INFO: stg_records_deletion_process: Deletion of ods_migrated records from stg_patient_person table started]
[2025-05-20 02:28:36,797: INFO: stg_records_deletion_process: Deletion of ods_migrated records from stg_laboratory_result table started]
[2025-05-20 02:28:36,797: INFO: stg_records_deletion_process: Deletion of ods_migrated records from stg_laboratory_test table started]
[2025-05-20 02:28:36,798: INFO: stg_records_deletion_process: Deletion of ods_migrated records from stg_patient_encounter table started]
[2025-05-20 02:28:39,936: INFO: stg_records_deletion_process: Deletion of ods_migrated records from stg_laboratory_test table completed]
[2025-05-20 02:28:40,288: INFO: stg_records_deletion_process: Deletion of ods_migrated records from stg_laboratory_result table completed]
[2025-05-20 02:28:40,359: INFO: stg_records_deletion_process: Deletion of ods_migrated records from stg_patient_encounter table completed]
[2025-05-20 02:28:40,395: INFO: stg_records_deletion_process: Deletion of ods_migrated records from stg_laboratory_sample table completed]
[2025-05-20 02:29:03,813: INFO: stg_records_deletion_process: Deletion of ods_migrated records from stg_patient_person table completed]
[2025-05-20 02:29:03,835: INFO: stg_records_deletion_process: Deletion of ods_migrated records from stg_pmtct_anc table started]
[2025-05-20 02:29:03,838: INFO: stg_records_deletion_process: Deletion of ods_migrated records from stg_patient_visit table started]
[2025-05-20 02:29:03,839: INFO: stg_records_deletion_process: Deletion of ods_migrated records from stg_pmtct_enrollment table started]
[2025-05-20 02:29:03,840: INFO: stg_records_deletion_process: Deletion of ods_migrated records from stg_pmtct_infant_arv table started]
[2025-05-20 02:29:03,842: INFO: stg_records_deletion_process: Deletion of ods_migrated records from stg_pmtct_delivery table started]
[2025-05-20 02:29:05,701: INFO: stg_records_deletion_process: Deletion of ods_migrated records from stg_pmtct_infant_arv table completed]
[2025-05-20 02:29:05,770: INFO: stg_records_deletion_process: Deletion of ods_migrated records from stg_pmtct_enrollment table completed]
[2025-05-20 02:29:05,888: INFO: stg_records_deletion_process: Deletion of ods_migrated records from stg_pmtct_delivery table completed]
[2025-05-20 02:29:06,428: INFO: stg_records_deletion_process: Deletion of ods_migrated records from stg_pmtct_anc table completed]
[2025-05-20 02:29:13,230: INFO: stg_records_deletion_process: Deletion of ods_migrated records from stg_patient_visit table completed]
[2025-05-20 02:29:13,248: INFO: stg_records_deletion_process: Deletion of ods_migrated records from stg_pmtct_infant_information table started]
[2025-05-20 02:29:13,249: INFO: stg_records_deletion_process: Deletion of ods_migrated records from stg_pmtct_infant_pcr table started]
[2025-05-20 02:29:13,251: INFO: stg_records_deletion_process: Deletion of ods_migrated records from stg_pmtct_infant_mother_art table started]
[2025-05-20 02:29:13,252: INFO: stg_records_deletion_process: Deletion of ods_migrated records from stg_pmtct_infant_visit table started]
[2025-05-20 02:29:13,252: INFO: stg_records_deletion_process: Deletion of ods_migrated records from stg_pmtct_infant_rapid_antibody table started]
[2025-05-20 02:29:14,899: INFO: stg_records_deletion_process: Deletion of ods_migrated records from stg_pmtct_infant_mother_art table completed]
[2025-05-20 02:29:14,960: INFO: stg_records_deletion_process: Deletion of ods_migrated records from stg_pmtct_infant_information table completed]
[2025-05-20 02:29:14,976: INFO: stg_records_deletion_process: Deletion of ods_migrated records from stg_pmtct_infant_rapid_antibody table completed]
[2025-05-20 02:29:15,083: INFO: stg_records_deletion_process: Deletion of ods_migrated records from stg_pmtct_infant_pcr table completed]
[2025-05-20 02:29:15,372: INFO: stg_records_deletion_process: Deletion of ods_migrated records from stg_pmtct_infant_visit table completed]
[2025-05-20 02:29:15,386: INFO: stg_records_deletion_process: Deletion of ods_migrated records from stg_prep_interruption table started]
[2025-05-20 02:29:15,388: INFO: stg_records_deletion_process: Deletion of ods_migrated records from stg_pmtct_mother_visitation table started]
[2025-05-20 02:29:15,388: INFO: stg_records_deletion_process: Deletion of ods_migrated records from stg_prep_clinic table started]
[2025-05-20 02:29:15,391: INFO: stg_records_deletion_process: Deletion of ods_migrated records from stg_prep_eligibility table started]
[2025-05-20 02:29:15,392: INFO: stg_records_deletion_process: Deletion of ods_migrated records from stg_prep_enrollment table started]
[2025-05-20 02:29:17,049: INFO: stg_records_deletion_process: Deletion of ods_migrated records from stg_prep_interruption table completed]
[2025-05-20 02:29:17,316: INFO: stg_records_deletion_process: Deletion of ods_migrated records from stg_pmtct_mother_visitation table completed]
[2025-05-20 02:29:17,667: INFO: stg_records_deletion_process: Deletion of ods_migrated records from stg_prep_eligibility table completed]
[2025-05-20 02:29:17,681: INFO: stg_records_deletion_process: Deletion of ods_migrated records from stg_prep_enrollment table completed]
[2025-05-20 02:29:17,801: INFO: stg_records_deletion_process: Deletion of ods_migrated records from stg_prep_clinic table completed]
[2025-05-20 02:29:17,817: INFO: stg_records_deletion_process: Deletion of ods_migrated records from stg_triage_vital_sign table started]
[2025-05-20 02:29:21,100: INFO: stg_records_deletion_process: Deletion of ods_migrated records from stg_triage_vital_sign table completed]
[2025-05-20 02:29:21,124: INFO: stg_records_deletion_process: Deletion of records with Y processed status on stg_monitoring table completed]
2025-05-20 02:29:21: Pipeline completed successfully.
2025-05-21 02:00:01: Starting the pipeline...
[2025-05-21 02:00:01,387: INFO: stg_records_deletion_process: DPID_20250521_02_00]
[2025-05-21 02:00:01,389: INFO: stg_records_deletion_process: Job Started]
[2025-05-21 02:00:01,389: INFO: stg_records_deletion_process: Deletion of records with Y processed status on stg_monitoring table started]
[2025-05-21 02:00:01,405: INFO: stg_records_deletion_process: Deletion of ods_migrated records from stg_biometric table started]
[2025-05-21 02:00:01,406: INFO: stg_records_deletion_process: Deletion of ods_migrated records from stg_base_application_codeset table started]
[2025-05-21 02:00:01,407: INFO: stg_records_deletion_process: Deletion of ods_migrated records from stg_base_organisation_unit table started]
[2025-05-21 02:00:01,407: INFO: stg_records_deletion_process: Deletion of ods_migrated records from stg_base_organisation_unit_identifier table started]
[2025-05-21 02:00:01,408: INFO: stg_records_deletion_process: Deletion of ods_migrated records from stg_case_manager table started]
[2025-05-21 02:00:02,919: INFO: stg_records_deletion_process: Deletion of ods_migrated records from stg_base_organisation_unit_identifier table completed]
[2025-05-21 02:00:04,547: INFO: stg_records_deletion_process: Deletion of ods_migrated records from stg_case_manager table completed]
[2025-05-21 02:00:06,053: INFO: stg_records_deletion_process: Deletion of ods_migrated records from stg_base_organisation_unit table completed]
[2025-05-21 02:00:06,262: INFO: stg_records_deletion_process: Deletion of ods_migrated records from stg_base_application_codeset table completed]
[2025-05-21 02:05:31,080: INFO: stg_records_deletion_process: Deletion of ods_migrated records from stg_biometric table completed]
[2025-05-21 02:05:31,101: INFO: stg_records_deletion_process: Deletion of ods_migrated records from stg_dsd_devolvement table started]
[2025-05-21 02:05:31,103: INFO: stg_records_deletion_process: Deletion of ods_migrated records from stg_hiv_art_pharmacy table started]
[2025-05-21 02:05:31,105: INFO: stg_records_deletion_process: Deletion of ods_migrated records from stg_hiv_art_clinical table started]
[2025-05-21 02:05:31,106: INFO: stg_records_deletion_process: Deletion of ods_migrated records from stg_case_manager_patients table started]
[2025-05-21 02:05:31,107: INFO: stg_records_deletion_process: Deletion of ods_migrated records from stg_hiv_art_pharmacy_regimens table started]
[2025-05-21 02:05:34,331: INFO: stg_records_deletion_process: Deletion of ods_migrated records from stg_case_manager_patients table completed]
[2025-05-21 02:06:00,964: INFO: stg_records_deletion_process: Deletion of ods_migrated records from stg_dsd_devolvement table completed]
[2025-05-21 02:06:12,479: INFO: stg_records_deletion_process: Deletion of ods_migrated records from stg_hiv_art_pharmacy table completed]
[2025-05-21 02:09:20,112: INFO: stg_records_deletion_process: Deletion of ods_migrated records from stg_hiv_art_pharmacy_regimens table completed]
[2025-05-21 02:16:49,247: INFO: stg_records_deletion_process: Deletion of ods_migrated records from stg_hiv_art_clinical table completed]
[2025-05-21 02:16:49,271: INFO: stg_records_deletion_process: Deletion of ods_migrated records from stg_hiv_eac table started]
[2025-05-21 02:16:49,272: INFO: stg_records_deletion_process: Deletion of ods_migrated records from stg_hiv_eac_out_come table started]
[2025-05-21 02:16:49,272: INFO: stg_records_deletion_process: Deletion of ods_migrated records from stg_hiv_eac_session table started]
[2025-05-21 02:16:49,273: INFO: stg_records_deletion_process: Deletion of ods_migrated records from stg_hiv_enrollment table started]
[2025-05-21 02:16:49,274: INFO: stg_records_deletion_process: Deletion of ods_migrated records from stg_hiv_observation table started]
[2025-05-21 02:16:52,757: INFO: stg_records_deletion_process: Deletion of ods_migrated records from stg_hiv_eac_out_come table completed]
[2025-05-21 02:16:53,207: INFO: stg_records_deletion_process: Deletion of ods_migrated records from stg_hiv_eac table completed]
[2025-05-21 02:16:53,549: INFO: stg_records_deletion_process: Deletion of ods_migrated records from stg_hiv_eac_session table completed]
[2025-05-21 02:17:23,096: INFO: stg_records_deletion_process: Deletion of ods_migrated records from stg_hiv_enrollment table completed]
[2025-05-21 02:21:50,916: INFO: stg_records_deletion_process: Deletion of ods_migrated records from stg_hiv_observation table completed]
[2025-05-21 02:21:50,934: INFO: stg_records_deletion_process: Deletion of ods_migrated records from stg_hiv_regimen table started]
[2025-05-21 02:21:50,935: INFO: stg_records_deletion_process: Deletion of ods_migrated records from stg_hiv_status_tracker table started]
[2025-05-21 02:21:50,936: INFO: stg_records_deletion_process: Deletion of ods_migrated records from stg_hiv_regimen_resolver table started]
[2025-05-21 02:21:50,941: INFO: stg_records_deletion_process: Deletion of ods_migrated records from stg_hiv_regimen_type table started]
[2025-05-21 02:21:50,942: INFO: stg_records_deletion_process: Deletion of ods_migrated records from stg_hts_client table started]
[2025-05-21 02:21:53,781: INFO: stg_records_deletion_process: Deletion of ods_migrated records from stg_hiv_regimen_type table completed]
[2025-05-21 02:21:53,821: INFO: stg_records_deletion_process: Deletion of ods_migrated records from stg_hiv_regimen_resolver table completed]
[2025-05-21 02:21:54,132: INFO: stg_records_deletion_process: Deletion of ods_migrated records from stg_hiv_regimen table completed]
[2025-05-21 02:28:04,002: INFO: stg_records_deletion_process: Deletion of ods_migrated records from stg_hiv_status_tracker table completed]
[2025-05-21 02:33:16,408: INFO: stg_records_deletion_process: Deletion of ods_migrated records from stg_hts_client table completed]
[2025-05-21 02:33:16,430: INFO: stg_records_deletion_process: Deletion of ods_migrated records from stg_hts_risk_stratification table started]
[2025-05-21 02:33:16,434: INFO: stg_records_deletion_process: Deletion of ods_migrated records from stg_hts_index_elicitation table started]
[2025-05-21 02:33:16,435: INFO: stg_records_deletion_process: Deletion of ods_migrated records from stg_laboratory_order table started]
[2025-05-21 02:33:16,437: INFO: stg_records_deletion_process: Deletion of ods_migrated records from stg_hts_client_referral table started]
[2025-05-21 02:33:16,439: INFO: stg_records_deletion_process: Deletion of ods_migrated records from stg_laboratory_labtest table started]
[2025-05-21 02:33:20,324: INFO: stg_records_deletion_process: Deletion of ods_migrated records from stg_hts_client_referral table completed]
[2025-05-21 02:33:20,816: INFO: stg_records_deletion_process: Deletion of ods_migrated records from stg_laboratory_labtest table completed]
[2025-05-21 02:33:21,074: INFO: stg_records_deletion_process: Deletion of ods_migrated records from stg_hts_index_elicitation table completed]
[2025-05-21 02:33:22,010: INFO: stg_records_deletion_process: Deletion of ods_migrated records from stg_laboratory_order table completed]
[2025-05-21 02:33:42,660: INFO: stg_records_deletion_process: Deletion of ods_migrated records from stg_hts_risk_stratification table completed]
[2025-05-21 02:33:42,678: INFO: stg_records_deletion_process: Deletion of ods_migrated records from stg_laboratory_test table started]
[2025-05-21 02:33:42,680: INFO: stg_records_deletion_process: Deletion of ods_migrated records from stg_laboratory_result table started]
[2025-05-21 02:33:42,681: INFO: stg_records_deletion_process: Deletion of ods_migrated records from stg_laboratory_sample table started]
[2025-05-21 02:33:42,682: INFO: stg_records_deletion_process: Deletion of ods_migrated records from stg_patient_encounter table started]
[2025-05-21 02:33:42,683: INFO: stg_records_deletion_process: Deletion of ods_migrated records from stg_patient_person table started]
[2025-05-21 02:33:50,196: INFO: stg_records_deletion_process: Deletion of ods_migrated records from stg_laboratory_test table completed]
[2025-05-21 02:33:50,897: INFO: stg_records_deletion_process: Deletion of ods_migrated records from stg_patient_encounter table completed]
[2025-05-21 02:33:51,208: INFO: stg_records_deletion_process: Deletion of ods_migrated records from stg_laboratory_result table completed]
[2025-05-21 02:33:51,726: INFO: stg_records_deletion_process: Deletion of ods_migrated records from stg_laboratory_sample table completed]
[2025-05-21 02:34:25,535: INFO: stg_records_deletion_process: Deletion of ods_migrated records from stg_patient_person table completed]
[2025-05-21 02:34:25,552: INFO: stg_records_deletion_process: Deletion of ods_migrated records from stg_pmtct_enrollment table started]
[2025-05-21 02:34:25,554: INFO: stg_records_deletion_process: Deletion of ods_migrated records from stg_pmtct_anc table started]
[2025-05-21 02:34:25,555: INFO: stg_records_deletion_process: Deletion of ods_migrated records from stg_patient_visit table started]
[2025-05-21 02:34:25,556: INFO: stg_records_deletion_process: Deletion of ods_migrated records from stg_pmtct_infant_arv table started]
[2025-05-21 02:34:25,557: INFO: stg_records_deletion_process: Deletion of ods_migrated records from stg_pmtct_delivery table started]
[2025-05-21 02:34:27,797: INFO: stg_records_deletion_process: Deletion of ods_migrated records from stg_pmtct_infant_arv table completed]
[2025-05-21 02:34:27,904: INFO: stg_records_deletion_process: Deletion of ods_migrated records from stg_pmtct_delivery table completed]
[2025-05-21 02:34:28,296: INFO: stg_records_deletion_process: Deletion of ods_migrated records from stg_pmtct_enrollment table completed]
[2025-05-21 02:34:29,023: INFO: stg_records_deletion_process: Deletion of ods_migrated records from stg_pmtct_anc table completed]
[2025-05-21 02:34:49,632: INFO: stg_records_deletion_process: Deletion of ods_migrated records from stg_patient_visit table completed]
[2025-05-21 02:34:49,649: INFO: stg_records_deletion_process: Deletion of ods_migrated records from stg_pmtct_infant_rapid_antibody table started]
[2025-05-21 02:34:49,650: INFO: stg_records_deletion_process: Deletion of ods_migrated records from stg_pmtct_infant_visit table started]
[2025-05-21 02:34:49,651: INFO: stg_records_deletion_process: Deletion of ods_migrated records from stg_pmtct_infant_information table started]
[2025-05-21 02:34:49,652: INFO: stg_records_deletion_process: Deletion of ods_migrated records from stg_pmtct_infant_mother_art table started]
[2025-05-21 02:34:49,653: INFO: stg_records_deletion_process: Deletion of ods_migrated records from stg_pmtct_infant_pcr table started]
[2025-05-21 02:34:51,759: INFO: stg_records_deletion_process: Deletion of ods_migrated records from stg_pmtct_infant_information table completed]
[2025-05-21 02:34:51,759: INFO: stg_records_deletion_process: Deletion of ods_migrated records from stg_pmtct_infant_visit table completed]
[2025-05-21 02:34:51,972: INFO: stg_records_deletion_process: Deletion of ods_migrated records from stg_pmtct_infant_rapid_antibody table completed]
[2025-05-21 02:34:52,007: INFO: stg_records_deletion_process: Deletion of ods_migrated records from stg_pmtct_infant_mother_art table completed]
[2025-05-21 02:34:52,075: INFO: stg_records_deletion_process: Deletion of ods_migrated records from stg_pmtct_infant_pcr table completed]
[2025-05-21 02:34:52,096: INFO: stg_records_deletion_process: Deletion of ods_migrated records from stg_prep_enrollment table started]
[2025-05-21 02:34:52,097: INFO: stg_records_deletion_process: Deletion of ods_migrated records from stg_prep_interruption table started]
[2025-05-21 02:34:52,100: INFO: stg_records_deletion_process: Deletion of ods_migrated records from stg_pmtct_mother_visitation table started]
[2025-05-21 02:34:52,101: INFO: stg_records_deletion_process: Deletion of ods_migrated records from stg_prep_eligibility table started]
[2025-05-21 02:34:52,102: INFO: stg_records_deletion_process: Deletion of ods_migrated records from stg_prep_clinic table started]
[2025-05-21 02:34:54,575: INFO: stg_records_deletion_process: Deletion of ods_migrated records from stg_prep_interruption table completed]
[2025-05-21 02:34:54,663: INFO: stg_records_deletion_process: Deletion of ods_migrated records from stg_pmtct_mother_visitation table completed]
[2025-05-21 02:34:54,721: INFO: stg_records_deletion_process: Deletion of ods_migrated records from stg_prep_eligibility table completed]
[2025-05-21 02:34:54,968: INFO: stg_records_deletion_process: Deletion of ods_migrated records from stg_prep_clinic table completed]
[2025-05-21 02:34:55,232: INFO: stg_records_deletion_process: Deletion of ods_migrated records from stg_prep_enrollment table completed]
[2025-05-21 02:34:55,254: INFO: stg_records_deletion_process: Deletion of ods_migrated records from stg_triage_vital_sign table started]
[2025-05-21 02:35:01,982: INFO: stg_records_deletion_process: Deletion of ods_migrated records from stg_triage_vital_sign table completed]
[2025-05-21 02:35:02,008: INFO: stg_records_deletion_process: Deletion of records with Y processed status on stg_monitoring table completed]
2025-05-21 02:35:02: Pipeline completed successfully.
2025-05-22 02:00:01: Starting the pipeline...
[2025-05-22 02:00:02,194: INFO: stg_records_deletion_process: DPID_20250522_02_00]
[2025-05-22 02:00:02,196: INFO: stg_records_deletion_process: Job Started]
[2025-05-22 02:00:02,196: INFO: stg_records_deletion_process: Deletion of records with Y processed status on stg_monitoring table started]
[2025-05-22 02:00:02,214: INFO: stg_records_deletion_process: Deletion of ods_migrated records from stg_base_organisation_unit_identifier table started]
[2025-05-22 02:00:02,218: INFO: stg_records_deletion_process: Deletion of ods_migrated records from stg_biometric table started]
[2025-05-22 02:00:02,220: INFO: stg_records_deletion_process: Deletion of ods_migrated records from stg_base_application_codeset table started]
[2025-05-22 02:00:02,220: INFO: stg_records_deletion_process: Deletion of ods_migrated records from stg_case_manager table started]
[2025-05-22 02:00:02,226: INFO: stg_records_deletion_process: Deletion of ods_migrated records from stg_base_organisation_unit table started]
[2025-05-22 02:00:06,792: INFO: stg_records_deletion_process: Deletion of ods_migrated records from stg_base_organisation_unit_identifier table completed]
[2025-05-22 02:00:08,234: INFO: stg_records_deletion_process: Deletion of ods_migrated records from stg_case_manager table completed]
[2025-05-22 02:00:08,885: INFO: stg_records_deletion_process: Deletion of ods_migrated records from stg_base_organisation_unit table completed]
[2025-05-22 02:00:22,404: INFO: stg_records_deletion_process: Deletion of ods_migrated records from stg_base_application_codeset table completed]
[2025-05-22 02:05:00,461: INFO: stg_records_deletion_process: Deletion of ods_migrated records from stg_biometric table completed]
[2025-05-22 02:05:00,477: INFO: stg_records_deletion_process: Deletion of ods_migrated records from stg_dsd_devolvement table started]
[2025-05-22 02:05:00,478: INFO: stg_records_deletion_process: Deletion of ods_migrated records from stg_hiv_art_pharmacy_regimens table started]
[2025-05-22 02:05:00,479: INFO: stg_records_deletion_process: Deletion of ods_migrated records from stg_hiv_art_clinical table started]
[2025-05-22 02:05:00,479: INFO: stg_records_deletion_process: Deletion of ods_migrated records from stg_hiv_art_pharmacy table started]
[2025-05-22 02:05:00,480: INFO: stg_records_deletion_process: Deletion of ods_migrated records from stg_case_manager_patients table started]
[2025-05-22 02:05:03,937: INFO: stg_records_deletion_process: Deletion of ods_migrated records from stg_case_manager_patients table completed]
[2025-05-22 02:05:27,823: INFO: stg_records_deletion_process: Deletion of ods_migrated records from stg_dsd_devolvement table completed]
[2025-05-22 02:05:37,618: INFO: stg_records_deletion_process: Deletion of ods_migrated records from stg_hiv_art_pharmacy table completed]
[2025-05-22 02:08:24,906: INFO: stg_records_deletion_process: Deletion of ods_migrated records from stg_hiv_art_pharmacy_regimens table completed]
[2025-05-22 02:14:42,653: INFO: stg_records_deletion_process: Deletion of ods_migrated records from stg_hiv_art_clinical table completed]
[2025-05-22 02:14:42,675: INFO: stg_records_deletion_process: Deletion of ods_migrated records from stg_hiv_eac_out_come table started]
[2025-05-22 02:14:42,676: INFO: stg_records_deletion_process: Deletion of ods_migrated records from stg_hiv_eac table started]
[2025-05-22 02:14:42,677: INFO: stg_records_deletion_process: Deletion of ods_migrated records from stg_hiv_eac_session table started]
[2025-05-22 02:14:42,677: INFO: stg_records_deletion_process: Deletion of ods_migrated records from stg_hiv_enrollment table started]
[2025-05-22 02:14:42,681: INFO: stg_records_deletion_process: Deletion of ods_migrated records from stg_hiv_observation table started]
[2025-05-22 02:14:46,517: INFO: stg_records_deletion_process: Deletion of ods_migrated records from stg_hiv_eac_out_come table completed]
[2025-05-22 02:14:47,048: INFO: stg_records_deletion_process: Deletion of ods_migrated records from stg_hiv_eac table completed]
[2025-05-22 02:14:47,120: INFO: stg_records_deletion_process: Deletion of ods_migrated records from stg_hiv_eac_session table completed]
[2025-05-22 02:15:10,956: INFO: stg_records_deletion_process: Deletion of ods_migrated records from stg_hiv_enrollment table completed]
[2025-05-22 02:19:19,801: INFO: stg_records_deletion_process: Deletion of ods_migrated records from stg_hiv_observation table completed]
[2025-05-22 02:19:19,821: INFO: stg_records_deletion_process: Deletion of ods_migrated records from stg_hiv_regimen table started]
[2025-05-22 02:19:19,826: INFO: stg_records_deletion_process: Deletion of ods_migrated records from stg_hiv_regimen_resolver table started]
[2025-05-22 02:19:19,827: INFO: stg_records_deletion_process: Deletion of ods_migrated records from stg_hiv_status_tracker table started]
[2025-05-22 02:19:19,827: INFO: stg_records_deletion_process: Deletion of ods_migrated records from stg_hiv_regimen_type table started]
[2025-05-22 02:19:19,828: INFO: stg_records_deletion_process: Deletion of ods_migrated records from stg_hts_client table started]
[2025-05-22 02:19:23,242: INFO: stg_records_deletion_process: Deletion of ods_migrated records from stg_hiv_regimen_type table completed]
[2025-05-22 02:19:23,253: INFO: stg_records_deletion_process: Deletion of ods_migrated records from stg_hiv_regimen_resolver table completed]
[2025-05-22 02:19:23,277: INFO: stg_records_deletion_process: Deletion of ods_migrated records from stg_hiv_regimen table completed]
[2025-05-22 02:24:44,343: INFO: stg_records_deletion_process: Deletion of ods_migrated records from stg_hiv_status_tracker table completed]
[2025-05-22 02:29:03,020: INFO: stg_records_deletion_process: Deletion of ods_migrated records from stg_hts_client table completed]
[2025-05-22 02:29:03,037: INFO: stg_records_deletion_process: Deletion of ods_migrated records from stg_hts_risk_stratification table started]
[2025-05-22 02:29:03,038: INFO: stg_records_deletion_process: Deletion of ods_migrated records from stg_hts_client_referral table started]
[2025-05-22 02:29:03,039: INFO: stg_records_deletion_process: Deletion of ods_migrated records from stg_hts_index_elicitation table started]
[2025-05-22 02:29:03,040: INFO: stg_records_deletion_process: Deletion of ods_migrated records from stg_laboratory_labtest table started]
[2025-05-22 02:29:03,047: INFO: stg_records_deletion_process: Deletion of ods_migrated records from stg_laboratory_order table started]
[2025-05-22 02:29:06,890: INFO: stg_records_deletion_process: Deletion of ods_migrated records from stg_hts_index_elicitation table completed]
[2025-05-22 02:29:06,920: INFO: stg_records_deletion_process: Deletion of ods_migrated records from stg_hts_client_referral table completed]
[2025-05-22 02:29:07,397: INFO: stg_records_deletion_process: Deletion of ods_migrated records from stg_laboratory_labtest table completed]
[2025-05-22 02:29:08,481: INFO: stg_records_deletion_process: Deletion of ods_migrated records from stg_laboratory_order table completed]
[2025-05-22 02:29:26,428: INFO: stg_records_deletion_process: Deletion of ods_migrated records from stg_hts_risk_stratification table completed]
[2025-05-22 02:29:26,445: INFO: stg_records_deletion_process: Deletion of ods_migrated records from stg_laboratory_sample table started]
[2025-05-22 02:29:26,446: INFO: stg_records_deletion_process: Deletion of ods_migrated records from stg_laboratory_result table started]
[2025-05-22 02:29:26,452: INFO: stg_records_deletion_process: Deletion of ods_migrated records from stg_laboratory_test table started]
[2025-05-22 02:29:26,453: INFO: stg_records_deletion_process: Deletion of ods_migrated records from stg_patient_person table started]
[2025-05-22 02:29:26,453: INFO: stg_records_deletion_process: Deletion of ods_migrated records from stg_patient_encounter table started]
[2025-05-22 02:29:32,922: INFO: stg_records_deletion_process: Deletion of ods_migrated records from stg_patient_encounter table completed]
[2025-05-22 02:29:34,660: INFO: stg_records_deletion_process: Deletion of ods_migrated records from stg_laboratory_test table completed]
[2025-05-22 02:29:35,407: INFO: stg_records_deletion_process: Deletion of ods_migrated records from stg_laboratory_result table completed]
[2025-05-22 02:29:35,488: INFO: stg_records_deletion_process: Deletion of ods_migrated records from stg_laboratory_sample table completed]
[2025-05-22 02:29:59,717: INFO: stg_records_deletion_process: Deletion of ods_migrated records from stg_patient_person table completed]
[2025-05-22 02:29:59,735: INFO: stg_records_deletion_process: Deletion of ods_migrated records from stg_pmtct_delivery table started]
[2025-05-22 02:29:59,740: INFO: stg_records_deletion_process: Deletion of ods_migrated records from stg_pmtct_anc table started]
[2025-05-22 02:29:59,741: INFO: stg_records_deletion_process: Deletion of ods_migrated records from stg_pmtct_enrollment table started]
[2025-05-22 02:29:59,742: INFO: stg_records_deletion_process: Deletion of ods_migrated records from stg_patient_visit table started]
[2025-05-22 02:29:59,746: INFO: stg_records_deletion_process: Deletion of ods_migrated records from stg_pmtct_infant_arv table started]
[2025-05-22 02:30:01,701: INFO: stg_records_deletion_process: Deletion of ods_migrated records from stg_pmtct_delivery table completed]
[2025-05-22 02:30:01,702: INFO: stg_records_deletion_process: Deletion of ods_migrated records from stg_pmtct_enrollment table completed]
[2025-05-22 02:30:02,082: INFO: stg_records_deletion_process: Deletion of ods_migrated records from stg_pmtct_infant_arv table completed]
[2025-05-22 02:30:02,745: INFO: stg_records_deletion_process: Deletion of ods_migrated records from stg_pmtct_anc table completed]
[2025-05-22 02:30:20,788: INFO: stg_records_deletion_process: Deletion of ods_migrated records from stg_patient_visit table completed]
[2025-05-22 02:30:20,809: INFO: stg_records_deletion_process: Deletion of ods_migrated records from stg_pmtct_infant_visit table started]
[2025-05-22 02:30:20,810: INFO: stg_records_deletion_process: Deletion of ods_migrated records from stg_pmtct_infant_information table started]
[2025-05-22 02:30:20,813: INFO: stg_records_deletion_process: Deletion of ods_migrated records from stg_pmtct_infant_mother_art table started]
[2025-05-22 02:30:20,819: INFO: stg_records_deletion_process: Deletion of ods_migrated records from stg_pmtct_infant_rapid_antibody table started]
[2025-05-22 02:30:20,820: INFO: stg_records_deletion_process: Deletion of ods_migrated records from stg_pmtct_infant_pcr table started]
[2025-05-22 02:30:22,467: INFO: stg_records_deletion_process: Deletion of ods_migrated records from stg_pmtct_infant_rapid_antibody table completed]
[2025-05-22 02:30:22,471: INFO: stg_records_deletion_process: Deletion of ods_migrated records from stg_pmtct_infant_visit table completed]
[2025-05-22 02:30:22,565: INFO: stg_records_deletion_process: Deletion of ods_migrated records from stg_pmtct_infant_mother_art table completed]
[2025-05-22 02:30:22,637: INFO: stg_records_deletion_process: Deletion of ods_migrated records from stg_pmtct_infant_information table completed]
[2025-05-22 02:30:23,009: INFO: stg_records_deletion_process: Deletion of ods_migrated records from stg_pmtct_infant_pcr table completed]
[2025-05-22 02:30:23,027: INFO: stg_records_deletion_process: Deletion of ods_migrated records from stg_prep_clinic table started]
[2025-05-22 02:30:23,029: INFO: stg_records_deletion_process: Deletion of ods_migrated records from stg_prep_enrollment table started]
[2025-05-22 02:30:23,030: INFO: stg_records_deletion_process: Deletion of ods_migrated records from stg_prep_eligibility table started]
[2025-05-22 02:30:23,034: INFO: stg_records_deletion_process: Deletion of ods_migrated records from stg_prep_interruption table started]
[2025-05-22 02:30:23,035: INFO: stg_records_deletion_process: Deletion of ods_migrated records from stg_pmtct_mother_visitation table started]
[2025-05-22 02:30:24,727: INFO: stg_records_deletion_process: Deletion of ods_migrated records from stg_prep_interruption table completed]
[2025-05-22 02:30:24,853: INFO: stg_records_deletion_process: Deletion of ods_migrated records from stg_pmtct_mother_visitation table completed]
[2025-05-22 02:30:25,206: INFO: stg_records_deletion_process: Deletion of ods_migrated records from stg_prep_clinic table completed]
[2025-05-22 02:30:25,243: INFO: stg_records_deletion_process: Deletion of ods_migrated records from stg_prep_enrollment table completed]
[2025-05-22 02:30:25,681: INFO: stg_records_deletion_process: Deletion of ods_migrated records from stg_prep_eligibility table completed]
[2025-05-22 02:30:25,703: INFO: stg_records_deletion_process: Deletion of ods_migrated records from stg_triage_vital_sign table started]
[2025-05-22 02:30:45,770: INFO: stg_records_deletion_process: Deletion of ods_migrated records from stg_triage_vital_sign table completed]
[2025-05-22 02:30:45,807: INFO: stg_records_deletion_process: Deletion of records with Y processed status on stg_monitoring table completed]
2025-05-22 02:30:46: Pipeline completed successfully.
2025-05-23 02:00:01: Starting the pipeline...
[2025-05-23 02:00:01,656: INFO: stg_records_deletion_process: DPID_20250523_02_00]
[2025-05-23 02:00:01,657: INFO: stg_records_deletion_process: Job Started]
[2025-05-23 02:00:01,657: INFO: stg_records_deletion_process: Deletion of records with Y processed status on stg_monitoring table started]
[2025-05-23 02:00:01,680: INFO: stg_records_deletion_process: Deletion of ods_migrated records from stg_base_organisation_unit_identifier table started]
[2025-05-23 02:00:01,681: INFO: stg_records_deletion_process: Deletion of ods_migrated records from stg_base_application_codeset table started]
[2025-05-23 02:00:01,684: INFO: stg_records_deletion_process: Deletion of ods_migrated records from stg_case_manager table started]
[2025-05-23 02:00:01,689: INFO: stg_records_deletion_process: Deletion of ods_migrated records from stg_base_organisation_unit table started]
[2025-05-23 02:00:01,690: INFO: stg_records_deletion_process: Deletion of ods_migrated records from stg_biometric table started]
[2025-05-23 02:00:06,027: INFO: stg_records_deletion_process: Deletion of ods_migrated records from stg_base_organisation_unit_identifier table completed]
[2025-05-23 02:00:07,093: INFO: stg_records_deletion_process: Deletion of ods_migrated records from stg_case_manager table completed]
[2025-05-23 02:00:17,732: INFO: stg_records_deletion_process: Deletion of ods_migrated records from stg_base_organisation_unit table completed]
[2025-05-23 02:00:23,474: INFO: stg_records_deletion_process: Deletion of ods_migrated records from stg_base_application_codeset table completed]
[2025-05-23 02:04:46,004: INFO: stg_records_deletion_process: Deletion of ods_migrated records from stg_biometric table completed]
[2025-05-23 02:04:46,028: INFO: stg_records_deletion_process: Deletion of ods_migrated records from stg_hiv_art_pharmacy table started]
[2025-05-23 02:04:46,029: INFO: stg_records_deletion_process: Deletion of ods_migrated records from stg_case_manager_patients table started]
[2025-05-23 02:04:46,031: INFO: stg_records_deletion_process: Deletion of ods_migrated records from stg_dsd_devolvement table started]
[2025-05-23 02:04:46,032: INFO: stg_records_deletion_process: Deletion of ods_migrated records from stg_hiv_art_pharmacy_regimens table started]
[2025-05-23 02:04:46,034: INFO: stg_records_deletion_process: Deletion of ods_migrated records from stg_hiv_art_clinical table started]
[2025-05-23 02:04:48,809: INFO: stg_records_deletion_process: Deletion of ods_migrated records from stg_case_manager_patients table completed]
[2025-05-23 02:05:10,218: INFO: stg_records_deletion_process: Deletion of ods_migrated records from stg_dsd_devolvement table completed]
[2025-05-23 02:05:26,179: INFO: stg_records_deletion_process: Deletion of ods_migrated records from stg_hiv_art_pharmacy table completed]
[2025-05-23 02:08:16,888: INFO: stg_records_deletion_process: Deletion of ods_migrated records from stg_hiv_art_pharmacy_regimens table completed]
[2025-05-23 02:14:18,744: INFO: stg_records_deletion_process: Deletion of ods_migrated records from stg_hiv_art_clinical table completed]
[2025-05-23 02:14:18,778: INFO: stg_records_deletion_process: Deletion of ods_migrated records from stg_hiv_observation table started]
[2025-05-23 02:14:18,779: INFO: stg_records_deletion_process: Deletion of ods_migrated records from stg_hiv_eac_session table started]
[2025-05-23 02:14:18,780: INFO: stg_records_deletion_process: Deletion of ods_migrated records from stg_hiv_eac_out_come table started]
[2025-05-23 02:14:18,781: INFO: stg_records_deletion_process: Deletion of ods_migrated records from stg_hiv_eac table started]
[2025-05-23 02:14:18,782: INFO: stg_records_deletion_process: Deletion of ods_migrated records from stg_hiv_enrollment table started]
[2025-05-23 02:14:22,139: INFO: stg_records_deletion_process: Deletion of ods_migrated records from stg_hiv_eac_out_come table completed]
[2025-05-23 02:14:22,804: INFO: stg_records_deletion_process: Deletion of ods_migrated records from stg_hiv_eac table completed]
[2025-05-23 02:14:22,948: INFO: stg_records_deletion_process: Deletion of ods_migrated records from stg_hiv_eac_session table completed]
[2025-05-23 02:14:47,859: INFO: stg_records_deletion_process: Deletion of ods_migrated records from stg_hiv_enrollment table completed]
[2025-05-23 02:18:55,104: INFO: stg_records_deletion_process: Deletion of ods_migrated records from stg_hiv_observation table completed]
[2025-05-23 02:18:55,122: INFO: stg_records_deletion_process: Deletion of ods_migrated records from stg_hiv_regimen table started]
[2025-05-23 02:18:55,123: INFO: stg_records_deletion_process: Deletion of ods_migrated records from stg_hts_client table started]
[2025-05-23 02:18:55,127: INFO: stg_records_deletion_process: Deletion of ods_migrated records from stg_hiv_regimen_type table started]
[2025-05-23 02:18:55,129: INFO: stg_records_deletion_process: Deletion of ods_migrated records from stg_hiv_regimen_resolver table started]
[2025-05-23 02:18:55,132: INFO: stg_records_deletion_process: Deletion of ods_migrated records from stg_hiv_status_tracker table started]
[2025-05-23 02:18:57,857: INFO: stg_records_deletion_process: Deletion of ods_migrated records from stg_hiv_regimen_type table completed]
[2025-05-23 02:18:57,882: INFO: stg_records_deletion_process: Deletion of ods_migrated records from stg_hiv_regimen_resolver table completed]
[2025-05-23 02:18:57,894: INFO: stg_records_deletion_process: Deletion of ods_migrated records from stg_hiv_regimen table completed]
[2025-05-23 02:24:00,551: INFO: stg_records_deletion_process: Deletion of ods_migrated records from stg_hiv_status_tracker table completed]
[2025-05-23 02:28:35,255: INFO: stg_records_deletion_process: Deletion of ods_migrated records from stg_hts_client table completed]
[2025-05-23 02:28:35,277: INFO: stg_records_deletion_process: Deletion of ods_migrated records from stg_hts_client_referral table started]
[2025-05-23 02:28:35,278: INFO: stg_records_deletion_process: Deletion of ods_migrated records from stg_hts_index_elicitation table started]
[2025-05-23 02:28:35,279: INFO: stg_records_deletion_process: Deletion of ods_migrated records from stg_laboratory_order table started]
[2025-05-23 02:28:35,280: INFO: stg_records_deletion_process: Deletion of ods_migrated records from stg_laboratory_labtest table started]
[2025-05-23 02:28:35,281: INFO: stg_records_deletion_process: Deletion of ods_migrated records from stg_hts_risk_stratification table started]
[2025-05-23 02:28:37,512: INFO: stg_records_deletion_process: Deletion of ods_migrated records from stg_hts_client_referral table completed]
[2025-05-23 02:28:37,690: INFO: stg_records_deletion_process: Deletion of ods_migrated records from stg_hts_index_elicitation table completed]
[2025-05-23 02:28:37,846: INFO: stg_records_deletion_process: Deletion of ods_migrated records from stg_laboratory_labtest table completed]
[2025-05-23 02:28:40,412: INFO: stg_records_deletion_process: Deletion of ods_migrated records from stg_laboratory_order table completed]
[2025-05-23 02:29:00,241: INFO: stg_records_deletion_process: Deletion of ods_migrated records from stg_hts_risk_stratification table completed]
[2025-05-23 02:29:00,260: INFO: stg_records_deletion_process: Deletion of ods_migrated records from stg_patient_encounter table started]
[2025-05-23 02:29:00,262: INFO: stg_records_deletion_process: Deletion of ods_migrated records from stg_laboratory_test table started]
[2025-05-23 02:29:00,263: INFO: stg_records_deletion_process: Deletion of ods_migrated records from stg_laboratory_result table started]
[2025-05-23 02:29:00,263: INFO: stg_records_deletion_process: Deletion of ods_migrated records from stg_laboratory_sample table started]
[2025-05-23 02:29:00,265: INFO: stg_records_deletion_process: Deletion of ods_migrated records from stg_patient_person table started]
[2025-05-23 02:29:08,151: INFO: stg_records_deletion_process: Deletion of ods_migrated records from stg_patient_encounter table completed]
[2025-05-23 02:29:11,144: INFO: stg_records_deletion_process: Deletion of ods_migrated records from stg_laboratory_test table completed]
[2025-05-23 02:29:11,995: INFO: stg_records_deletion_process: Deletion of ods_migrated records from stg_laboratory_sample table completed]
[2025-05-23 02:29:15,019: INFO: stg_records_deletion_process: Deletion of ods_migrated records from stg_laboratory_result table completed]
[2025-05-23 02:29:50,203: INFO: stg_records_deletion_process: Deletion of ods_migrated records from stg_patient_person table completed]
[2025-05-23 02:29:50,220: INFO: stg_records_deletion_process: Deletion of ods_migrated records from stg_pmtct_infant_arv table started]
[2025-05-23 02:29:50,231: INFO: stg_records_deletion_process: Deletion of ods_migrated records from stg_pmtct_enrollment table started]
[2025-05-23 02:29:50,231: INFO: stg_records_deletion_process: Deletion of ods_migrated records from stg_patient_visit table started]
[2025-05-23 02:29:50,232: INFO: stg_records_deletion_process: Deletion of ods_migrated records from stg_pmtct_anc table started]
[2025-05-23 02:29:50,232: INFO: stg_records_deletion_process: Deletion of ods_migrated records from stg_pmtct_delivery table started]
[2025-05-23 02:29:52,222: INFO: stg_records_deletion_process: Deletion of ods_migrated records from stg_pmtct_delivery table completed]
[2025-05-23 02:29:52,231: INFO: stg_records_deletion_process: Deletion of ods_migrated records from stg_pmtct_infant_arv table completed]
[2025-05-23 02:29:52,338: INFO: stg_records_deletion_process: Deletion of ods_migrated records from stg_pmtct_enrollment table completed]
[2025-05-23 02:29:52,835: INFO: stg_records_deletion_process: Deletion of ods_migrated records from stg_pmtct_anc table completed]
[2025-05-23 02:30:13,315: INFO: stg_records_deletion_process: Deletion of ods_migrated records from stg_patient_visit table completed]
[2025-05-23 02:30:13,336: INFO: stg_records_deletion_process: Deletion of ods_migrated records from stg_pmtct_infant_mother_art table started]
[2025-05-23 02:30:13,338: INFO: stg_records_deletion_process: Deletion of ods_migrated records from stg_pmtct_infant_information table started]
[2025-05-23 02:30:13,352: INFO: stg_records_deletion_process: Deletion of ods_migrated records from stg_pmtct_infant_rapid_antibody table started]
[2025-05-23 02:30:13,352: INFO: stg_records_deletion_process: Deletion of ods_migrated records from stg_pmtct_infant_pcr table started]
[2025-05-23 02:30:13,353: INFO: stg_records_deletion_process: Deletion of ods_migrated records from stg_pmtct_infant_visit table started]
[2025-05-23 02:30:15,064: INFO: stg_records_deletion_process: Deletion of ods_migrated records from stg_pmtct_infant_mother_art table completed]
[2025-05-23 02:30:15,123: INFO: stg_records_deletion_process: Deletion of ods_migrated records from stg_pmtct_infant_information table completed]
[2025-05-23 02:30:15,132: INFO: stg_records_deletion_process: Deletion of ods_migrated records from stg_pmtct_infant_visit table completed]
[2025-05-23 02:30:15,133: INFO: stg_records_deletion_process: Deletion of ods_migrated records from stg_pmtct_infant_rapid_antibody table completed]
[2025-05-23 02:30:15,194: INFO: stg_records_deletion_process: Deletion of ods_migrated records from stg_pmtct_infant_pcr table completed]
[2025-05-23 02:30:15,217: INFO: stg_records_deletion_process: Deletion of ods_migrated records from stg_pmtct_mother_visitation table started]
[2025-05-23 02:30:15,218: INFO: stg_records_deletion_process: Deletion of ods_migrated records from stg_prep_eligibility table started]
[2025-05-23 02:30:15,219: INFO: stg_records_deletion_process: Deletion of ods_migrated records from stg_prep_enrollment table started]
[2025-05-23 02:30:15,220: INFO: stg_records_deletion_process: Deletion of ods_migrated records from stg_prep_clinic table started]
[2025-05-23 02:30:15,222: INFO: stg_records_deletion_process: Deletion of ods_migrated records from stg_prep_interruption table started]
[2025-05-23 02:30:17,001: INFO: stg_records_deletion_process: Deletion of ods_migrated records from stg_pmtct_mother_visitation table completed]
[2025-05-23 02:30:17,085: INFO: stg_records_deletion_process: Deletion of ods_migrated records from stg_prep_interruption table completed]
[2025-05-23 02:30:17,279: INFO: stg_records_deletion_process: Deletion of ods_migrated records from stg_prep_clinic table completed]
[2025-05-23 02:30:17,330: INFO: stg_records_deletion_process: Deletion of ods_migrated records from stg_prep_eligibility table completed]
[2025-05-23 02:30:17,534: INFO: stg_records_deletion_process: Deletion of ods_migrated records from stg_prep_enrollment table completed]
[2025-05-23 02:30:17,559: INFO: stg_records_deletion_process: Deletion of ods_migrated records from stg_triage_vital_sign table started]
[2025-05-23 02:30:39,562: INFO: stg_records_deletion_process: Deletion of ods_migrated records from stg_triage_vital_sign table completed]
[2025-05-23 02:30:39,604: INFO: stg_records_deletion_process: Deletion of records with Y processed status on stg_monitoring table completed]
2025-05-23 02:30:40: Pipeline completed successfully.
2025-05-24 02:00:02: Starting the pipeline...
[2025-05-24 02:00:02,357: INFO: stg_records_deletion_process: DPID_20250524_02_00]
[2025-05-24 02:00:02,358: INFO: stg_records_deletion_process: Job Started]
[2025-05-24 02:00:02,358: INFO: stg_records_deletion_process: Deletion of records with Y processed status on stg_monitoring table started]
[2025-05-24 02:00:02,375: INFO: stg_records_deletion_process: Deletion of ods_migrated records from stg_base_organisation_unit table started]
[2025-05-24 02:00:02,376: INFO: stg_records_deletion_process: Deletion of ods_migrated records from stg_base_organisation_unit_identifier table started]
[2025-05-24 02:00:02,378: INFO: stg_records_deletion_process: Deletion of ods_migrated records from stg_case_manager table started]
[2025-05-24 02:00:02,379: INFO: stg_records_deletion_process: Deletion of ods_migrated records from stg_biometric table started]
[2025-05-24 02:00:02,381: INFO: stg_records_deletion_process: Deletion of ods_migrated records from stg_base_application_codeset table started]
[2025-05-24 02:00:07,753: INFO: stg_records_deletion_process: Deletion of ods_migrated records from stg_base_organisation_unit_identifier table completed]
[2025-05-24 02:00:09,259: INFO: stg_records_deletion_process: Deletion of ods_migrated records from stg_case_manager table completed]
[2025-05-24 02:00:18,556: INFO: stg_records_deletion_process: Deletion of ods_migrated records from stg_base_organisation_unit table completed]
[2025-05-24 02:00:24,427: INFO: stg_records_deletion_process: Deletion of ods_migrated records from stg_base_application_codeset table completed]
[2025-05-24 02:04:50,459: INFO: stg_records_deletion_process: Deletion of ods_migrated records from stg_biometric table completed]
[2025-05-24 02:04:50,481: INFO: stg_records_deletion_process: Deletion of ods_migrated records from stg_case_manager_patients table started]
[2025-05-24 02:04:50,482: INFO: stg_records_deletion_process: Deletion of ods_migrated records from stg_hiv_art_clinical table started]
[2025-05-24 02:04:50,482: INFO: stg_records_deletion_process: Deletion of ods_migrated records from stg_hiv_art_pharmacy_regimens table started]
[2025-05-24 02:04:50,483: INFO: stg_records_deletion_process: Deletion of ods_migrated records from stg_dsd_devolvement table started]
[2025-05-24 02:04:50,484: INFO: stg_records_deletion_process: Deletion of ods_migrated records from stg_hiv_art_pharmacy table started]
[2025-05-24 02:04:55,146: INFO: stg_records_deletion_process: Deletion of ods_migrated records from stg_case_manager_patients table completed]
[2025-05-24 02:05:17,175: INFO: stg_records_deletion_process: Deletion of ods_migrated records from stg_dsd_devolvement table completed]
[2025-05-24 02:09:00,318: INFO: stg_records_deletion_process: Deletion of ods_migrated records from stg_hiv_art_pharmacy_regimens table completed]
[2025-05-24 02:11:30,000: INFO: stg_records_deletion_process: Deletion of ods_migrated records from stg_hiv_art_pharmacy table completed]
[2025-05-24 02:15:27,124: INFO: stg_records_deletion_process: Deletion of ods_migrated records from stg_hiv_art_clinical table completed]
[2025-05-24 02:15:27,246: INFO: stg_records_deletion_process: Deletion of ods_migrated records from stg_hiv_eac_session table started]
[2025-05-24 02:15:27,248: INFO: stg_records_deletion_process: Deletion of ods_migrated records from stg_hiv_enrollment table started]
[2025-05-24 02:15:27,249: INFO: stg_records_deletion_process: Deletion of ods_migrated records from stg_hiv_eac_out_come table started]
[2025-05-24 02:15:27,249: INFO: stg_records_deletion_process: Deletion of ods_migrated records from stg_hiv_eac table started]
[2025-05-24 02:15:27,249: INFO: stg_records_deletion_process: Deletion of ods_migrated records from stg_hiv_observation table started]
[2025-05-24 02:15:29,830: INFO: stg_records_deletion_process: Deletion of ods_migrated records from stg_hiv_eac_out_come table completed]
[2025-05-24 02:15:30,983: INFO: stg_records_deletion_process: Deletion of ods_migrated records from stg_hiv_eac table completed]
[2025-05-24 02:15:31,063: INFO: stg_records_deletion_process: Deletion of ods_migrated records from stg_hiv_eac_session table completed]
[2025-05-24 02:15:54,726: INFO: stg_records_deletion_process: Deletion of ods_migrated records from stg_hiv_enrollment table completed]
[2025-05-24 02:20:24,205: INFO: stg_records_deletion_process: Deletion of ods_migrated records from stg_hiv_observation table completed]
[2025-05-24 02:20:24,225: INFO: stg_records_deletion_process: Deletion of ods_migrated records from stg_hiv_regimen table started]
[2025-05-24 02:20:24,227: INFO: stg_records_deletion_process: Deletion of ods_migrated records from stg_hiv_regimen_resolver table started]
[2025-05-24 02:20:24,230: INFO: stg_records_deletion_process: Deletion of ods_migrated records from stg_hiv_regimen_type table started]
[2025-05-24 02:20:24,232: INFO: stg_records_deletion_process: Deletion of ods_migrated records from stg_hiv_status_tracker table started]
[2025-05-24 02:20:24,233: INFO: stg_records_deletion_process: Deletion of ods_migrated records from stg_hts_client table started]
[2025-05-24 02:20:27,502: INFO: stg_records_deletion_process: Deletion of ods_migrated records from stg_hiv_regimen_type table completed]
[2025-05-24 02:20:27,564: INFO: stg_records_deletion_process: Deletion of ods_migrated records from stg_hiv_regimen_resolver table completed]
[2025-05-24 02:20:27,641: INFO: stg_records_deletion_process: Deletion of ods_migrated records from stg_hiv_regimen table completed]
[2025-05-24 02:26:05,103: INFO: stg_records_deletion_process: Deletion of ods_migrated records from stg_hiv_status_tracker table completed]
[2025-05-24 02:31:15,441: INFO: stg_records_deletion_process: Deletion of ods_migrated records from stg_hts_client table completed]
[2025-05-24 02:31:15,462: INFO: stg_records_deletion_process: Deletion of ods_migrated records from stg_hts_risk_stratification table started]
[2025-05-24 02:31:15,463: INFO: stg_records_deletion_process: Deletion of ods_migrated records from stg_hts_index_elicitation table started]
[2025-05-24 02:31:15,464: INFO: stg_records_deletion_process: Deletion of ods_migrated records from stg_laboratory_labtest table started]
[2025-05-24 02:31:15,465: INFO: stg_records_deletion_process: Deletion of ods_migrated records from stg_laboratory_order table started]
[2025-05-24 02:31:15,466: INFO: stg_records_deletion_process: Deletion of ods_migrated records from stg_hts_client_referral table started]
[2025-05-24 02:31:19,491: INFO: stg_records_deletion_process: Deletion of ods_migrated records from stg_hts_client_referral table completed]
[2025-05-24 02:31:19,972: INFO: stg_records_deletion_process: Deletion of ods_migrated records from stg_hts_index_elicitation table completed]
[2025-05-24 02:31:20,031: INFO: stg_records_deletion_process: Deletion of ods_migrated records from stg_laboratory_labtest table completed]
[2025-05-24 02:31:47,837: INFO: stg_records_deletion_process: Deletion of ods_migrated records from stg_laboratory_order table completed]
[2025-05-24 02:31:58,630: INFO: stg_records_deletion_process: Deletion of ods_migrated records from stg_hts_risk_stratification table completed]
[2025-05-24 02:31:58,650: INFO: stg_records_deletion_process: Deletion of ods_migrated records from stg_laboratory_result table started]
[2025-05-24 02:31:58,653: INFO: stg_records_deletion_process: Deletion of ods_migrated records from stg_laboratory_sample table started]
[2025-05-24 02:31:58,655: INFO: stg_records_deletion_process: Deletion of ods_migrated records from stg_laboratory_test table started]
[2025-05-24 02:31:58,656: INFO: stg_records_deletion_process: Deletion of ods_migrated records from stg_patient_person table started]
[2025-05-24 02:31:58,656: INFO: stg_records_deletion_process: Deletion of ods_migrated records from stg_patient_encounter table started]
[2025-05-24 02:32:38,074: INFO: stg_records_deletion_process: Deletion of ods_migrated records from stg_patient_encounter table completed]
[2025-05-24 02:32:49,022: INFO: stg_records_deletion_process: Deletion of ods_migrated records from stg_laboratory_sample table completed]
[2025-05-24 02:32:49,025: INFO: stg_records_deletion_process: Deletion of ods_migrated records from stg_laboratory_test table completed]
[2025-05-24 02:32:50,665: INFO: stg_records_deletion_process: Deletion of ods_migrated records from stg_laboratory_result table completed]
[2025-05-24 02:39:09,283: INFO: stg_records_deletion_process: Deletion of ods_migrated records from stg_patient_person table completed]
[2025-05-24 02:39:09,302: INFO: stg_records_deletion_process: Deletion of ods_migrated records from stg_pmtct_anc table started]
[2025-05-24 02:39:09,303: INFO: stg_records_deletion_process: Deletion of ods_migrated records from stg_pmtct_enrollment table started]
[2025-05-24 02:39:09,304: INFO: stg_records_deletion_process: Deletion of ods_migrated records from stg_patient_visit table started]
[2025-05-24 02:39:09,305: INFO: stg_records_deletion_process: Deletion of ods_migrated records from stg_pmtct_delivery table started]
[2025-05-24 02:39:09,305: INFO: stg_records_deletion_process: Deletion of ods_migrated records from stg_pmtct_infant_arv table started]
[2025-05-24 02:39:13,363: INFO: stg_records_deletion_process: Deletion of ods_migrated records from stg_pmtct_delivery table completed]
[2025-05-24 02:39:13,369: INFO: stg_records_deletion_process: Deletion of ods_migrated records from stg_pmtct_enrollment table completed]
[2025-05-24 02:39:13,373: INFO: stg_records_deletion_process: Deletion of ods_migrated records from stg_pmtct_infant_arv table completed]
[2025-05-24 02:39:13,671: INFO: stg_records_deletion_process: Deletion of ods_migrated records from stg_pmtct_anc table completed]
[2025-05-24 02:43:15,239: INFO: stg_records_deletion_process: Deletion of ods_migrated records from stg_patient_visit table completed]
[2025-05-24 02:43:15,257: INFO: stg_records_deletion_process: Deletion of ods_migrated records from stg_pmtct_infant_information table started]
[2025-05-24 02:43:15,259: INFO: stg_records_deletion_process: Deletion of ods_migrated records from stg_pmtct_infant_mother_art table started]
[2025-05-24 02:43:15,263: INFO: stg_records_deletion_process: Deletion of ods_migrated records from stg_pmtct_infant_rapid_antibody table started]
[2025-05-24 02:43:15,264: INFO: stg_records_deletion_process: Deletion of ods_migrated records from stg_pmtct_infant_pcr table started]
[2025-05-24 02:43:15,264: INFO: stg_records_deletion_process: Deletion of ods_migrated records from stg_pmtct_infant_visit table started]
[2025-05-24 02:43:17,164: INFO: stg_records_deletion_process: Deletion of ods_migrated records from stg_pmtct_infant_information table completed]
[2025-05-24 02:43:17,188: INFO: stg_records_deletion_process: Deletion of ods_migrated records from stg_pmtct_infant_visit table completed]
[2025-05-24 02:43:17,188: INFO: stg_records_deletion_process: Deletion of ods_migrated records from stg_pmtct_infant_mother_art table completed]
[2025-05-24 02:43:17,305: INFO: stg_records_deletion_process: Deletion of ods_migrated records from stg_pmtct_infant_pcr table completed]
[2025-05-24 02:43:17,323: INFO: stg_records_deletion_process: Deletion of ods_migrated records from stg_pmtct_infant_rapid_antibody table completed]
[2025-05-24 02:43:17,338: INFO: stg_records_deletion_process: Deletion of ods_migrated records from stg_pmtct_mother_visitation table started]
[2025-05-24 02:43:17,343: INFO: stg_records_deletion_process: Deletion of ods_migrated records from stg_prep_enrollment table started]
[2025-05-24 02:43:17,346: INFO: stg_records_deletion_process: Deletion of ods_migrated records from stg_prep_clinic table started]
[2025-05-24 02:43:17,349: INFO: stg_records_deletion_process: Deletion of ods_migrated records from stg_prep_interruption table started]
[2025-05-24 02:43:17,352: INFO: stg_records_deletion_process: Deletion of ods_migrated records from stg_prep_eligibility table started]
[2025-05-24 02:43:19,051: INFO: stg_records_deletion_process: Deletion of ods_migrated records from stg_prep_interruption table completed]
[2025-05-24 02:43:19,384: INFO: stg_records_deletion_process: Deletion of ods_migrated records from stg_pmtct_mother_visitation table completed]
[2025-05-24 02:43:19,568: INFO: stg_records_deletion_process: Deletion of ods_migrated records from stg_prep_eligibility table completed]
[2025-05-24 02:43:19,858: INFO: stg_records_deletion_process: Deletion of ods_migrated records from stg_prep_clinic table completed]
[2025-05-24 02:43:21,036: INFO: stg_records_deletion_process: Deletion of ods_migrated records from stg_prep_enrollment table completed]
[2025-05-24 02:43:21,056: INFO: stg_records_deletion_process: Deletion of ods_migrated records from stg_triage_vital_sign table started]
[2025-05-24 02:43:53,452: INFO: stg_records_deletion_process: Deletion of ods_migrated records from stg_triage_vital_sign table completed]
[2025-05-24 02:43:53,482: INFO: stg_records_deletion_process: Deletion of records with Y processed status on stg_monitoring table completed]
2025-05-24 02:43:54: Pipeline completed successfully.
2025-05-25 02:00:01: Starting the pipeline...
[2025-05-25 02:00:01,722: INFO: stg_records_deletion_process: DPID_20250525_02_00]
[2025-05-25 02:00:01,723: INFO: stg_records_deletion_process: Job Started]
[2025-05-25 02:00:01,723: INFO: stg_records_deletion_process: Deletion of records with Y processed status on stg_monitoring table started]
[2025-05-25 02:00:01,743: INFO: stg_records_deletion_process: Deletion of ods_migrated records from stg_case_manager table started]
[2025-05-25 02:00:01,744: INFO: stg_records_deletion_process: Deletion of ods_migrated records from stg_base_organisation_unit table started]
[2025-05-25 02:00:01,744: INFO: stg_records_deletion_process: Deletion of ods_migrated records from stg_biometric table started]
[2025-05-25 02:00:01,745: INFO: stg_records_deletion_process: Deletion of ods_migrated records from stg_base_application_codeset table started]
[2025-05-25 02:00:01,745: INFO: stg_records_deletion_process: Deletion of ods_migrated records from stg_base_organisation_unit_identifier table started]
[2025-05-25 02:00:02,411: INFO: stg_records_deletion_process: Deletion of ods_migrated records from stg_base_organisation_unit_identifier table completed]
[2025-05-25 02:00:03,763: INFO: stg_records_deletion_process: Deletion of ods_migrated records from stg_case_manager table completed]
[2025-05-25 02:00:04,683: INFO: stg_records_deletion_process: Deletion of ods_migrated records from stg_base_organisation_unit table completed]
[2025-05-25 02:00:05,251: INFO: stg_records_deletion_process: Deletion of ods_migrated records from stg_base_application_codeset table completed]
[2025-05-25 02:02:01,022: INFO: stg_records_deletion_process: Deletion of ods_migrated records from stg_biometric table completed]
[2025-05-25 02:02:01,044: INFO: stg_records_deletion_process: Deletion of ods_migrated records from stg_case_manager_patients table started]
[2025-05-25 02:02:01,045: INFO: stg_records_deletion_process: Deletion of ods_migrated records from stg_hiv_art_clinical table started]
[2025-05-25 02:02:01,046: INFO: stg_records_deletion_process: Deletion of ods_migrated records from stg_hiv_art_pharmacy table started]
[2025-05-25 02:02:01,047: INFO: stg_records_deletion_process: Deletion of ods_migrated records from stg_dsd_devolvement table started]
[2025-05-25 02:02:01,048: INFO: stg_records_deletion_process: Deletion of ods_migrated records from stg_hiv_art_pharmacy_regimens table started]
[2025-05-25 02:02:03,639: INFO: stg_records_deletion_process: Deletion of ods_migrated records from stg_case_manager_patients table completed]
[2025-05-25 02:02:22,279: INFO: stg_records_deletion_process: Deletion of ods_migrated records from stg_dsd_devolvement table completed]
[2025-05-25 02:02:36,860: INFO: stg_records_deletion_process: Deletion of ods_migrated records from stg_hiv_art_pharmacy table completed]
[2025-05-25 02:05:05,036: INFO: stg_records_deletion_process: Deletion of ods_migrated records from stg_hiv_art_pharmacy_regimens table completed]
[2025-05-25 02:10:44,725: INFO: stg_records_deletion_process: Deletion of ods_migrated records from stg_hiv_art_clinical table completed]
[2025-05-25 02:10:44,751: INFO: stg_records_deletion_process: Deletion of ods_migrated records from stg_hiv_enrollment table started]
[2025-05-25 02:10:44,752: INFO: stg_records_deletion_process: Deletion of ods_migrated records from stg_hiv_observation table started]
[2025-05-25 02:10:44,753: INFO: stg_records_deletion_process: Deletion of ods_migrated records from stg_hiv_eac table started]
[2025-05-25 02:10:44,754: INFO: stg_records_deletion_process: Deletion of ods_migrated records from stg_hiv_eac_session table started]
[2025-05-25 02:10:44,754: INFO: stg_records_deletion_process: Deletion of ods_migrated records from stg_hiv_eac_out_come table started]
[2025-05-25 02:10:48,711: INFO: stg_records_deletion_process: Deletion of ods_migrated records from stg_hiv_eac_out_come table completed]
[2025-05-25 02:10:49,173: INFO: stg_records_deletion_process: Deletion of ods_migrated records from stg_hiv_eac table completed]
[2025-05-25 02:10:49,203: INFO: stg_records_deletion_process: Deletion of ods_migrated records from stg_hiv_eac_session table completed]
[2025-05-25 02:11:10,334: INFO: stg_records_deletion_process: Deletion of ods_migrated records from stg_hiv_enrollment table completed]
[2025-05-25 02:14:58,160: INFO: stg_records_deletion_process: Deletion of ods_migrated records from stg_hiv_observation table completed]
[2025-05-25 02:14:58,186: INFO: stg_records_deletion_process: Deletion of ods_migrated records from stg_hiv_regimen table started]
[2025-05-25 02:14:58,187: INFO: stg_records_deletion_process: Deletion of ods_migrated records from stg_hts_client table started]
[2025-05-25 02:14:58,188: INFO: stg_records_deletion_process: Deletion of ods_migrated records from stg_hiv_regimen_resolver table started]
[2025-05-25 02:14:58,189: INFO: stg_records_deletion_process: Deletion of ods_migrated records from stg_hiv_regimen_type table started]
[2025-05-25 02:14:58,190: INFO: stg_records_deletion_process: Deletion of ods_migrated records from stg_hiv_status_tracker table started]
[2025-05-25 02:15:01,906: INFO: stg_records_deletion_process: Deletion of ods_migrated records from stg_hiv_regimen_type table completed]
[2025-05-25 02:15:01,928: INFO: stg_records_deletion_process: Deletion of ods_migrated records from stg_hiv_regimen table completed]
[2025-05-25 02:15:02,157: INFO: stg_records_deletion_process: Deletion of ods_migrated records from stg_hiv_regimen_resolver table completed]
[2025-05-25 02:19:47,394: INFO: stg_records_deletion_process: Deletion of ods_migrated records from stg_hiv_status_tracker table completed]
[2025-05-25 02:24:00,745: INFO: stg_records_deletion_process: Deletion of ods_migrated records from stg_hts_client table completed]
[2025-05-25 02:24:00,768: INFO: stg_records_deletion_process: Deletion of ods_migrated records from stg_laboratory_labtest table started]
[2025-05-25 02:24:00,769: INFO: stg_records_deletion_process: Deletion of ods_migrated records from stg_hts_risk_stratification table started]
[2025-05-25 02:24:00,770: INFO: stg_records_deletion_process: Deletion of ods_migrated records from stg_hts_index_elicitation table started]
[2025-05-25 02:24:00,770: INFO: stg_records_deletion_process: Deletion of ods_migrated records from stg_hts_client_referral table started]
[2025-05-25 02:24:00,772: INFO: stg_records_deletion_process: Deletion of ods_migrated records from stg_laboratory_order table started]
[2025-05-25 02:24:03,180: INFO: stg_records_deletion_process: Deletion of ods_migrated records from stg_hts_client_referral table completed]
[2025-05-25 02:24:03,191: INFO: stg_records_deletion_process: Deletion of ods_migrated records from stg_hts_index_elicitation table completed]
[2025-05-25 02:24:03,330: INFO: stg_records_deletion_process: Deletion of ods_migrated records from stg_laboratory_labtest table completed]
[2025-05-25 02:24:05,802: INFO: stg_records_deletion_process: Deletion of ods_migrated records from stg_laboratory_order table completed]
[2025-05-25 02:24:21,740: INFO: stg_records_deletion_process: Deletion of ods_migrated records from stg_hts_risk_stratification table completed]
[2025-05-25 02:24:21,762: INFO: stg_records_deletion_process: Deletion of ods_migrated records from stg_laboratory_result table started]
[2025-05-25 02:24:21,764: INFO: stg_records_deletion_process: Deletion of ods_migrated records from stg_laboratory_sample table started]
[2025-05-25 02:24:21,765: INFO: stg_records_deletion_process: Deletion of ods_migrated records from stg_patient_encounter table started]
[2025-05-25 02:24:21,768: INFO: stg_records_deletion_process: Deletion of ods_migrated records from stg_laboratory_test table started]
[2025-05-25 02:24:21,769: INFO: stg_records_deletion_process: Deletion of ods_migrated records from stg_patient_person table started]
[2025-05-25 02:24:32,374: INFO: stg_records_deletion_process: Deletion of ods_migrated records from stg_patient_encounter table completed]
[2025-05-25 02:24:33,359: INFO: stg_records_deletion_process: Deletion of ods_migrated records from stg_laboratory_result table completed]
[2025-05-25 02:24:33,897: INFO: stg_records_deletion_process: Deletion of ods_migrated records from stg_laboratory_sample table completed]
[2025-05-25 02:24:33,948: INFO: stg_records_deletion_process: Deletion of ods_migrated records from stg_laboratory_test table completed]
[2025-05-25 02:24:53,956: INFO: stg_records_deletion_process: Deletion of ods_migrated records from stg_patient_person table completed]
[2025-05-25 02:24:53,976: INFO: stg_records_deletion_process: Deletion of ods_migrated records from stg_patient_visit table started]
[2025-05-25 02:24:53,977: INFO: stg_records_deletion_process: Deletion of ods_migrated records from stg_pmtct_infant_arv table started]
[2025-05-25 02:24:53,978: INFO: stg_records_deletion_process: Deletion of ods_migrated records from stg_pmtct_enrollment table started]
[2025-05-25 02:24:53,982: INFO: stg_records_deletion_process: Deletion of ods_migrated records from stg_pmtct_delivery table started]
[2025-05-25 02:24:53,983: INFO: stg_records_deletion_process: Deletion of ods_migrated records from stg_pmtct_anc table started]
[2025-05-25 02:24:55,593: INFO: stg_records_deletion_process: Deletion of ods_migrated records from stg_pmtct_infant_arv table completed]
[2025-05-25 02:24:55,706: INFO: stg_records_deletion_process: Deletion of ods_migrated records from stg_pmtct_delivery table completed]
[2025-05-25 02:24:55,757: INFO: stg_records_deletion_process: Deletion of ods_migrated records from stg_pmtct_enrollment table completed]
[2025-05-25 02:24:55,972: INFO: stg_records_deletion_process: Deletion of ods_migrated records from stg_pmtct_anc table completed]
[2025-05-25 02:25:17,336: INFO: stg_records_deletion_process: Deletion of ods_migrated records from stg_patient_visit table completed]
[2025-05-25 02:25:17,360: INFO: stg_records_deletion_process: Deletion of ods_migrated records from stg_pmtct_infant_visit table started]
[2025-05-25 02:25:17,361: INFO: stg_records_deletion_process: Deletion of ods_migrated records from stg_pmtct_infant_information table started]
[2025-05-25 02:25:17,362: INFO: stg_records_deletion_process: Deletion of ods_migrated records from stg_pmtct_infant_pcr table started]
[2025-05-25 02:25:17,363: INFO: stg_records_deletion_process: Deletion of ods_migrated records from stg_pmtct_infant_mother_art table started]
[2025-05-25 02:25:17,364: INFO: stg_records_deletion_process: Deletion of ods_migrated records from stg_pmtct_infant_rapid_antibody table started]
[2025-05-25 02:25:19,028: INFO: stg_records_deletion_process: Deletion of ods_migrated records from stg_pmtct_infant_mother_art table completed]
[2025-05-25 02:25:19,100: INFO: stg_records_deletion_process: Deletion of ods_migrated records from stg_pmtct_infant_pcr table completed]
[2025-05-25 02:25:19,102: INFO: stg_records_deletion_process: Deletion of ods_migrated records from stg_pmtct_infant_rapid_antibody table completed]
[2025-05-25 02:25:19,127: INFO: stg_records_deletion_process: Deletion of ods_migrated records from stg_pmtct_infant_visit table completed]
[2025-05-25 02:25:19,190: INFO: stg_records_deletion_process: Deletion of ods_migrated records from stg_pmtct_infant_information table completed]
[2025-05-25 02:25:19,213: INFO: stg_records_deletion_process: Deletion of ods_migrated records from stg_pmtct_mother_visitation table started]
[2025-05-25 02:25:19,214: INFO: stg_records_deletion_process: Deletion of ods_migrated records from stg_prep_clinic table started]
[2025-05-25 02:25:19,218: INFO: stg_records_deletion_process: Deletion of ods_migrated records from stg_prep_enrollment table started]
[2025-05-25 02:25:19,219: INFO: stg_records_deletion_process: Deletion of ods_migrated records from stg_prep_eligibility table started]
[2025-05-25 02:25:19,219: INFO: stg_records_deletion_process: Deletion of ods_migrated records from stg_prep_interruption table started]
[2025-05-25 02:25:20,815: INFO: stg_records_deletion_process: Deletion of ods_migrated records from stg_pmtct_mother_visitation table completed]
[2025-05-25 02:25:20,907: INFO: stg_records_deletion_process: Deletion of ods_migrated records from stg_prep_interruption table completed]
[2025-05-25 02:25:20,938: INFO: stg_records_deletion_process: Deletion of ods_migrated records from stg_prep_eligibility table completed]
[2025-05-25 02:25:21,037: INFO: stg_records_deletion_process: Deletion of ods_migrated records from stg_prep_clinic table completed]
[2025-05-25 02:25:21,394: INFO: stg_records_deletion_process: Deletion of ods_migrated records from stg_prep_enrollment table completed]
[2025-05-25 02:25:21,413: INFO: stg_records_deletion_process: Deletion of ods_migrated records from stg_triage_vital_sign table started]
[2025-05-25 02:25:41,516: INFO: stg_records_deletion_process: Deletion of ods_migrated records from stg_triage_vital_sign table completed]
[2025-05-25 02:25:41,544: INFO: stg_records_deletion_process: Deletion of records with Y processed status on stg_monitoring table completed]
2025-05-25 02:25:42: Pipeline completed successfully.
2025-05-26 02:00:01: Starting the pipeline...
[2025-05-26 02:00:02,105: INFO: stg_records_deletion_process: DPID_20250526_02_00]
[2025-05-26 02:00:02,106: INFO: stg_records_deletion_process: Job Started]
[2025-05-26 02:00:02,106: INFO: stg_records_deletion_process: Deletion of records with Y processed status on stg_monitoring table started]
[2025-05-26 02:00:02,122: INFO: stg_records_deletion_process: Deletion of ods_migrated records from stg_biometric table started]
[2025-05-26 02:00:02,124: INFO: stg_records_deletion_process: Deletion of ods_migrated records from stg_base_application_codeset table started]
[2025-05-26 02:00:02,126: INFO: stg_records_deletion_process: Deletion of ods_migrated records from stg_case_manager table started]
[2025-05-26 02:00:02,128: INFO: stg_records_deletion_process: Deletion of ods_migrated records from stg_base_organisation_unit table started]
[2025-05-26 02:00:02,129: INFO: stg_records_deletion_process: Deletion of ods_migrated records from stg_base_organisation_unit_identifier table started]
[2025-05-26 02:00:02,976: INFO: stg_records_deletion_process: Deletion of ods_migrated records from stg_base_organisation_unit_identifier table completed]
[2025-05-26 02:00:03,692: INFO: stg_records_deletion_process: Deletion of ods_migrated records from stg_biometric table completed]
[2025-05-26 02:00:03,777: INFO: stg_records_deletion_process: Deletion of ods_migrated records from stg_case_manager table completed]
[2025-05-26 02:00:04,291: INFO: stg_records_deletion_process: Deletion of ods_migrated records from stg_base_organisation_unit table completed]
[2025-05-26 02:00:04,476: INFO: stg_records_deletion_process: Deletion of ods_migrated records from stg_base_application_codeset table completed]
[2025-05-26 02:00:04,501: INFO: stg_records_deletion_process: Deletion of ods_migrated records from stg_case_manager_patients table started]
[2025-05-26 02:00:04,502: INFO: stg_records_deletion_process: Deletion of ods_migrated records from stg_dsd_devolvement table started]
[2025-05-26 02:00:04,502: INFO: stg_records_deletion_process: Deletion of ods_migrated records from stg_hiv_art_pharmacy_regimens table started]
[2025-05-26 02:00:04,503: INFO: stg_records_deletion_process: Deletion of ods_migrated records from stg_hiv_art_pharmacy table started]
[2025-05-26 02:00:04,504: INFO: stg_records_deletion_process: Deletion of ods_migrated records from stg_hiv_art_clinical table started]
[2025-05-26 02:00:06,456: INFO: stg_records_deletion_process: Deletion of ods_migrated records from stg_case_manager_patients table completed]
[2025-05-26 02:00:06,482: INFO: stg_records_deletion_process: Deletion of ods_migrated records from stg_dsd_devolvement table completed]
[2025-05-26 02:00:06,601: INFO: stg_records_deletion_process: Deletion of ods_migrated records from stg_hiv_art_pharmacy table completed]
[2025-05-26 02:02:43,238: INFO: stg_records_deletion_process: Deletion of ods_migrated records from stg_hiv_art_pharmacy_regimens table completed]
[2025-05-26 02:08:06,092: INFO: stg_records_deletion_process: Deletion of ods_migrated records from stg_hiv_art_clinical table completed]
[2025-05-26 02:08:06,115: INFO: stg_records_deletion_process: Deletion of ods_migrated records from stg_hiv_enrollment table started]
[2025-05-26 02:08:06,115: INFO: stg_records_deletion_process: Deletion of ods_migrated records from stg_hiv_eac_out_come table started]
[2025-05-26 02:08:06,116: INFO: stg_records_deletion_process: Deletion of ods_migrated records from stg_hiv_eac table started]
[2025-05-26 02:08:06,120: INFO: stg_records_deletion_process: Deletion of ods_migrated records from stg_hiv_observation table started]
[2025-05-26 02:08:06,121: INFO: stg_records_deletion_process: Deletion of ods_migrated records from stg_hiv_eac_session table started]
[2025-05-26 02:08:07,753: INFO: stg_records_deletion_process: Deletion of ods_migrated records from stg_hiv_eac_out_come table completed]
[2025-05-26 02:08:07,923: INFO: stg_records_deletion_process: Deletion of ods_migrated records from stg_hiv_eac table completed]
[2025-05-26 02:08:07,953: INFO: stg_records_deletion_process: Deletion of ods_migrated records from stg_hiv_eac_session table completed]
[2025-05-26 02:08:26,951: INFO: stg_records_deletion_process: Deletion of ods_migrated records from stg_hiv_enrollment table completed]
[2025-05-26 02:11:42,521: INFO: stg_records_deletion_process: Deletion of ods_migrated records from stg_hiv_observation table completed]
[2025-05-26 02:11:42,540: INFO: stg_records_deletion_process: Deletion of ods_migrated records from stg_hiv_regimen_type table started]
[2025-05-26 02:11:42,545: INFO: stg_records_deletion_process: Deletion of ods_migrated records from stg_hiv_regimen_resolver table started]
[2025-05-26 02:11:42,546: INFO: stg_records_deletion_process: Deletion of ods_migrated records from stg_hiv_regimen table started]
[2025-05-26 02:11:42,547: INFO: stg_records_deletion_process: Deletion of ods_migrated records from stg_hiv_status_tracker table started]
[2025-05-26 02:11:42,548: INFO: stg_records_deletion_process: Deletion of ods_migrated records from stg_hts_client table started]
[2025-05-26 02:11:44,189: INFO: stg_records_deletion_process: Deletion of ods_migrated records from stg_hiv_regimen_type table completed]
[2025-05-26 02:11:44,368: INFO: stg_records_deletion_process: Deletion of ods_migrated records from stg_hiv_regimen table completed]
[2025-05-26 02:11:44,453: INFO: stg_records_deletion_process: Deletion of ods_migrated records from stg_hiv_regimen_resolver table completed]
[2025-05-26 02:16:11,520: INFO: stg_records_deletion_process: Deletion of ods_migrated records from stg_hiv_status_tracker table completed]
[2025-05-26 02:19:29,814: INFO: stg_records_deletion_process: Deletion of ods_migrated records from stg_hts_client table completed]
[2025-05-26 02:19:29,834: INFO: stg_records_deletion_process: Deletion of ods_migrated records from stg_laboratory_labtest table started]
[2025-05-26 02:19:29,839: INFO: stg_records_deletion_process: Deletion of ods_migrated records from stg_hts_client_referral table started]
[2025-05-26 02:19:29,840: INFO: stg_records_deletion_process: Deletion of ods_migrated records from stg_hts_risk_stratification table started]
[2025-05-26 02:19:29,844: INFO: stg_records_deletion_process: Deletion of ods_migrated records from stg_hts_index_elicitation table started]
[2025-05-26 02:19:29,845: INFO: stg_records_deletion_process: Deletion of ods_migrated records from stg_laboratory_order table started]
[2025-05-26 02:19:31,387: INFO: stg_records_deletion_process: Deletion of ods_migrated records from stg_hts_index_elicitation table completed]
[2025-05-26 02:19:31,441: INFO: stg_records_deletion_process: Deletion of ods_migrated records from stg_hts_client_referral table completed]
[2025-05-26 02:19:31,482: INFO: stg_records_deletion_process: Deletion of ods_migrated records from stg_laboratory_labtest table completed]
[2025-05-26 02:19:31,539: INFO: stg_records_deletion_process: Deletion of ods_migrated records from stg_laboratory_order table completed]
[2025-05-26 02:19:31,608: INFO: stg_records_deletion_process: Deletion of ods_migrated records from stg_hts_risk_stratification table completed]
[2025-05-26 02:19:31,630: INFO: stg_records_deletion_process: Deletion of ods_migrated records from stg_laboratory_sample table started]
[2025-05-26 02:19:31,633: INFO: stg_records_deletion_process: Deletion of ods_migrated records from stg_laboratory_result table started]
[2025-05-26 02:19:31,634: INFO: stg_records_deletion_process: Deletion of ods_migrated records from stg_laboratory_test table started]
[2025-05-26 02:19:31,634: INFO: stg_records_deletion_process: Deletion of ods_migrated records from stg_patient_encounter table started]
[2025-05-26 02:19:31,635: INFO: stg_records_deletion_process: Deletion of ods_migrated records from stg_patient_person table started]
[2025-05-26 02:19:33,274: INFO: stg_records_deletion_process: Deletion of ods_migrated records from stg_patient_encounter table completed]
[2025-05-26 02:19:33,301: INFO: stg_records_deletion_process: Deletion of ods_migrated records from stg_laboratory_sample table completed]
[2025-05-26 02:19:33,301: INFO: stg_records_deletion_process: Deletion of ods_migrated records from stg_laboratory_result table completed]
[2025-05-26 02:19:33,319: INFO: stg_records_deletion_process: Deletion of ods_migrated records from stg_laboratory_test table completed]
[2025-05-26 02:19:33,428: INFO: stg_records_deletion_process: Deletion of ods_migrated records from stg_patient_person table completed]
[2025-05-26 02:19:33,453: INFO: stg_records_deletion_process: Deletion of ods_migrated records from stg_pmtct_infant_arv table started]
[2025-05-26 02:19:33,454: INFO: stg_records_deletion_process: Deletion of ods_migrated records from stg_pmtct_enrollment table started]
[2025-05-26 02:19:33,454: INFO: stg_records_deletion_process: Deletion of ods_migrated records from stg_patient_visit table started]
[2025-05-26 02:19:33,455: INFO: stg_records_deletion_process: Deletion of ods_migrated records from stg_pmtct_anc table started]
[2025-05-26 02:19:33,456: INFO: stg_records_deletion_process: Deletion of ods_migrated records from stg_pmtct_delivery table started]
[2025-05-26 02:19:35,032: INFO: stg_records_deletion_process: Deletion of ods_migrated records from stg_pmtct_infant_arv table completed]
[2025-05-26 02:19:35,058: INFO: stg_records_deletion_process: Deletion of ods_migrated records from stg_pmtct_enrollment table completed]
[2025-05-26 02:19:35,061: INFO: stg_records_deletion_process: Deletion of ods_migrated records from stg_pmtct_delivery table completed]
[2025-05-26 02:19:35,110: INFO: stg_records_deletion_process: Deletion of ods_migrated records from stg_pmtct_anc table completed]
[2025-05-26 02:19:35,267: INFO: stg_records_deletion_process: Deletion of ods_migrated records from stg_patient_visit table completed]
[2025-05-26 02:19:35,287: INFO: stg_records_deletion_process: Deletion of ods_migrated records from stg_pmtct_infant_rapid_antibody table started]
[2025-05-26 02:19:35,290: INFO: stg_records_deletion_process: Deletion of ods_migrated records from stg_pmtct_infant_mother_art table started]
[2025-05-26 02:19:35,293: INFO: stg_records_deletion_process: Deletion of ods_migrated records from stg_pmtct_infant_information table started]
[2025-05-26 02:19:35,294: INFO: stg_records_deletion_process: Deletion of ods_migrated records from stg_pmtct_infant_pcr table started]
[2025-05-26 02:19:35,294: INFO: stg_records_deletion_process: Deletion of ods_migrated records from stg_pmtct_infant_visit table started]
[2025-05-26 02:19:36,792: INFO: stg_records_deletion_process: Deletion of ods_migrated records from stg_pmtct_infant_information table completed]
[2025-05-26 02:19:36,815: INFO: stg_records_deletion_process: Deletion of ods_migrated records from stg_pmtct_infant_mother_art table completed]
[2025-05-26 02:19:36,816: INFO: stg_records_deletion_process: Deletion of ods_migrated records from stg_pmtct_infant_visit table completed]
[2025-05-26 02:19:36,836: INFO: stg_records_deletion_process: Deletion of ods_migrated records from stg_pmtct_infant_rapid_antibody table completed]
[2025-05-26 02:19:36,895: INFO: stg_records_deletion_process: Deletion of ods_migrated records from stg_pmtct_infant_pcr table completed]
[2025-05-26 02:19:36,918: INFO: stg_records_deletion_process: Deletion of ods_migrated records from stg_prep_clinic table started]
[2025-05-26 02:19:36,921: INFO: stg_records_deletion_process: Deletion of ods_migrated records from stg_pmtct_mother_visitation table started]
[2025-05-26 02:19:36,925: INFO: stg_records_deletion_process: Deletion of ods_migrated records from stg_prep_interruption table started]
[2025-05-26 02:19:36,927: INFO: stg_records_deletion_process: Deletion of ods_migrated records from stg_prep_enrollment table started]
[2025-05-26 02:19:36,927: INFO: stg_records_deletion_process: Deletion of ods_migrated records from stg_prep_eligibility table started]
[2025-05-26 02:19:38,470: INFO: stg_records_deletion_process: Deletion of ods_migrated records from stg_pmtct_mother_visitation table completed]
[2025-05-26 02:19:38,525: INFO: stg_records_deletion_process: Deletion of ods_migrated records from stg_prep_interruption table completed]
[2025-05-26 02:19:38,619: INFO: stg_records_deletion_process: Deletion of ods_migrated records from stg_prep_clinic table completed]
[2025-05-26 02:19:38,638: INFO: stg_records_deletion_process: Deletion of ods_migrated records from stg_prep_enrollment table completed]
[2025-05-26 02:19:38,684: INFO: stg_records_deletion_process: Deletion of ods_migrated records from stg_prep_eligibility table completed]
[2025-05-26 02:19:38,708: INFO: stg_records_deletion_process: Deletion of ods_migrated records from stg_triage_vital_sign table started]
[2025-05-26 02:19:40,400: INFO: stg_records_deletion_process: Deletion of ods_migrated records from stg_triage_vital_sign table completed]
[2025-05-26 02:19:40,401: INFO: stg_records_deletion_process: Deletion of records with Y processed status on stg_monitoring table completed]
2025-05-26 02:19:40: Pipeline completed successfully.
